ticker,flag,evidence,harmful,note
AA,a_prices_before_first_filing,Yahoo from 2014-06-02; CIK 0001675149 first 10-Q/10-K 2016-12-01,yes,"Alcoa Corp was SPUN from Alcoa Inc 2016-11-01. Yahoo AA before that date is Alcoa Inc (now Howmet), scaled by the spin factor 1.248, including Alcoa Inc's 1:3 reverse split 2016-10-06. Two companies mixed; it contaminates price warm-up (SMA200, 52-wk, ret_252, VCP 400 bars) until about Nov 2017. Fix: cut AA history before 2016-11-01."
AAMI,a_prices_before_first_filing,Yahoo from 2014-10-09; CIK 0001748824 first 10-Q/10-K 2019-08-09,no,US redomicile 2019 (new CIK). Same business; pre-2019 fundamentals missing (conservative).
ADEA,a_prices_before_first_filing,Yahoo from 2014-06-02; CIK 0001803696 first 10-Q/10-K 2020-08-10,no,Xperi/TiVo holdco 2020 (new CIK); Xperi accounting acquirer = price lineage. Pre-2020 fundamentals missing (conservative).
ASH,a_prices_before_first_filing,Yahoo from 2014-06-02; CIK 0001674862 first 10-Q/10-K 2016-11-21,no,"Holdco reorg 2016 (new CIK). Prices continuous, same business; pre-2016 fundamentals missing -> screens cannot pass (conservative)."
CERT,a_prices_before_first_filing,Yahoo from 2020-12-11; CIK 0001827090 first 10-Q/10-K 2021-03-15,no,IPO timing lag. Same company.
CRGY,a_prices_before_first_filing,Yahoo from 2021-12-08; CIK 0001866175 first 10-Q/10-K 2022-03-10,no,Listing 2021-12; first 10-K 2022-03. Same company.
DINO,a_prices_before_first_filing,Yahoo from 2014-06-02; CIK 0001915657 first 10-Q/10-K 2022-05-09,no,HF Sinclair holdco 2022 (new CIK). Prices = HollyFrontier (continuous). ALL 2017-2021 fundamentals missing -> never eligible in validation. Coverage gap (conservative); chain predecessor CIK 48039 to fix.
DXC,a_prices_before_first_filing,Yahoo from 2014-06-02; CIK 0001688568 first 10-Q/10-K 2017-03-31,no,DXC 2017 (new CIK). Yahoo pre-2017 = CSC (accounting acquirer; holders got DXC 1:1). Pre-2017 fundamentals missing (conservative).
FTI,a_prices_before_first_filing,Yahoo from 2014-06-02; CIK 0001681459 first 10-Q/10-K 2017-01-13,no,TechnipFMC 2017 (new CIK). Yahoo pre-2017 = FMC Technologies (accounting acquirer; holders got FTI 1:1). Pre-2017 fundamentals missing (conservative).
FUN,a_prices_before_first_filing,Yahoo from 2014-06-02; CIK 0001999001 first 10-Q/10-K 2024-08-08,no,Six Flags/Cedar Fair holdco 2024 (new CIK). Prices = Cedar Fair units. No fundamentals before 2024 (validation AND most of dev): coverage gap.
HLI,a_prices_before_first_filing,Yahoo from 2015-08-13; CIK 0001302215 first 10-Q/10-K 2015-11-13,no,IPO 2015-08; first 10-Q 92 days later. Same company.
HLNE,a_prices_before_first_filing,Yahoo from 2017-03-01; CIK 0001433642 first 10-Q/10-K 2017-06-27,no,IPO timing lag. Same company.
ICHR,a_prices_before_first_filing,Yahoo from 2016-12-09; CIK 0001652535 first 10-Q/10-K 2017-03-28,no,IPO timing lag. Same company.
IIPR,a_prices_before_first_filing,Yahoo from 2016-12-01; CIK 0001677576 first 10-Q/10-K 2017-03-23,no,IPO timing lag. Same company.
INDV,a_prices_before_first_filing,Yahoo from 2014-12-29; CIK 0001625297 first 10-Q/10-K 2024-03-06,no,SEC domestic filer only from 2024; earlier prices are the thin US line. No fundamentals 2014-2023 -> never eligible.
LQDA,a_prices_before_first_filing,Yahoo from 2018-07-26; CIK 0001819576 first 10-Q/10-K 2021-03-25,no,New holdco 2020 (RareGen merger). Price lineage = Liquidia; pre-2020 fundamentals missing (conservative).
NE,a_prices_before_first_filing,Yahoo from 2021-06-09; CIK 0001895262 first 10-Q/10-K 2022-11-03,no,Noble Corp plc 2022 (new CIK); prices from 2021-06 emergence. 2021 fundamentals missing (conservative).
NWE,a_prices_before_first_filing,Yahoo from 2014-06-02; CIK 0001993004 first 10-Q/10-K 2023-10-27,no,"NorthWestern holdco 2023 (new CIK). All validation-window fundamentals missing (coverage gap), and dev 2022-2023 too."
NWN,a_prices_before_first_filing,Yahoo from 2014-06-02; CIK 0001733998 first 10-Q/10-K 2018-11-06,no,"Holdco reorg 2018 (8-K12B, new CIK). Same business; pre-2018 fundamentals missing (conservative)."
OSW,a_prices_before_first_filing,Yahoo from 2017-11-17; CIK 0001758488 first 10-Q/10-K 2019-05-06,no,Yahoo history 2017-11..2019-03 is the Haymaker SPAC shell (~$10 flat) under the new OneSpaWorld CIK (fundamentals from 2019). Flat shell prices can't trigger entries; low risk. Optional: cut before 2019-03-20.
OVV,a_prices_before_first_filing,Yahoo from 2014-06-02; CIK 0001792580 first 10-Q/10-K 2020-02-21,no,"Encana -> Ovintiv 2020 (new CIK, 1:5 consolidation encoded by Yahoo). Pre-2020 fundamentals missing (conservative)."
OZK,a_prices_before_first_filing,Yahoo from 2014-06-02; CIK 0001569650 first 10-Q/10-K nan,no,"Bank files periodic reports with its bank regulator, not EDGAR (no 10-Q/10-K). No fundamentals -> never eligible. Its 2014-06 2:1 split is also missing from known_splits."
PAYO,a_prices_before_first_filing,Yahoo from 2020-10-16; CIK 0001845815 first 10-Q/10-K 2021-08-11,no,"SPAC shell prices 2020-10..2021-06 under new CIK. Low risk (flat ~$10, no fundamentals)."
PFBC,a_prices_before_first_filing,Yahoo from 2014-06-02; CIK 0001492165 first 10-Q/10-K nan,no,"Bank files with its regulator, not EDGAR. No fundamentals -> never eligible."
PNFP,a_prices_before_first_filing,Yahoo from 2014-06-02; CIK 0002082866 first 10-Q/10-K 2026-03-02,no,Pinnacle new holdco CIK 2025/26 (Synovus merger). No fundamentals before 2026: never eligible in either window. Coverage gap.
PPLI,a_prices_before_first_filing,Yahoo from 2014-06-02; CIK 0001800227 first 10-Q/10-K 2020-06-03,yes,"New IAC was SPUN 2020-07-01. Yahoo PPLI before that is old IAC (now Match Group lineage), scaled by 3.054. The same pre-2020 path also sits under MTCH. Contaminates price signals 2020-07..2021-06 (validation window). Fix: cut PPLI history before 2020-07-01."
PRG,a_prices_before_first_filing,Yahoo from 2014-06-02; CIK 0001808834 first 10-Q/10-K 2020-10-29,no,Aaron's holdco 2020 (new CIK) then spin 2020-12. PRG = continuing parent. Pre-2020 fundamentals missing (conservative). See c rows for the 2021-04-06 bad print.
QDEL,a_prices_before_first_filing,Yahoo from 2014-06-02; CIK 0001906324 first 10-Q/10-K 2022-08-05,no,QuidelOrtho holdco 2022 (new CIK). Prices = Quidel. ALL validation-window fundamentals missing -> never eligible (a 2020 winner the EW basket keeps). Coverage gap; chain predecessor CIK.
ROIV,a_prices_before_first_filing,Yahoo from 2020-12-08; CIK 0001635088 first 10-Q/10-K 2021-09-21,no,SPAC shell prices 2020-12..2021-09 under Roivant CIK (Roivant 10-Qs from 2021-09). Low risk.
SHC,a_prices_before_first_filing,Yahoo from 2020-11-20; CIK 0001822479 first 10-Q/10-K 2021-03-09,no,IPO timing lag. Same company.
SITM,a_prices_before_first_filing,Yahoo from 2019-11-20; CIK 0001451809 first 10-Q/10-K 2020-03-02,no,IPO timing lag. Same company.
SWX,a_prices_before_first_filing,Yahoo from 2014-06-02; CIK 0001692115 first 10-Q/10-K 2017-02-28,no,"Holdco reorg 2017 (8-K12B, new CIK). Same business; pre-2017 fundamentals missing (conservative)."
TALO,a_prices_before_first_filing,Yahoo from 2018-05-10; CIK 0001724965 first 10-Q/10-K 2018-08-09,no,Listed 2018-05 (Stone merger); first 10-Q 91 days later.
UNIT,a_prices_before_first_filing,Yahoo from 2015-04-20; CIK 0002020795 first 10-Q/10-K 2025-03-24,no,Uniti new CIK 2024 (Windstream merger). No fundamentals before 2024: coverage gap in validation and dev.
VNOM,a_prices_before_first_filing,Yahoo from 2014-06-18; CIK 0002074176 first 10-Q/10-K 2025-11-05,no,Viper new holdco CIK 2025. No fundamentals before 2025: never eligible in validation and dev 2022-2025. Coverage gap.
HLX,a_prices_before_first_filing,No CIK in the current SEC ticker map; Yahoo HLX history now starts 2026-07-17 (re-download returned only the new line),no,Absent from validation (no prices/fundamentals). Also lost 2022-2026 history for dev; check the dev bundle.
LEG,a_prices_before_first_filing,No CIK in the current SEC ticker map (delisted 2026); prices 2014-2026-08 exist,no,cik_for() returns None -> no fundamentals -> never eligible. Coverage gap; old CIK 58492 could be pinned.
DAVE,b_spac_lineage_cik,"former name 'VPC Impact Acquisition Holdings III, Inc.' (2021-01-29..2022-01-07) -> 'Dave Inc./DE'; SIC now Finance Services; VPC Impact III SPAC -> Dave 2022-01 (dev window)",yes,"The CIK is the SPAC shell. Its as-filed 10-Qs (trust income, tiny or negative EPS) are the year-ago quarters for the first 4 post-merger quarters, so YoY EPS growth is operating company vs shell (spurious PASS/turnaround). Yahoo shows ~$10 flat shell prices before the merger, which bias SMA200/52-wk. Fix: drop fundamentals and prices before the merger close."
MIR,b_spac_lineage_cik,"former name 'GS Acquisition Holdings Corp II' (2020-04-20..2021-10-19) -> 'Mirion Technologies, Inc.'; SIC now Measuring & Controlling Devices, NEC; GS Acq Holdings II SPAC -> Mirion 2021-10",yes,"The CIK is the SPAC shell. Its as-filed 10-Qs (trust income, tiny or negative EPS) are the year-ago quarters for the first 4 post-merger quarters, so YoY EPS growth is operating company vs shell (spurious PASS/turnaround). Yahoo shows ~$10 flat shell prices before the merger, which bias SMA200/52-wk. Fix: drop fundamentals and prices before the merger close."
SSB,b_merger_of_equals_verify,former name 'SOUTH STATE Corp' (2014-07-03..2021-09-03) -> 'SouthState Bank Corp'; SIC now State Commercial Banks; SouthState (legal) + CenterState 2020-06 merger of equals: CenterState believed to be accounting acquirer,verify,"If the accounting acquirer differs from the legal (CIK) entity, the first-year YoY after the merger mixes two banks' as-filed figures. Check the 10-K 'accounting acquirer' note."
MARA,b_business_change,"former name 'Marathon Patent Group, Inc.' (2012-11-05..2021-02-19) -> 'MARA Holdings, Inc.'; SIC now Finance Services; Marathon Patent Group -> bitcoin miner (pivot ~2017-18). Same legal entity",no,Same legal entity throughout; as-filed figures are that entity's own. No two-company mix in 2017-2021.
DCOM,b_merger_of_equals_verify,"former name 'BRIDGE BANCORP, INC.' (2019-08-22..2021-01-29) -> 'Dime Commercial Bancshares, Inc. /NY/'; SIC now National Commercial Banks; Bridge Bancorp (legal) + Dime 2021-02 merger of equals: accounting acquirer to verify",verify,"If the accounting acquirer differs from the legal (CIK) entity, the first-year YoY after the merger mixes two banks' as-filed figures. Check the 10-K 'accounting acquirer' note."
HIMS,b_spac_lineage_cik,"former name 'Oaktree Acquisition Corp.' (2019-05-02..2021-01-19) -> 'Hims & Hers Health, Inc.'; SIC now Services-Offices & Clinics of  Doctors of  Medicine; Oaktree Acq SPAC -> Hims & Hers 2021-01",yes,"The CIK is the SPAC shell. Its as-filed 10-Qs (trust income, tiny or negative EPS) are the year-ago quarters for the first 4 post-merger quarters, so YoY EPS growth is operating company vs shell (spurious PASS/turnaround). Yahoo shows ~$10 flat shell prices before the merger, which bias SMA200/52-wk. Fix: drop fundamentals and prices before the merger close."
RSI,b_spac_lineage_cik,"former name 'dMY Technology Group, Inc.' (2019-12-06..2020-12-28) -> 'Rush Street Interactive, Inc.'; SIC now Services-Miscellaneous Amusement & Recreation; dMY Technology SPAC -> Rush Street 2020-12",yes,"The CIK is the SPAC shell. Its as-filed 10-Qs (trust income, tiny or negative EPS) are the year-ago quarters for the first 4 post-merger quarters, so YoY EPS growth is operating company vs shell (spurious PASS/turnaround). Yahoo shows ~$10 flat shell prices before the merger, which bias SMA200/52-wk. Fix: drop fundamentals and prices before the merger close."
MP,b_spac_lineage_cik,former name 'Fortress Value Acquisition Corp.' (2020-02-06..2020-11-16) -> 'MP Materials Corp. / DE'; SIC now Metal Mining; Fortress Value SPAC -> MP Materials 2020-11,yes,"The CIK is the SPAC shell. Its as-filed 10-Qs (trust income, tiny or negative EPS) are the year-ago quarters for the first 4 post-merger quarters, so YoY EPS growth is operating company vs shell (spurious PASS/turnaround). Yahoo shows ~$10 flat shell prices before the merger, which bias SMA200/52-wk. Fix: drop fundamentals and prices before the merger close."
MTCH,b_business_change,"former name 'IAC/INTERACTIVECORP' (2004-07-14..2020-07-01) -> 'Match Group, Inc.'; SIC now Services-Computer Programming, Data Processing, Etc.; old IAC renamed Match Group 2020-07-01 (same CIK & Yahoo price lineage = IAC)",yes,"YoY across 2020-07 compares new Match (Match as accounting predecessor) with IAC's as-filed consolidated quarters: spurious growth Q3 2020..Q2 2021 (validation). Before 2020-07, prices and filings are both IAC, so consistent. Fix: history break at 2020-07-01."
WSC,b_spac_lineage_cik,former name 'WillScot Corp' (2017-10-04..2020-07-01) -> 'WillScot Holdings Corp'; SIC now Services-Miscellaneous Equipment Rental & Leasing; Double Eagle SPAC -> WillScot 2017-11,yes,"The CIK is the SPAC shell. Its as-filed 10-Qs (trust income, tiny or negative EPS) are the year-ago quarters for the first 4 post-merger quarters, so YoY EPS growth is operating company vs shell (spurious PASS/turnaround). Yahoo shows ~$10 flat shell prices before the merger, which bias SMA200/52-wk. Fix: drop fundamentals and prices before the merger close."
AHCO,b_spac_lineage_cik,former name 'DFB Healthcare Acquisitions Corp.' (2017-12-29..2019-11-08) -> 'AdaptHealth Corp.'; SIC now Services-Home Health Care Services; DFB Healthcare SPAC -> AdaptHealth 2019-11,yes,"The CIK is the SPAC shell. Its as-filed 10-Qs (trust income, tiny or negative EPS) are the year-ago quarters for the first 4 post-merger quarters, so YoY EPS growth is operating company vs shell (spurious PASS/turnaround). Yahoo shows ~$10 flat shell prices before the merger, which bias SMA200/52-wk. Fix: drop fundamentals and prices before the merger close."
OPCH,b_reverse_merger,"former name 'BioScrip, Inc.' (2004-11-03..2019-08-02) -> 'Option Care Health, Inc.'; SIC now Services-Home Health Care Services; BioScrip (legal) / Option Care (accounting acquirer) 2019-08",yes,As-filed year-ago quarters are the legal acquirer's standalone results; post-merger quarters are the combined company (accounting acquirer as predecessor). YoY for the first 4 post-merger quarters mixes two companies. Fix: history break at the merger date.
KNTK,b_spac_lineage_cik,"former name 'Kayne Anderson Acquisition Corp' (2017-01-26..2018-11-13) -> 'Kinetik Holdings Inc.'; SIC now Natural Gas Transmission; Kayne Anderson Acq SPAC -> Altus Midstream 2018-11 (-> Kinetik 2022, EagleClaw reverse merger: dev-window mix)",yes,"The CIK is the SPAC shell. Its as-filed 10-Qs (trust income, tiny or negative EPS) are the year-ago quarters for the first 4 post-merger quarters, so YoY EPS growth is operating company vs shell (spurious PASS/turnaround). Yahoo shows ~$10 flat shell prices before the merger, which bias SMA200/52-wk. Fix: drop fundamentals and prices before the merger close."
VRRM,b_spac_lineage_cik,"former name 'Gores Holdings II, Inc.' (2016-09-01..2018-10-03) -> 'VERRA MOBILITY Corp'; SIC now Transportation Services; Gores Holdings II SPAC -> Verra 2018-10",yes,"The CIK is the SPAC shell. Its as-filed 10-Qs (trust income, tiny or negative EPS) are the year-ago quarters for the first 4 post-merger quarters, so YoY EPS growth is operating company vs shell (spurious PASS/turnaround). Yahoo shows ~$10 flat shell prices before the merger, which bias SMA200/52-wk. Fix: drop fundamentals and prices before the merger close."
MGY,b_spac_lineage_cik,former name 'TPG Pace Energy Holdings Corp.' (2017-02-28..2018-07-17) -> 'Magnolia Oil & Gas Corp'; SIC now Crude Petroleum & Natural Gas; TPG Pace Energy SPAC -> Magnolia 2018-07,yes,"The CIK is the SPAC shell. Its as-filed 10-Qs (trust income, tiny or negative EPS) are the year-ago quarters for the first 4 post-merger quarters, so YoY EPS growth is operating company vs shell (spurious PASS/turnaround). Yahoo shows ~$10 flat shell prices before the merger, which bias SMA200/52-wk. Fix: drop fundamentals and prices before the merger close."
SKY,b_reverse_merger,"former name 'SKYLINE CORP' (1994-08-02..2018-05-31) -> 'Champion Homes, Inc.'; SIC now Mobile Homes; Skyline (legal) / Champion (accounting acquirer) 2018-06; FY change",yes,As-filed year-ago quarters are the legal acquirer's standalone results; post-merger quarters are the combined company (accounting acquirer as predecessor). YoY for the first 4 post-merger quarters mixes two companies. Fix: history break at the merger date.
CLSK,b_business_change,"former name 'STRATEAN INC.' (2014-12-01..2016-11-08) -> 'CLEANSPARK, INC.'; SIC now Finance Services; SmartData -> Stratean -> CleanSpark; later bitcoin mining. Same legal entity, business pivots; thin OTC until 2020",no,Same legal entity throughout; as-filed figures are that entity's own. No two-company mix in 2017-2021.
PR,b_spac_lineage_cik,former name 'Silver Run Acquisition Corp' (2015-11-17..2016-10-14) -> 'Permian Resources Corp'; SIC now Crude Petroleum & Natural Gas; Silver Run SPAC -> Centennial 2016-10,yes,"The CIK is the SPAC shell. Its as-filed 10-Qs (trust income, tiny or negative EPS) are the year-ago quarters for the first 4 post-merger quarters, so YoY EPS growth is operating company vs shell (spurious PASS/turnaround). Yahoo shows ~$10 flat shell prices before the merger, which bias SMA200/52-wk. Fix: drop fundamentals and prices before the merger close."
SAFE,b_business_change,former name 'ISTAR FINANCIAL INC' (2000-06-27..2015-08-19) -> 'Safehold Inc.'; SIC now Real Estate Investment Trusts; iStar renamed Safehold 2023 (reverse merger: old Safehold accounting acquirer). Prices+CIK = iStar lineage,no,Dev-window only (2023-2024 YoY across the reverse merger); the validation window is consistent iStar.
GRBK,b_business_change,"former name 'BioFuel Energy Corp.' (2006-12-08..2014-10-22) -> 'Green Brick Partners, Inc.'; SIC now Operative Builders; BioFuel Energy -> Green Brick (homebuilder) 2014-10. Before the warm-up window",no,Same legal entity throughout; as-filed figures are that entity's own. No two-company mix in 2017-2021.
LEU,b_business_change,former name 'USEC INC' (1998-12-28..2014-09-29) -> 'CENTRUS ENERGY CORP'; SIC now Mining & Quarrying of  Nonmetallic Minerals (No Fuels); USEC -> Centrus via 2014 bankruptcy. Before the warm-up window,no,Same legal entity throughout; as-filed figures are that entity's own. No two-company mix in 2017-2021.
AA,b_former_name,former name 'Alcoa Upstream Corp' (2016-06-29..2016-10-31) -> 'Alcoa Corp'; SIC now Primary Production of  Aluminum,no,"Plain rename / spin-co or holdco naming of the same entity; prices and filings refer to the same company. No SIC history is available in the SEC submissions API (current SIC only), so this is judged from names plus the other checks."
AAON,b_former_name,"former name 'AAON INC' (1995-11-13..2019-07-01) -> 'AAON, INC.'; SIC now Air-Cond & Warm Air Heatg Equip & Comm & Indl Refrig Equip",no,"Plain rename / spin-co or holdco naming of the same entity; prices and filings refer to the same company. No SIC history is available in the SEC submissions API (current SIC only), so this is judged from names plus the other checks."
ACM,b_former_name,former name 'AECOM TECHNOLOGY CORP' (2002-08-23..2015-01-07) -> 'AECOM'; SIC now Services-Engineering Services,no,"Plain rename / spin-co or holdco naming of the same entity; prices and filings refer to the same company. No SIC history is available in the SEC submissions API (current SIC only), so this is judged from names plus the other checks."
ACT,b_former_name,"former name 'Genworth Mortgage Holdings, Inc.' (2020-09-15..2021-05-04) -> 'Enact Holdings, Inc.'; SIC now Insurance Agents, Brokers & Service",no,"Plain rename / spin-co or holdco naming of the same entity; prices and filings refer to the same company. No SIC history is available in the SEC submissions API (current SIC only), so this is judged from names plus the other checks."
ADEA,b_former_name,former name 'XRAY-TWOLF HoldCo Corp' (2020-02-18..2020-04-22) -> 'Adeia Inc.'; SIC now Cable & Other Pay Television Services,no,"Plain rename / spin-co or holdco naming of the same entity; prices and filings refer to the same company. No SIC history is available in the SEC submissions API (current SIC only), so this is judged from names plus the other checks."
ADMA,b_former_name,"former name 'R&R ACQUISITION VI, INC' (2006-07-10..2012-02-21) -> 'ADMA BIOLOGICS, INC.'; SIC now Biological Products, (No Diagnostic Substances)",no,"Plain rename / spin-co or holdco naming of the same entity; prices and filings refer to the same company. No SIC history is available in the SEC submissions API (current SIC only), so this is judged from names plus the other checks."
ADNT,b_former_name,former name 'Adient Ltd' (2016-04-26..2016-11-29) -> 'Adient plc'; SIC now Motor Vehicle Parts & Accessories,no,"Plain rename / spin-co or holdco naming of the same entity; prices and filings refer to the same company. No SIC history is available in the SEC submissions API (current SIC only), so this is judged from names plus the other checks."
ADT,b_former_name,"former name 'ADT, Inc.' (2017-09-28..2018-01-30) -> 'ADT Inc.'; SIC now Services-Detective, Guard & Armored Car Services",no,"Plain rename / spin-co or holdco naming of the same entity; prices and filings refer to the same company. No SIC history is available in the SEC submissions API (current SIC only), so this is judged from names plus the other checks."
ADT,b_former_name,"former name 'Prime Security Services Parent, Inc.' (2017-04-11..2017-04-11) -> 'ADT Inc.'; SIC now Services-Detective, Guard & Armored Car Services",no,"Plain rename / spin-co or holdco naming of the same entity; prices and filings refer to the same company. No SIC history is available in the SEC submissions API (current SIC only), so this is judged from names plus the other checks."
AGNT,b_former_name,"former name 'EXP Realty International Corp' (2013-09-09..2016-04-27) -> 'AGNT, Inc.'; SIC now Real Estate Agents & Managers (For Others)",no,"Plain rename / spin-co or holdco naming of the same entity; prices and filings refer to the same company. No SIC history is available in the SEC submissions API (current SIC only), so this is judged from names plus the other checks."
AHR,b_former_name,"former name 'Griffin-American Healthcare REIT IV, Inc.' (2015-02-10..2021-09-30) -> 'American Healthcare REIT, Inc.'; SIC now Real Estate Investment Trusts",no,"Plain rename / spin-co or holdco naming of the same entity; prices and filings refer to the same company. No SIC history is available in the SEC submissions API (current SIC only), so this is judged from names plus the other checks."
AHR,b_former_name,"former name 'Griffin-American Healthcare REIT 4, Inc.' (2015-04-30..2015-10-23) -> 'American Healthcare REIT, Inc.'; SIC now Real Estate Investment Trusts",no,"Plain rename / spin-co or holdco naming of the same entity; prices and filings refer to the same company. No SIC history is available in the SEC submissions API (current SIC only), so this is judged from names plus the other checks."
ALGM,b_former_name,"former name 'ALLEGRO MICROSYSTEMS INC' (2007-08-08..2020-10-21) -> 'ALLEGRO MICROSYSTEMS, INC.'; SIC now Semiconductors & Related Devices",no,"Plain rename / spin-co or holdco naming of the same entity; prices and filings refer to the same company. No SIC history is available in the SEC submissions API (current SIC only), so this is judged from names plus the other checks."
AM,b_former_name,former name 'Antero Midstream GP LP' (2017-02-24..2019-03-11) -> 'Antero Midstream Corp'; SIC now Natural Gas Transmission,no,"Plain rename / spin-co or holdco naming of the same entity; prices and filings refer to the same company. No SIC history is available in the SEC submissions API (current SIC only), so this is judged from names plus the other checks."
AM,b_former_name,former name 'Antero Resources Midstream Management LLC' (2014-11-04..2017-05-05) -> 'Antero Midstream Corp'; SIC now Natural Gas Transmission,no,"Plain rename / spin-co or holdco naming of the same entity; prices and filings refer to the same company. No SIC history is available in the SEC submissions API (current SIC only), so this is judged from names plus the other checks."
AMKR,b_former_name,"former name 'AMKOR TECHNOLOGY INC' (1997-10-22..2015-02-19) -> 'AMKOR TECHNOLOGY, INC.'; SIC now Semiconductors & Related Devices",no,"Plain rename / spin-co or holdco naming of the same entity; prices and filings refer to the same company. No SIC history is available in the SEC submissions API (current SIC only), so this is judged from names plus the other checks."
AMR,b_former_name,"former name 'Contura Energy, Inc.' (2017-05-08..2021-01-29) -> 'Alpha Metallurgical Resources, Inc.'; SIC now Bituminous Coal & Lignite Surface Mining",no,"Plain rename / spin-co or holdco naming of the same entity; prices and filings refer to the same company. No SIC history is available in the SEC submissions API (current SIC only), so this is judged from names plus the other checks."
AMRX,b_former_name,"former name 'Atlas Holdings, Inc.' (2017-11-21..2018-04-13) -> 'Amneal Pharmaceuticals, Inc.'; SIC now Pharmaceutical Preparations",no,"Plain rename / spin-co or holdco naming of the same entity; prices and filings refer to the same company. No SIC history is available in the SEC submissions API (current SIC only), so this is judged from names plus the other checks."
ANDE,b_former_name,"former name 'ANDERSONS INC' (1996-08-20..2014-10-16) -> 'Andersons, Inc.'; SIC now Wholesale-Farm Product Raw Materials",no,"Plain rename / spin-co or holdco naming of the same entity; prices and filings refer to the same company. No SIC history is available in the SEC submissions API (current SIC only), so this is judged from names plus the other checks."
APLE,b_former_name,"former name 'Apple REIT Nine, Inc.' (2007-11-15..2014-02-28) -> 'Apple Hospitality REIT, Inc.'; SIC now Real Estate Investment Trusts",no,"Plain rename / spin-co or holdco naming of the same entity; prices and filings refer to the same company. No SIC history is available in the SEC submissions API (current SIC only), so this is judged from names plus the other checks."
ARCB,b_former_name,former name 'ARKANSAS BEST CORP /DE/' (1994-03-30..2014-04-28) -> 'ARCBEST CORP /TX/'; SIC now Trucking (No Local),no,"Plain rename / spin-co or holdco naming of the same entity; prices and filings refer to the same company. No SIC history is available in the SEC submissions API (current SIC only), so this is judged from names plus the other checks."
ARMK,b_former_name,former name 'ARAMARK Holdings Corp' (2013-09-09..2014-05-09) -> 'Aramark'; SIC now Retail-Eating  Places,no,"Plain rename / spin-co or holdco naming of the same entity; prices and filings refer to the same company. No SIC history is available in the SEC submissions API (current SIC only), so this is judged from names plus the other checks."
AROC,b_former_name,"former name 'EXTERRAN HOLDINGS INC.' (2007-05-03..2015-11-04) -> 'Archrock, Inc.'; SIC now Natural Gas Transmission",no,"Plain rename / spin-co or holdco naming of the same entity; prices and filings refer to the same company. No SIC history is available in the SEC submissions API (current SIC only), so this is judged from names plus the other checks."
ARWR,b_former_name,"former name 'ARROWHEAD RESEARCH CORP' (2004-01-13..2016-04-06) -> 'ARROWHEAD PHARMACEUTICALS, INC.'; SIC now Pharmaceutical Preparations",no,"Plain rename / spin-co or holdco naming of the same entity; prices and filings refer to the same company. No SIC history is available in the SEC submissions API (current SIC only), so this is judged from names plus the other checks."
ATR,b_former_name,"former name 'APTARGROUP INC' (1995-10-17..2021-12-10) -> 'APTARGROUP, INC.'; SIC now Plastics Products, NEC",no,"Plain rename / spin-co or holdco naming of the same entity; prices and filings refer to the same company. No SIC history is available in the SEC submissions API (current SIC only), so this is judged from names plus the other checks."
AUB,b_former_name,former name 'UNION BANKSHARES CORP' (2014-05-01..2019-05-13) -> 'Atlantic Union Bankshares Corp'; SIC now State Commercial Banks,no,"Plain rename / spin-co or holdco naming of the same entity; prices and filings refer to the same company. No SIC history is available in the SEC submissions API (current SIC only), so this is judged from names plus the other checks."
AUB,b_former_name,former name 'Union Bankshares Corp' (2014-05-01..2019-05-13) -> 'Atlantic Union Bankshares Corp'; SIC now State Commercial Banks,no,"Plain rename / spin-co or holdco naming of the same entity; prices and filings refer to the same company. No SIC history is available in the SEC submissions API (current SIC only), so this is judged from names plus the other checks."
AUB,b_former_name,former name 'UNION FIRST MARKET BANKSHARES CORP' (2010-02-02..2014-04-29) -> 'Atlantic Union Bankshares Corp'; SIC now State Commercial Banks,no,"Plain rename / spin-co or holdco naming of the same entity; prices and filings refer to the same company. No SIC history is available in the SEC submissions API (current SIC only), so this is judged from names plus the other checks."
AVNT,b_former_name,"former name 'POLYONE CORP' (2000-09-06..2020-06-26) -> 'AVIENT CORP'; SIC now Plastic Materials, Synth Resins & Nonvulcan Elastomers",no,"Plain rename / spin-co or holdco naming of the same entity; prices and filings refer to the same company. No SIC history is available in the SEC submissions API (current SIC only), so this is judged from names plus the other checks."
AVTR,b_former_name,"former name 'Vail Holdco Corp' (2017-12-28..2017-12-28) -> 'Avantor, Inc.'; SIC now Laboratory Analytical Instruments",no,"Plain rename / spin-co or holdco naming of the same entity; prices and filings refer to the same company. No SIC history is available in the SEC submissions API (current SIC only), so this is judged from names plus the other checks."
AX,b_former_name,"former name 'BofI Holding, Inc.' (2004-12-16..2018-09-12) -> 'Axos Financial, Inc.'; SIC now Savings Institution, Federally Chartered",no,"Plain rename / spin-co or holdco naming of the same entity; prices and filings refer to the same company. No SIC history is available in the SEC submissions API (current SIC only), so this is judged from names plus the other checks."
AZTA,b_former_name,"former name 'Brooks Automation, Inc.' (2019-05-28..2021-11-24) -> 'Azenta, Inc.'; SIC now Special Industry Machinery, NEC",no,"Plain rename / spin-co or holdco naming of the same entity; prices and filings refer to the same company. No SIC history is available in the SEC submissions API (current SIC only), so this is judged from names plus the other checks."
AZTA,b_former_name,"former name 'BROOKS AUTOMATION INC' (1996-02-12..2019-05-10) -> 'Azenta, Inc.'; SIC now Special Industry Machinery, NEC",no,"Plain rename / spin-co or holdco naming of the same entity; prices and filings refer to the same company. No SIC history is available in the SEC submissions API (current SIC only), so this is judged from names plus the other checks."
BBWI,b_former_name,"former name 'L Brands, Inc.' (2013-04-02..2021-07-30) -> 'Bath & Body Works, Inc.'; SIC now Retail-Retail Stores, NEC",no,"Plain rename / spin-co or holdco naming of the same entity; prices and filings refer to the same company. No SIC history is available in the SEC submissions API (current SIC only), so this is judged from names plus the other checks."
BFS,b_former_name,"former name 'SAUL CENTERS INC' (1996-10-30..2020-02-27) -> 'SAUL CENTERS, INC.'; SIC now Real Estate Investment Trusts",no,"Plain rename / spin-co or holdco naming of the same entity; prices and filings refer to the same company. No SIC history is available in the SEC submissions API (current SIC only), so this is judged from names plus the other checks."
BIO,b_former_name,"former name 'BIO RAD LABORATORIES INC' (1994-05-12..2018-06-18) -> 'BIO-RAD LABORATORIES, INC.'; SIC now Laboratory Analytical Instruments",no,"Plain rename / spin-co or holdco naming of the same entity; prices and filings refer to the same company. No SIC history is available in the SEC submissions API (current SIC only), so this is judged from names plus the other checks."
BJ,b_former_name,"former name 'Beacon Holding Inc.' (2011-10-11..2017-04-10) -> 'BJ's Wholesale Club Holdings, Inc.'; SIC now Retail-Variety Stores",no,"Plain rename / spin-co or holdco naming of the same entity; prices and filings refer to the same company. No SIC history is available in the SEC submissions API (current SIC only), so this is judged from names plus the other checks."
BNL,b_former_name,"former name 'Broadstone Net Lease Inc' (2008-01-15..2017-08-10) -> 'Broadstone Net Lease, Inc.'; SIC now Real Estate Investment Trusts",no,"Plain rename / spin-co or holdco naming of the same entity; prices and filings refer to the same company. No SIC history is available in the SEC submissions API (current SIC only), so this is judged from names plus the other checks."
BWXT,b_former_name,"former name 'Babcock & Wilcox Co' (2010-03-12..2015-06-22) -> 'BWX Technologies, Inc.'; SIC now Engines & Turbines",no,"Plain rename / spin-co or holdco naming of the same entity; prices and filings refer to the same company. No SIC history is available in the SEC submissions API (current SIC only), so this is judged from names plus the other checks."
CAG,b_former_name,former name 'CONAGRA FOODS INC /DE/' (2000-10-11..2016-10-21) -> 'CONAGRA BRANDS INC.'; SIC now Food and Kindred Products,no,"Plain rename / spin-co or holdco naming of the same entity; prices and filings refer to the same company. No SIC history is available in the SEC submissions API (current SIC only), so this is judged from names plus the other checks."
CALM,b_former_name,former name 'CAL MAINE FOODS INC' (1996-12-03..2014-03-31) -> 'CAL-MAINE FOODS INC'; SIC now Agricultural Prod-Livestock & Animal Specialties,no,"Plain rename / spin-co or holdco naming of the same entity; prices and filings refer to the same company. No SIC history is available in the SEC submissions API (current SIC only), so this is judged from names plus the other checks."
CC,b_former_name,"former name 'Chemours Company, LLC' (2014-12-18..2015-04-21) -> 'Chemours Co'; SIC now Chemicals & Allied Products",no,"Plain rename / spin-co or holdco naming of the same entity; prices and filings refer to the same company. No SIC history is available in the SEC submissions API (current SIC only), so this is judged from names plus the other checks."
CCOI,b_former_name,"former name 'COGENT COMMUNICATIONS GROUP INC' (2001-12-07..2014-06-26) -> 'COGENT COMMUNICATIONS HOLDINGS, INC.'; SIC now Communications Services, NEC",no,"Plain rename / spin-co or holdco naming of the same entity; prices and filings refer to the same company. No SIC history is available in the SEC submissions API (current SIC only), so this is judged from names plus the other checks."
CFFN,b_former_name,"former name 'Capitol Federal Financial Inc' (2010-05-06..2018-09-05) -> 'Capitol Federal Financial, Inc.'; SIC now Savings Institution, Federally Chartered",no,"Plain rename / spin-co or holdco naming of the same entity; prices and filings refer to the same company. No SIC history is available in the SEC submissions API (current SIC only), so this is judged from names plus the other checks."
CG,b_former_name,former name 'Carlyle Group L.P.' (2011-09-06..2020-01-02) -> 'Carlyle Group Inc.'; SIC now Investment Advice,no,"Plain rename / spin-co or holdco naming of the same entity; prices and filings refer to the same company. No SIC history is available in the SEC submissions API (current SIC only), so this is judged from names plus the other checks."
CLF,b_former_name,former name 'CLIFFS NATURAL RESOURCES INC.' (2008-09-03..2017-08-14) -> 'CLEVELAND-CLIFFS INC.'; SIC now Metal Mining,no,"Plain rename / spin-co or holdco naming of the same entity; prices and filings refer to the same company. No SIC history is available in the SEC submissions API (current SIC only), so this is judged from names plus the other checks."
CNR,b_former_name,"former name 'CONSOL Mining Corp' (2017-07-11..2017-11-22) -> 'Core Natural Resources, Inc.'; SIC now Silver Ores",no,"Plain rename / spin-co or holdco naming of the same entity; prices and filings refer to the same company. No SIC history is available in the SEC submissions API (current SIC only), so this is judged from names plus the other checks."
CNS,b_former_name,"former name 'COHEN & STEERS INC' (2004-03-30..2019-08-06) -> 'COHEN & STEERS, INC.'; SIC now Investment Advice",no,"Plain rename / spin-co or holdco naming of the same entity; prices and filings refer to the same company. No SIC history is available in the SEC submissions API (current SIC only), so this is judged from names plus the other checks."
CNX,b_former_name,former name 'CONSOL ENERGY INC' (2005-01-27..2017-11-17) -> 'CNX Resources Corp'; SIC now Crude Petroleum & Natural Gas,no,"Plain rename / spin-co or holdco naming of the same entity; prices and filings refer to the same company. No SIC history is available in the SEC submissions API (current SIC only), so this is judged from names plus the other checks."
CNX,b_former_name,former name 'CONSOL Energy Inc' (2005-01-27..2017-11-17) -> 'CNX Resources Corp'; SIC now Crude Petroleum & Natural Gas,no,"Plain rename / spin-co or holdco naming of the same entity; prices and filings refer to the same company. No SIC history is available in the SEC submissions API (current SIC only), so this is judged from names plus the other checks."
COCO,b_former_name,"former name 'All Market Inc.' (2021-08-30..2021-08-31) -> 'Vita Coco Company, Inc.'; SIC now Beverages",no,"Plain rename / spin-co or holdco naming of the same entity; prices and filings refer to the same company. No SIC history is available in the SEC submissions API (current SIC only), so this is judged from names plus the other checks."
COCO,b_former_name,"former name 'All Market, Inc.' (2010-02-03..2021-07-16) -> 'Vita Coco Company, Inc.'; SIC now Beverages",no,"Plain rename / spin-co or holdco naming of the same entity; prices and filings refer to the same company. No SIC history is available in the SEC submissions API (current SIC only), so this is judged from names plus the other checks."
COKE,b_former_name,"former name 'COCA COLA BOTTLING CO CONSOLIDATED /DE/' (1994-11-14..2018-12-03) -> 'Coca-Cola Consolidated, Inc.'; SIC now Bottled & Canned Soft Drinks & Carbonated Waters",no,"Plain rename / spin-co or holdco naming of the same entity; prices and filings refer to the same company. No SIC history is available in the SEC submissions API (current SIC only), so this is judged from names plus the other checks."
COLB,b_former_name,"former name 'COLUMBIA BANKING SYSTEM INC' (1996-08-13..2019-05-03) -> 'COLUMBIA BANKING SYSTEM, INC.'; SIC now State Commercial Banks",no,"Plain rename / spin-co or holdco naming of the same entity; prices and filings refer to the same company. No SIC history is available in the SEC submissions API (current SIC only), so this is judged from names plus the other checks."
COLL,b_former_name,"former name 'COLLEGIUM PHARMACEUTICAL INC' (2003-10-20..2015-03-03) -> 'COLLEGIUM PHARMACEUTICAL, INC'; SIC now Pharmaceutical Preparations",no,"Plain rename / spin-co or holdco naming of the same entity; prices and filings refer to the same company. No SIC history is available in the SEC submissions API (current SIC only), so this is judged from names plus the other checks."
CPRI,b_former_name,former name 'Michael Kors Holdings Ltd' (2011-12-02..2018-12-21) -> 'Capri Holdings Ltd'; SIC now Leather & Leather Products,no,"Plain rename / spin-co or holdco naming of the same entity; prices and filings refer to the same company. No SIC history is available in the SEC submissions API (current SIC only), so this is judged from names plus the other checks."
CRGY,b_former_name,former name 'IE PubCo Inc.' (2021-06-08..2021-11-22) -> 'Crescent Energy Co'; SIC now Crude Petroleum & Natural Gas,no,"Plain rename / spin-co or holdco naming of the same entity; prices and filings refer to the same company. No SIC history is available in the SEC submissions API (current SIC only), so this is judged from names plus the other checks."
CRUS,b_former_name,"former name 'CIRRUS LOGIC INC' (1994-12-15..2019-06-13) -> 'CIRRUS LOGIC, INC.'; SIC now Semiconductors & Related Devices",no,"Plain rename / spin-co or holdco naming of the same entity; prices and filings refer to the same company. No SIC history is available in the SEC submissions API (current SIC only), so this is judged from names plus the other checks."
CSR,b_former_name,former name 'INVESTORS REAL ESTATE TRUST' (1995-07-27..2021-06-08) -> 'CENTERSPACE'; SIC now Real Estate Investment Trusts,no,"Plain rename / spin-co or holdco naming of the same entity; prices and filings refer to the same company. No SIC history is available in the SEC submissions API (current SIC only), so this is judged from names plus the other checks."
CSW,b_former_name,"former name 'CSWC Newco Corp.' (2014-12-02..2015-03-26) -> 'CSW INDUSTRIALS, INC.'; SIC now Adhesives & Sealants",no,"Plain rename / spin-co or holdco naming of the same entity; prices and filings refer to the same company. No SIC history is available in the SEC submissions API (current SIC only), so this is judged from names plus the other checks."
CVCO,b_former_name,"former name 'CAVCO INDUSTRIES INC' (1994-02-14..2018-07-12) -> 'CAVCO INDUSTRIES, INC.'; SIC now Mobile Homes",no,"Plain rename / spin-co or holdco naming of the same entity; prices and filings refer to the same company. No SIC history is available in the SEC submissions API (current SIC only), so this is judged from names plus the other checks."
CVSA,b_former_name,former name 'Adtalem Global Education' (2017-05-24..2017-05-24) -> 'Covista Inc.'; SIC now Services-Educational Services,no,"Plain rename / spin-co or holdco naming of the same entity; prices and filings refer to the same company. No SIC history is available in the SEC submissions API (current SIC only), so this is judged from names plus the other checks."
CVSA,b_former_name,former name 'DEVRY EDUCATION GROUP INC.' (2013-11-07..2017-05-15) -> 'Covista Inc.'; SIC now Services-Educational Services,no,"Plain rename / spin-co or holdco naming of the same entity; prices and filings refer to the same company. No SIC history is available in the SEC submissions API (current SIC only), so this is judged from names plus the other checks."
CWEN,b_former_name,"former name 'NRG Yield, Inc.' (2013-03-18..2018-09-04) -> 'Clearway Energy, Inc.'; SIC now Electric Services",no,"Plain rename / spin-co or holdco naming of the same entity; prices and filings refer to the same company. No SIC history is available in the SEC submissions API (current SIC only), so this is judged from names plus the other checks."
CWK,b_former_name,former name 'Cushman & Wakefield Ltd' (2018-07-13..2018-07-17) -> 'Cushman & Wakefield Ltd.'; SIC now Real Estate,no,"Plain rename / spin-co or holdco naming of the same entity; prices and filings refer to the same company. No SIC history is available in the SEC submissions API (current SIC only), so this is judged from names plus the other checks."
CWK,b_former_name,former name 'DTZ Jersey Holdings Ltd' (2014-12-31..2018-07-13) -> 'Cushman & Wakefield Ltd.'; SIC now Real Estate,no,"Plain rename / spin-co or holdco naming of the same entity; prices and filings refer to the same company. No SIC history is available in the SEC submissions API (current SIC only), so this is judged from names plus the other checks."
CXW,b_former_name,"former name 'CORRECTIONS CORP OF AMERICA' (2002-02-14..2016-11-10) -> 'CoreCivic, Inc.'; SIC now Real Estate Investment Trusts",no,"Plain rename / spin-co or holdco naming of the same entity; prices and filings refer to the same company. No SIC history is available in the SEC submissions API (current SIC only), so this is judged from names plus the other checks."
CZR,b_former_name,"former name 'Eldorado Resorts, Inc.' (2014-09-19..2020-07-17) -> 'Caesars Entertainment, Inc.'; SIC now Hotels & Motels",no,"Plain rename / spin-co or holdco naming of the same entity; prices and filings refer to the same company. No SIC history is available in the SEC submissions API (current SIC only), so this is judged from names plus the other checks."
CZR,b_former_name,"former name 'Eclair Holdings Co' (2013-11-04..2014-09-19) -> 'Caesars Entertainment, Inc.'; SIC now Hotels & Motels",no,"Plain rename / spin-co or holdco naming of the same entity; prices and filings refer to the same company. No SIC history is available in the SEC submissions API (current SIC only), so this is judged from names plus the other checks."
DAN,b_former_name,former name 'DANA HOLDING CORP' (2008-01-31..2016-07-21) -> 'DANA Inc'; SIC now Motor Vehicle Parts & Accessories,no,"Plain rename / spin-co or holdco naming of the same entity; prices and filings refer to the same company. No SIC history is available in the SEC submissions API (current SIC only), so this is judged from names plus the other checks."
DAR,b_former_name,former name 'DARLING INTERNATIONAL INC' (1995-11-29..2014-03-31) -> 'DARLING INGREDIENTS INC.'; SIC now Fats & Oils,no,"Plain rename / spin-co or holdco naming of the same entity; prices and filings refer to the same company. No SIC history is available in the SEC submissions API (current SIC only), so this is judged from names plus the other checks."
DBD,b_former_name,"former name 'DIEBOLD INC' (1994-02-14..2016-12-12) -> 'DIEBOLD NIXDORF, Inc'; SIC now Calculating & Accounting Machines (No Electronic Computers)",no,"Plain rename / spin-co or holdco naming of the same entity; prices and filings refer to the same company. No SIC history is available in the SEC submissions API (current SIC only), so this is judged from names plus the other checks."
DKS,b_former_name,"former name 'DICKS SPORTING GOODS INC' (2002-07-17..2019-08-05) -> 'DICK'S SPORTING GOODS, INC.'; SIC now Retail-Miscellaneous Shopping Goods Stores",no,"Plain rename / spin-co or holdco naming of the same entity; prices and filings refer to the same company. No SIC history is available in the SEC submissions API (current SIC only), so this is judged from names plus the other checks."
DOCN,b_former_name,"former name 'Digital Ocean, Inc.' (2013-07-31..2015-07-14) -> 'DigitalOcean Holdings, Inc.'; SIC now Services-Computer Programming, Data Processing, Etc.",no,"Plain rename / spin-co or holdco naming of the same entity; prices and filings refer to the same company. No SIC history is available in the SEC submissions API (current SIC only), so this is judged from names plus the other checks."
DOCU,b_former_name,"former name 'DOCUSIGN INC' (2003-08-25..2019-03-27) -> 'DOCUSIGN, INC.'; SIC now Services-Prepackaged Software",no,"Plain rename / spin-co or holdco naming of the same entity; prices and filings refer to the same company. No SIC history is available in the SEC submissions API (current SIC only), so this is judged from names plus the other checks."
DT,b_former_name,"former name 'Dynatrace Holdings LLC' (2019-04-12..2019-07-31) -> 'Dynatrace, Inc.'; SIC now Services-Prepackaged Software",no,"Plain rename / spin-co or holdco naming of the same entity; prices and filings refer to the same company. No SIC history is available in the SEC submissions API (current SIC only), so this is judged from names plus the other checks."
DXC,b_former_name,"former name 'Everett SpinCo, Inc.' (2016-11-02..2017-03-31) -> 'DXC Technology Co'; SIC now Services-Computer Processing & Data Preparation",no,"Plain rename / spin-co or holdco naming of the same entity; prices and filings refer to the same company. No SIC history is available in the SEC submissions API (current SIC only), so this is judged from names plus the other checks."
EAT,b_former_name,"former name 'BRINKER INTERNATIONAL INC' (1994-11-08..2019-07-10) -> 'BRINKER INTERNATIONAL, INC'; SIC now Retail-Eating  Places",no,"Plain rename / spin-co or holdco naming of the same entity; prices and filings refer to the same company. No SIC history is available in the SEC submissions API (current SIC only), so this is judged from names plus the other checks."
EEFT,b_former_name,"former name 'EURONET WORLDWIDE INC' (2001-11-14..2020-06-22) -> 'EURONET WORLDWIDE, INC.'; SIC now Functions Related To Depository Banking, NEC",no,"Plain rename / spin-co or holdco naming of the same entity; prices and filings refer to the same company. No SIC history is available in the SEC submissions API (current SIC only), so this is judged from names plus the other checks."
EFC,b_former_name,former name 'Ellington Financial LLC' (2007-08-28..2019-03-04) -> 'Ellington Financial Inc.'; SIC now Real Estate,no,"Plain rename / spin-co or holdco naming of the same entity; prices and filings refer to the same company. No SIC history is available in the SEC submissions API (current SIC only), so this is judged from names plus the other checks."
EFOR,b_former_name,former name 'ON ASSIGNMENT INC' (1996-09-30..2018-03-27) -> 'Everforth Inc'; SIC now Services-Help Supply Services,no,"Plain rename / spin-co or holdco naming of the same entity; prices and filings refer to the same company. No SIC history is available in the SEC submissions API (current SIC only), so this is judged from names plus the other checks."
EHC,b_former_name,former name 'HEALTHSOUTH CORP' (1995-03-08..2017-12-12) -> 'Encompass Health Corp'; SIC now Services-Hospitals,no,"Plain rename / spin-co or holdco naming of the same entity; prices and filings refer to the same company. No SIC history is available in the SEC submissions API (current SIC only), so this is judged from names plus the other checks."
ELF,b_former_name,"former name 'J.A. Cosmetics Holdings, Inc.' (2014-02-14..2014-02-14) -> 'e.l.f. Beauty, Inc.'; SIC now Perfumes, Cosmetics & Other Toilet Preparations",no,"Plain rename / spin-co or holdco naming of the same entity; prices and filings refer to the same company. No SIC history is available in the SEC submissions API (current SIC only), so this is judged from names plus the other checks."
ENR,b_former_name,"former name 'Energizer SpinCo, Inc.' (2015-02-06..2015-07-01) -> 'ENERGIZER HOLDINGS, INC.'; SIC now Miscellaneous Electrical Machinery, Equipment & Supplies",no,"Plain rename / spin-co or holdco naming of the same entity; prices and filings refer to the same company. No SIC history is available in the SEC submissions API (current SIC only), so this is judged from names plus the other checks."
EPAC,b_former_name,former name 'ACTUANT CORP' (2001-03-29..2020-01-28) -> 'ENERPAC TOOL GROUP CORP'; SIC now Misc Industrial & Commercial Machinery & Equipment,no,"Plain rename / spin-co or holdco naming of the same entity; prices and filings refer to the same company. No SIC history is available in the SEC submissions API (current SIC only), so this is judged from names plus the other checks."
EPC,b_former_name,"former name 'ENERGIZER HOLDINGS INC' (1999-10-15..2015-06-30) -> 'EDGEWELL PERSONAL CARE Co'; SIC now Perfumes, Cosmetics & Other Toilet Preparations",no,"Plain rename / spin-co or holdco naming of the same entity; prices and filings refer to the same company. No SIC history is available in the SEC submissions API (current SIC only), so this is judged from names plus the other checks."
EQH,b_former_name,"former name 'AXA Equitable Holdings, Inc.' (2017-11-13..2020-01-10) -> 'Equitable Holdings, Inc.'; SIC now Insurance Agents, Brokers & Service",no,"Plain rename / spin-co or holdco naming of the same entity; prices and filings refer to the same company. No SIC history is available in the SEC submissions API (current SIC only), so this is judged from names plus the other checks."
EQH,b_former_name,"former name 'AXA AMERICA HOLDINGS, INC.' (2005-08-19..2017-09-01) -> 'Equitable Holdings, Inc.'; SIC now Insurance Agents, Brokers & Service",no,"Plain rename / spin-co or holdco naming of the same entity; prices and filings refer to the same company. No SIC history is available in the SEC submissions API (current SIC only), so this is judged from names plus the other checks."
ESI,b_former_name,former name 'Platform Specialty Products Corp' (2013-11-05..2019-01-28) -> 'Element Solutions Inc'; SIC now Miscellaneous Chemical Products,no,"Plain rename / spin-co or holdco naming of the same entity; prices and filings refer to the same company. No SIC history is available in the SEC submissions API (current SIC only), so this is judged from names plus the other checks."
EVR,b_former_name,former name 'Evercore Partners Inc.' (2006-05-12..2017-08-01) -> 'Evercore Inc.'; SIC now Investment Advice,no,"Plain rename / spin-co or holdco naming of the same entity; prices and filings refer to the same company. No SIC history is available in the SEC submissions API (current SIC only), so this is judged from names plus the other checks."
FBK,b_former_name,"former name 'First South Bancorp, Inc.' (2015-09-25..2015-11-23) -> 'FB Financial Corp'; SIC now State Commercial Banks",no,"Plain rename / spin-co or holdco naming of the same entity; prices and filings refer to the same company. No SIC history is available in the SEC submissions API (current SIC only), so this is judged from names plus the other checks."
FBRT,b_former_name,"former name 'Benefit Street Partners Realty Trust, Inc.' (2017-02-03..2021-10-12) -> 'Franklin BSP Realty Trust, Inc.'; SIC now Real Estate Investment Trusts",no,"Plain rename / spin-co or holdco naming of the same entity; prices and filings refer to the same company. No SIC history is available in the SEC submissions API (current SIC only), so this is judged from names plus the other checks."
FBRT,b_former_name,"former name 'Realty Finance Trust, Inc.' (2015-02-17..2017-01-03) -> 'Franklin BSP Realty Trust, Inc.'; SIC now Real Estate Investment Trusts",no,"Plain rename / spin-co or holdco naming of the same entity; prices and filings refer to the same company. No SIC history is available in the SEC submissions API (current SIC only), so this is judged from names plus the other checks."
FBRT,b_former_name,"former name 'ARC Realty Finance Trust, Inc.' (2012-11-29..2015-02-04) -> 'Franklin BSP Realty Trust, Inc.'; SIC now Real Estate Investment Trusts",no,"Plain rename / spin-co or holdco naming of the same entity; prices and filings refer to the same company. No SIC history is available in the SEC submissions API (current SIC only), so this is judged from names plus the other checks."
FCFS,b_former_name,"former name 'FIRSTCASH, INC' (2016-09-01..2021-12-13) -> 'FirstCash Holdings, Inc.'; SIC now Retail-Miscellaneous Retail",no,"Plain rename / spin-co or holdco naming of the same entity; prices and filings refer to the same company. No SIC history is available in the SEC submissions API (current SIC only), so this is judged from names plus the other checks."
FCFS,b_former_name,"former name 'FIRST CASH FINANCIAL SERVICES INC' (1999-02-16..2016-08-30) -> 'FirstCash Holdings, Inc.'; SIC now Retail-Miscellaneous Retail",no,"Plain rename / spin-co or holdco naming of the same entity; prices and filings refer to the same company. No SIC history is available in the SEC submissions API (current SIC only), so this is judged from names plus the other checks."
FCN,b_former_name,"former name 'FTI CONSULTING INC' (1998-08-13..2019-06-11) -> 'FTI CONSULTING, INC'; SIC now Services-Management Consulting Services",no,"Plain rename / spin-co or holdco naming of the same entity; prices and filings refer to the same company. No SIC history is available in the SEC submissions API (current SIC only), so this is judged from names plus the other checks."
FHB,b_former_name,"former name 'BANCWEST CORP/HI' (1998-11-10..2016-03-04) -> 'FIRST HAWAIIAN, INC.'; SIC now State Commercial Banks",no,"Plain rename / spin-co or holdco naming of the same entity; prices and filings refer to the same company. No SIC history is available in the SEC submissions API (current SIC only), so this is judged from names plus the other checks."
FHI,b_former_name,"former name 'FEDERATED INVESTORS INC /PA/' (1998-04-24..2020-01-30) -> 'FEDERATED HERMES, INC.'; SIC now Investment Advice",no,"Plain rename / spin-co or holdco naming of the same entity; prices and filings refer to the same company. No SIC history is available in the SEC submissions API (current SIC only), so this is judged from names plus the other checks."
FHN,b_former_name,former name 'FIRST HORIZON NATIONAL CORP' (2004-04-22..2020-11-25) -> 'FIRST HORIZON CORP'; SIC now National Commercial Banks,no,"Plain rename / spin-co or holdco naming of the same entity; prices and filings refer to the same company. No SIC history is available in the SEC submissions API (current SIC only), so this is judged from names plus the other checks."
FNB,b_former_name,former name 'FNB CORP/FL/' (2001-07-17..2016-09-09) -> 'FNB CORP/PA/'; SIC now National Commercial Banks,no,"Plain rename / spin-co or holdco naming of the same entity; prices and filings refer to the same company. No SIC history is available in the SEC submissions API (current SIC only), so this is judged from names plus the other checks."
FND,b_former_name,"former name 'FDO Holdings, Inc.' (2010-12-07..2017-04-10) -> 'Floor & Decor Holdings, Inc.'; SIC now Retail-Lumber & Other Building Materials Dealers",no,"Plain rename / spin-co or holdco naming of the same entity; prices and filings refer to the same company. No SIC history is available in the SEC submissions API (current SIC only), so this is judged from names plus the other checks."
FTDR,b_former_name,"former name 'AHS Holding Company, Inc.' (2018-01-23..2018-05-25) -> 'Frontdoor, Inc.'; SIC now Services-To Dwellings & Other Buildings",no,"Plain rename / spin-co or holdco naming of the same entity; prices and filings refer to the same company. No SIC history is available in the SEC submissions API (current SIC only), so this is judged from names plus the other checks."
FTI,b_former_name,former name 'TechnipFMC Ltd' (2016-08-10..2016-12-21) -> 'TechnipFMC plc'; SIC now Oil & Gas Field Machinery & Equipment,no,"Plain rename / spin-co or holdco naming of the same entity; prices and filings refer to the same company. No SIC history is available in the SEC submissions API (current SIC only), so this is judged from names plus the other checks."
GBCI,b_former_name,"former name 'GLACIER BANCORP INC' (1996-11-12..2019-08-07) -> 'GLACIER BANCORP, INC.'; SIC now State Commercial Banks",no,"Plain rename / spin-co or holdco naming of the same entity; prices and filings refer to the same company. No SIC history is available in the SEC submissions API (current SIC only), so this is judged from names plus the other checks."
GEF,b_former_name,"former name 'GREIF INC' (2003-06-10..2019-09-26) -> 'GREIF, INC'; SIC now Metal Shipping Barrels, Drums, Kegs & Pails",no,"Plain rename / spin-co or holdco naming of the same entity; prices and filings refer to the same company. No SIC history is available in the SEC submissions API (current SIC only), so this is judged from names plus the other checks."
GNL,b_former_name,"former name 'American Realty Capital Global Trust, Inc.' (2012-08-15..2015-04-29) -> 'Global Net Lease, Inc.'; SIC now Real Estate Investment Trusts",no,"Plain rename / spin-co or holdco naming of the same entity; prices and filings refer to the same company. No SIC history is available in the SEC submissions API (current SIC only), so this is judged from names plus the other checks."
HALO,b_former_name,"former name 'HALOZYME THERAPEUTICS INC' (2004-03-17..2019-07-03) -> 'HALOZYME THERAPEUTICS, INC.'; SIC now Biological Products, (No Diagnostic Substances)",no,"Plain rename / spin-co or holdco naming of the same entity; prices and filings refer to the same company. No SIC history is available in the SEC submissions API (current SIC only), so this is judged from names plus the other checks."
HCC,b_former_name,"former name 'WARRIOR MET COAL, LLC' (2017-01-30..2017-04-13) -> 'WARRIOR MET COAL, INC.'; SIC now Silver Ores",no,"Plain rename / spin-co or holdco naming of the same entity; prices and filings refer to the same company. No SIC history is available in the SEC submissions API (current SIC only), so this is judged from names plus the other checks."
HIW,b_former_name,"former name 'HIGHWOODS PROPERTIES INC' (1995-09-08..2019-07-01) -> 'HIGHWOODS PROPERTIES, INC.'; SIC now Real Estate Investment Trusts",no,"Plain rename / spin-co or holdco naming of the same entity; prices and filings refer to the same company. No SIC history is available in the SEC submissions API (current SIC only), so this is judged from names plus the other checks."
HLI,b_former_name,"former name 'HOULIHAN LOKEY HOWARD & ZUKIN INC' (2004-08-26..2015-05-08) -> 'HOULIHAN LOKEY, INC.'; SIC now Investment Advice",no,"Plain rename / spin-co or holdco naming of the same entity; prices and filings refer to the same company. No SIC history is available in the SEC submissions API (current SIC only), so this is judged from names plus the other checks."
HOG,b_former_name,"former name 'HARLEY DAVIDSON INC' (1994-06-27..2019-06-14) -> 'HARLEY-DAVIDSON, INC.'; SIC now Motorcycles, Bicycles & Parts",no,"Plain rename / spin-co or holdco naming of the same entity; prices and filings refer to the same company. No SIC history is available in the SEC submissions API (current SIC only), so this is judged from names plus the other checks."
HOPE,b_former_name,former name 'BBCN BANCORP INC' (2011-12-07..2016-07-18) -> 'HOPE BANCORP INC'; SIC now National Commercial Banks,no,"Plain rename / spin-co or holdco naming of the same entity; prices and filings refer to the same company. No SIC history is available in the SEC submissions API (current SIC only), so this is judged from names plus the other checks."
HP,b_former_name,"former name 'HELMERICH & PAYNE INC' (1994-01-26..2015-08-07) -> 'Helmerich & Payne, Inc.'; SIC now Drilling Oil & Gas Wells",no,"Plain rename / spin-co or holdco naming of the same entity; prices and filings refer to the same company. No SIC history is available in the SEC submissions API (current SIC only), so this is judged from names plus the other checks."
HQY,b_former_name,"former name 'HEALTHEQUITY INC' (2008-02-22..2019-06-06) -> 'HEALTHEQUITY, INC.'; SIC now Services-Business Services, NEC",no,"Plain rename / spin-co or holdco naming of the same entity; prices and filings refer to the same company. No SIC history is available in the SEC submissions API (current SIC only), so this is judged from names plus the other checks."
HR,b_former_name,"former name 'Healthcare Trust of America Holdings, LP' (2016-08-02..2016-08-02) -> 'Healthcare Realty Trust Inc'; SIC now Real Estate Investment Trusts",no,"Plain rename / spin-co or holdco naming of the same entity; prices and filings refer to the same company. No SIC history is available in the SEC submissions API (current SIC only), so this is judged from names plus the other checks."
HTO,b_former_name,former name 'SJW CORP' (1994-11-14..2016-11-02) -> 'H2O AMERICA'; SIC now Water Supply,no,"Plain rename / spin-co or holdco naming of the same entity; prices and filings refer to the same company. No SIC history is available in the SEC submissions API (current SIC only), so this is judged from names plus the other checks."
HUBG,b_former_name,"former name 'Hub Group' (2016-07-26..2016-07-29) -> 'Hub Group, Inc.'; SIC now Arrangement of  Transportation of  Freight & Cargo",no,"Plain rename / spin-co or holdco naming of the same entity; prices and filings refer to the same company. No SIC history is available in the SEC submissions API (current SIC only), so this is judged from names plus the other checks."
HUBG,b_former_name,"former name 'HUB GROUP INC' (1996-12-12..2016-07-12) -> 'Hub Group, Inc.'; SIC now Arrangement of  Transportation of  Freight & Cargo",no,"Plain rename / spin-co or holdco naming of the same entity; prices and filings refer to the same company. No SIC history is available in the SEC submissions API (current SIC only), so this is judged from names plus the other checks."
HWC,b_former_name,former name 'HANCOCK HOLDING CO' (1994-01-25..2018-05-24) -> 'HANCOCK WHITNEY CORP'; SIC now State Commercial Banks,no,"Plain rename / spin-co or holdco naming of the same entity; prices and filings refer to the same company. No SIC history is available in the SEC submissions API (current SIC only), so this is judged from names plus the other checks."
IESC,b_former_name,"former name 'Integrated Electrical Services, Inc.' (2015-01-09..2016-05-16) -> 'IES Holdings, Inc.'; SIC now Electrical Work",no,"Plain rename / spin-co or holdco naming of the same entity; prices and filings refer to the same company. No SIC history is available in the SEC submissions API (current SIC only), so this is judged from names plus the other checks."
IESC,b_former_name,"former name 'INTEGRATED ELECTRICAL SERVICES INC' (1997-12-11..2015-01-06) -> 'IES Holdings, Inc.'; SIC now Electrical Work",no,"Plain rename / spin-co or holdco naming of the same entity; prices and filings refer to the same company. No SIC history is available in the SEC submissions API (current SIC only), so this is judged from names plus the other checks."
ILMN,b_former_name,"former name 'ILLUMINA INC' (2000-04-14..2019-08-19) -> 'ILLUMINA, INC.'; SIC now Laboratory Analytical Instruments",no,"Plain rename / spin-co or holdco naming of the same entity; prices and filings refer to the same company. No SIC history is available in the SEC submissions API (current SIC only), so this is judged from names plus the other checks."
INSW,b_former_name,"former name 'OSG International, INC' (2016-07-15..2016-09-15) -> 'International Seaways, Inc.'; SIC now Water Transportation",no,"Plain rename / spin-co or holdco naming of the same entity; prices and filings refer to the same company. No SIC history is available in the SEC submissions API (current SIC only), so this is judged from names plus the other checks."
INVA,b_former_name,"former name 'THERAVANCE INC' (2004-06-02..2015-12-07) -> 'Innoviva, Inc.'; SIC now Pharmaceutical Preparations",no,"Plain rename / spin-co or holdco naming of the same entity; prices and filings refer to the same company. No SIC history is available in the SEC submissions API (current SIC only), so this is judged from names plus the other checks."
IRT,b_former_name,"former name 'INDEPENDENCE REALTY TRUST, INC' (2011-03-04..2017-06-19) -> 'INDEPENDENCE REALTY TRUST, INC.'; SIC now Real Estate Investment Trusts",no,"Plain rename / spin-co or holdco naming of the same entity; prices and filings refer to the same company. No SIC history is available in the SEC submissions API (current SIC only), so this is judged from names plus the other checks."
ITGR,b_former_name,"former name 'GREATBATCH, INC.' (2005-06-03..2016-05-31) -> 'Integer Holdings Corp'; SIC now Electromedical & Electrotherapeutic Apparatus",no,"Plain rename / spin-co or holdco naming of the same entity; prices and filings refer to the same company. No SIC history is available in the SEC submissions API (current SIC only), so this is judged from names plus the other checks."
ITRI,b_former_name,"former name 'ITRON INC /WA/' (1996-10-08..2019-07-03) -> 'ITRON, INC.'; SIC now Instruments For Meas & Testing of  Electricity & Elec Signals",no,"Plain rename / spin-co or holdco naming of the same entity; prices and filings refer to the same company. No SIC history is available in the SEC submissions API (current SIC only), so this is judged from names plus the other checks."
ITT,b_former_name,former name 'ITT CORP' (2010-03-09..2016-05-16) -> 'ITT INC.'; SIC now Pumps & Pumping Equipment,no,"Plain rename / spin-co or holdco naming of the same entity; prices and filings refer to the same company. No SIC history is available in the SEC submissions API (current SIC only), so this is judged from names plus the other checks."
ITT,b_former_name,former name 'ITT Corp' (2010-03-09..2016-05-16) -> 'ITT INC.'; SIC now Pumps & Pumping Equipment,no,"Plain rename / spin-co or holdco naming of the same entity; prices and filings refer to the same company. No SIC history is available in the SEC submissions API (current SIC only), so this is judged from names plus the other checks."
IVT,b_former_name,"former name 'Inland American Real Estate Trust, Inc.' (2005-02-11..2015-04-13) -> 'InvenTrust Properties Corp.'; SIC now Real Estate Investment Trusts",no,"Plain rename / spin-co or holdco naming of the same entity; prices and filings refer to the same company. No SIC history is available in the SEC submissions API (current SIC only), so this is judged from names plus the other checks."
JEF,b_former_name,"former name 'LEUCADIA NATIONAL CORP' (1994-06-01..2018-05-15) -> 'Jefferies Financial Group Inc.'; SIC now Security Brokers, Dealers & Flotation Companies",no,"Plain rename / spin-co or holdco naming of the same entity; prices and filings refer to the same company. No SIC history is available in the SEC submissions API (current SIC only), so this is judged from names plus the other checks."
KD,b_former_name,"former name 'Kyndryl Holdings, LLC' (2021-06-22..2021-08-31) -> 'Kyndryl Holdings, Inc.'; SIC now Services-Computer Integrated Systems Design",no,"Plain rename / spin-co or holdco naming of the same entity; prices and filings refer to the same company. No SIC history is available in the SEC submissions API (current SIC only), so this is judged from names plus the other checks."
KFY,b_former_name,former name 'KORN FERRY INTERNATIONAL' (1998-12-24..2018-12-20) -> 'KORN FERRY'; SIC now Services-Employment Agencies,no,"Plain rename / spin-co or holdco naming of the same entity; prices and filings refer to the same company. No SIC history is available in the SEC submissions API (current SIC only), so this is judged from names plus the other checks."
KGS,b_former_name,"former name 'Frontier TopCo, Inc.' (2019-02-07..2019-02-07) -> 'Kodiak Gas Services, Inc.'; SIC now Natural Gas Transmission",no,"Plain rename / spin-co or holdco naming of the same entity; prices and filings refer to the same company. No SIC history is available in the SEC submissions API (current SIC only), so this is judged from names plus the other checks."
KNX,b_former_name,former name 'SWIFT TRANSPORTATION Co' (2010-08-18..2017-08-30) -> 'Knight-Swift Transportation Holdings Inc.'; SIC now Trucking (No Local),no,"Plain rename / spin-co or holdco naming of the same entity; prices and filings refer to the same company. No SIC history is available in the SEC submissions API (current SIC only), so this is judged from names plus the other checks."
KNX,b_former_name,former name 'SWIFT TRANSPORTATION CO' (2010-08-18..2017-08-30) -> 'Knight-Swift Transportation Holdings Inc.'; SIC now Trucking (No Local),no,"Plain rename / spin-co or holdco naming of the same entity; prices and filings refer to the same company. No SIC history is available in the SEC submissions API (current SIC only), so this is judged from names plus the other checks."
LCII,b_former_name,former name 'DREW INDUSTRIES INC' (2015-04-10..2016-12-27) -> 'LCI INDUSTRIES'; SIC now Motor Vehicle Parts & Accessories,no,"Plain rename / spin-co or holdco naming of the same entity; prices and filings refer to the same company. No SIC history is available in the SEC submissions API (current SIC only), so this is judged from names plus the other checks."
LCII,b_former_name,former name 'DREW INDUSTRIES Inc' (2015-04-10..2016-12-27) -> 'LCI INDUSTRIES'; SIC now Motor Vehicle Parts & Accessories,no,"Plain rename / spin-co or holdco naming of the same entity; prices and filings refer to the same company. No SIC history is available in the SEC submissions API (current SIC only), so this is judged from names plus the other checks."
LIVN,b_former_name,former name 'Sand Holdco Plc' (2015-04-20..2015-06-12) -> 'LivaNova PLC'; SIC now Electromedical & Electrotherapeutic Apparatus,no,"Plain rename / spin-co or holdco naming of the same entity; prices and filings refer to the same company. No SIC history is available in the SEC submissions API (current SIC only), so this is judged from names plus the other checks."
LNTH,b_former_name,"former name 'Lantheus MI Holdings, Inc.' (2014-03-25..2014-05-23) -> 'Lantheus Holdings, Inc.'; SIC now In Vitro & In Vivo Diagnostic Substances",no,"Plain rename / spin-co or holdco naming of the same entity; prices and filings refer to the same company. No SIC history is available in the SEC submissions API (current SIC only), so this is judged from names plus the other checks."
LRN,b_former_name,"former name 'K12 INC' (2002-07-02..2020-12-15) -> 'Stride, Inc.'; SIC now Services-Educational Services",no,"Plain rename / spin-co or holdco naming of the same entity; prices and filings refer to the same company. No SIC history is available in the SEC submissions API (current SIC only), so this is judged from names plus the other checks."
LUMN,b_former_name,"former name 'CENTURYLINK, INC' (2010-11-09..2021-01-20) -> 'Lumen Technologies, Inc.'; SIC now Telephone Communications (No Radiotelephone)",no,"Plain rename / spin-co or holdco naming of the same entity; prices and filings refer to the same company. No SIC history is available in the SEC submissions API (current SIC only), so this is judged from names plus the other checks."
LXP,b_former_name,former name 'LEXINGTON REALTY TRUST' (2007-01-04..2021-12-08) -> 'LXP Industrial Trust'; SIC now Real Estate Investment Trusts,no,"Plain rename / spin-co or holdco naming of the same entity; prices and filings refer to the same company. No SIC history is available in the SEC submissions API (current SIC only), so this is judged from names plus the other checks."
LZ,b_former_name,"former name 'LEGALZOOM COM INC' (2004-04-02..2021-06-04) -> 'LEGALZOOM.COM, INC.'; SIC now Services-Computer Processing & Data Preparation",no,"Plain rename / spin-co or holdco naming of the same entity; prices and filings refer to the same company. No SIC history is available in the SEC submissions API (current SIC only), so this is judged from names plus the other checks."
MHO,b_former_name,"former name 'M I HOMES INC' (2004-01-13..2019-06-21) -> 'M/I HOMES, INC.'; SIC now Operative Builders",no,"Plain rename / spin-co or holdco naming of the same entity; prices and filings refer to the same company. No SIC history is available in the SEC submissions API (current SIC only), so this is judged from names plus the other checks."
MLKN,b_former_name,"former name 'HERMAN MILLER INC' (2019-12-09..2021-10-29) -> 'MILLERKNOLL, INC.'; SIC now Office Furniture",no,"Plain rename / spin-co or holdco naming of the same entity; prices and filings refer to the same company. No SIC history is available in the SEC submissions API (current SIC only), so this is judged from names plus the other checks."
MLKN,b_former_name,"former name 'MILLER HERMAN INC' (1994-11-23..2019-11-05) -> 'MILLERKNOLL, INC.'; SIC now Office Furniture",no,"Plain rename / spin-co or holdco naming of the same entity; prices and filings refer to the same company. No SIC history is available in the SEC submissions API (current SIC only), so this is judged from names plus the other checks."
MMS,b_former_name,"former name 'MAXIMUS INC' (1997-03-28..2019-07-02) -> 'MAXIMUS, INC.'; SIC now Services-Business Services, NEC",no,"Plain rename / spin-co or holdco naming of the same entity; prices and filings refer to the same company. No SIC history is available in the SEC submissions API (current SIC only), so this is judged from names plus the other checks."
MOH,b_former_name,"former name 'MOLINA HEALTHCARE INC' (2002-12-30..2019-07-03) -> 'MOLINA HEALTHCARE, INC.'; SIC now Hospital & Medical Service Plans",no,"Plain rename / spin-co or holdco naming of the same entity; prices and filings refer to the same company. No SIC history is available in the SEC submissions API (current SIC only), so this is judged from names plus the other checks."
MSA,b_former_name,"former name 'MINE SAFETY APPLIANCES CO' (1994-05-11..2014-03-06) -> 'MSA Safety Inc'; SIC now Orthopedic, Prosthetic & Surgical Appliances & Supplies",no,"Plain rename / spin-co or holdco naming of the same entity; prices and filings refer to the same company. No SIC history is available in the SEC submissions API (current SIC only), so this is judged from names plus the other checks."
MSGS,b_former_name,former name 'Madison Square Garden Co' (2015-04-23..2020-04-06) -> 'Madison Square Garden Sports Corp.'; SIC now Services-Miscellaneous Amusement & Recreation,no,"Plain rename / spin-co or holdco naming of the same entity; prices and filings refer to the same company. No SIC history is available in the SEC submissions API (current SIC only), so this is judged from names plus the other checks."
MSGS,b_former_name,"former name 'MSG SPINCO, INC.' (2015-03-27..2015-09-29) -> 'Madison Square Garden Sports Corp.'; SIC now Services-Miscellaneous Amusement & Recreation",no,"Plain rename / spin-co or holdco naming of the same entity; prices and filings refer to the same company. No SIC history is available in the SEC submissions API (current SIC only), so this is judged from names plus the other checks."
MTSI,b_former_name,"former name 'M/A-COM Technology Solutions Holdings, Inc.' (2010-06-08..2016-05-27) -> 'MACOM Technology Solutions Holdings, Inc.'; SIC now Semiconductors & Related Devices",no,"Plain rename / spin-co or holdco naming of the same entity; prices and filings refer to the same company. No SIC history is available in the SEC submissions API (current SIC only), so this is judged from names plus the other checks."
MUR,b_former_name,former name 'MURPHY OIL CORP /DE' (1994-02-14..2019-07-12) -> 'MURPHY OIL CORP'; SIC now Crude Petroleum & Natural Gas,no,"Plain rename / spin-co or holdco naming of the same entity; prices and filings refer to the same company. No SIC history is available in the SEC submissions API (current SIC only), so this is judged from names plus the other checks."
NABL,b_former_name,"former name 'N-able, LLC' (2021-03-26..2021-04-06) -> 'N-able, Inc.'; SIC now Services-Prepackaged Software",no,"Plain rename / spin-co or holdco naming of the same entity; prices and filings refer to the same company. No SIC history is available in the SEC submissions API (current SIC only), so this is judged from names plus the other checks."
NABL,b_former_name,"former name 'SWI Spinco, LLC' (2020-12-04..2021-03-02) -> 'N-able, Inc.'; SIC now Services-Prepackaged Software",no,"Plain rename / spin-co or holdco naming of the same entity; prices and filings refer to the same company. No SIC history is available in the SEC submissions API (current SIC only), so this is judged from names plus the other checks."
NAVI,b_former_name,"former name 'New Corp' (2013-12-06..2014-02-28) -> 'NAVIENT CORP'; SIC now Security Brokers, Dealers & Flotation Companies",no,"Plain rename / spin-co or holdco naming of the same entity; prices and filings refer to the same company. No SIC history is available in the SEC submissions API (current SIC only), so this is judged from names plus the other checks."
NOV,b_former_name,former name 'NATIONAL OILWELL VARCO INC' (2005-03-11..2020-12-22) -> 'NOV Inc.'; SIC now Oil & Gas Field Machinery & Equipment,no,"Plain rename / spin-co or holdco naming of the same entity; prices and filings refer to the same company. No SIC history is available in the SEC submissions API (current SIC only), so this is judged from names plus the other checks."
NOVT,b_former_name,"former name 'GSI GROUP INC' (2005-06-27..2016-05-06) -> 'NOVANTA INC'; SIC now Miscellaneous Electrical Machinery, Equipment & Supplies",no,"Plain rename / spin-co or holdco naming of the same entity; prices and filings refer to the same company. No SIC history is available in the SEC submissions API (current SIC only), so this is judged from names plus the other checks."
NWL,b_former_name,"former name 'NEWELL BRANDS, INC.' (2019-10-17..2019-10-25) -> 'NEWELL BRANDS INC.'; SIC now Plastics Products, NEC",no,"Plain rename / spin-co or holdco naming of the same entity; prices and filings refer to the same company. No SIC history is available in the SEC submissions API (current SIC only), so this is judged from names plus the other checks."
NWL,b_former_name,"former name 'NEWELL BRANDS INC' (2016-02-11..2019-10-09) -> 'NEWELL BRANDS INC.'; SIC now Plastics Products, NEC",no,"Plain rename / spin-co or holdco naming of the same entity; prices and filings refer to the same company. No SIC history is available in the SEC submissions API (current SIC only), so this is judged from names plus the other checks."
NWL,b_former_name,"former name 'NEWELL RUBBERMAID INC' (1999-09-29..2016-04-15) -> 'NEWELL BRANDS INC.'; SIC now Plastics Products, NEC",no,"Plain rename / spin-co or holdco naming of the same entity; prices and filings refer to the same company. No SIC history is available in the SEC submissions API (current SIC only), so this is judged from names plus the other checks."
NXST,b_former_name,"former name 'NEXSTAR BROADCASTING GROUP INC' (2001-07-23..2017-01-13) -> 'NEXSTAR MEDIA GROUP, INC.'; SIC now Television Broadcasting Stations",no,"Plain rename / spin-co or holdco naming of the same entity; prices and filings refer to the same company. No SIC history is available in the SEC submissions API (current SIC only), so this is judged from names plus the other checks."
OI,b_former_name,"former name 'OWENS ILLINOIS INC /DE/' (1994-01-07..2019-12-19) -> 'O-I Glass, Inc. /DE/'; SIC now Glass Containers",no,"Plain rename / spin-co or holdco naming of the same entity; prices and filings refer to the same company. No SIC history is available in the SEC submissions API (current SIC only), so this is judged from names plus the other checks."
ONTO,b_former_name,"former name 'NANOMETRICS INC' (1995-09-08..2019-10-25) -> 'ONTO INNOVATION INC.'; SIC now Measuring & Controlling Devices, NEC",no,"Plain rename / spin-co or holdco naming of the same entity; prices and filings refer to the same company. No SIC history is available in the SEC submissions API (current SIC only), so this is judged from names plus the other checks."
OUT,b_former_name,former name 'CBS OUTDOOR AMERICAS INC.' (2013-06-27..2014-11-20) -> 'OUTFRONT Media Inc.'; SIC now Real Estate Investment Trusts,no,"Plain rename / spin-co or holdco naming of the same entity; prices and filings refer to the same company. No SIC history is available in the SEC submissions API (current SIC only), so this is judged from names plus the other checks."
OVV,b_former_name,former name '1847432 Alberta ULC' (2019-11-06..2019-12-18) -> 'Ovintiv Inc.'; SIC now Crude Petroleum & Natural Gas,no,"Plain rename / spin-co or holdco naming of the same entity; prices and filings refer to the same company. No SIC history is available in the SEC submissions API (current SIC only), so this is judged from names plus the other checks."
OZK,b_former_name,former name 'Bank of the Ozarks' (2013-02-14..2018-08-02) -> 'Bank OZK'; SIC now nan,no,"Plain rename / spin-co or holdco naming of the same entity; prices and filings refer to the same company. No SIC history is available in the SEC submissions API (current SIC only), so this is judged from names plus the other checks."
PARR,b_former_name,"former name 'PAR PETROLEUM CORP/CO' (2012-09-07..2015-10-14) -> 'PAR PACIFIC HOLDINGS, INC.'; SIC now Crude Petroleum & Natural Gas",no,"Plain rename / spin-co or holdco naming of the same entity; prices and filings refer to the same company. No SIC history is available in the SEC submissions API (current SIC only), so this is judged from names plus the other checks."
PAYO,b_former_name,"former name 'New Starship Parent, Inc.' (2021-02-16..2021-06-02) -> 'Payoneer Global Inc.'; SIC now Services-Business Services, NEC",no,"Plain rename / spin-co or holdco naming of the same entity; prices and filings refer to the same company. No SIC history is available in the SEC submissions API (current SIC only), so this is judged from names plus the other checks."
PBH,b_former_name,"former name 'Prestige Brands Holdings, Inc.' (2004-07-28..2018-08-10) -> 'Prestige Consumer Healthcare Inc.'; SIC now Pharmaceutical Preparations",no,"Plain rename / spin-co or holdco naming of the same entity; prices and filings refer to the same company. No SIC history is available in the SEC submissions API (current SIC only), so this is judged from names plus the other checks."
PCRX,b_former_name,"former name 'Pacira Pharmaceuticals, Inc.' (2010-11-01..2019-04-09) -> 'Pacira BioSciences, Inc.'; SIC now Pharmaceutical Preparations",no,"Plain rename / spin-co or holdco naming of the same entity; prices and filings refer to the same company. No SIC history is available in the SEC submissions API (current SIC only), so this is judged from names plus the other checks."
PECO,b_former_name,"former name 'PHILLIPS EDISON GROCERY CENTER REIT I, INC.' (2014-12-17..2017-12-15) -> 'Phillips Edison & Company, Inc.'; SIC now Real Estate Investment Trusts",no,"Plain rename / spin-co or holdco naming of the same entity; prices and filings refer to the same company. No SIC history is available in the SEC submissions API (current SIC only), so this is judged from names plus the other checks."
PECO,b_former_name,"former name 'Phillips Edison - ARC Shopping Center REIT Inc.' (2010-01-13..2014-12-04) -> 'Phillips Edison & Company, Inc.'; SIC now Real Estate Investment Trusts",no,"Plain rename / spin-co or holdco naming of the same entity; prices and filings refer to the same company. No SIC history is available in the SEC submissions API (current SIC only), so this is judged from names plus the other checks."
PGNY,b_former_name,"former name 'Auxogyn, Inc.' (2015-03-19..2015-03-19) -> 'Progyny, Inc.'; SIC now Services-Misc Health & Allied Services, NEC",no,"Plain rename / spin-co or holdco naming of the same entity; prices and filings refer to the same company. No SIC history is available in the SEC submissions API (current SIC only), so this is judged from names plus the other checks."
PII,b_former_name,former name 'POLARIS INDUSTRIES INC/MN' (1994-11-21..2019-07-23) -> 'Polaris Inc.'; SIC now Miscellaneous Transportation Equipment,no,"Plain rename / spin-co or holdco naming of the same entity; prices and filings refer to the same company. No SIC history is available in the SEC submissions API (current SIC only), so this is judged from names plus the other checks."
PIPR,b_former_name,"former name 'PIPER JAFFRAY COMPANIES' (2003-06-25..2020-01-02) -> 'PIPER SANDLER COMPANIES'; SIC now Security Brokers, Dealers & Flotation Companies",no,"Plain rename / spin-co or holdco naming of the same entity; prices and filings refer to the same company. No SIC history is available in the SEC submissions API (current SIC only), so this is judged from names plus the other checks."
PK,b_former_name,"former name 'Hilton Worldwide, Inc.' (2014-09-11..2014-11-20) -> 'Park Hotels & Resorts Inc.'; SIC now Hotels & Motels",no,"Plain rename / spin-co or holdco naming of the same entity; prices and filings refer to the same company. No SIC history is available in the SEC submissions API (current SIC only), so this is judged from names plus the other checks."
PLMR,b_former_name,"former name 'GC Palomar Holdings' (2018-12-14..2019-02-13) -> 'Palomar Holdings, Inc.'; SIC now Fire, Marine & Casualty Insurance",no,"Plain rename / spin-co or holdco naming of the same entity; prices and filings refer to the same company. No SIC history is available in the SEC submissions API (current SIC only), so this is judged from names plus the other checks."
PPLI,b_former_name,"former name 'IAC Holdings, Inc.' (2020-02-13..2020-07-01) -> 'People Inc'; SIC now Services-Computer Programming, Data Processing, Etc.",no,"Plain rename / spin-co or holdco naming of the same entity; prices and filings refer to the same company. No SIC history is available in the SEC submissions API (current SIC only), so this is judged from names plus the other checks."
PRDO,b_former_name,former name 'CAREER EDUCATION CORP' (1997-10-10..2019-12-18) -> 'PERDOCEO EDUCATION Corp'; SIC now Services-Educational Services,no,"Plain rename / spin-co or holdco naming of the same entity; prices and filings refer to the same company. No SIC history is available in the SEC submissions API (current SIC only), so this is judged from names plus the other checks."
PRG,b_former_name,"former name 'Aaron's Holdings Company, Inc.' (2020-04-13..2020-11-23) -> 'PROG Holdings, Inc.'; SIC now Services-Equipment Rental & Leasing, NEC",no,"Plain rename / spin-co or holdco naming of the same entity; prices and filings refer to the same company. No SIC history is available in the SEC submissions API (current SIC only), so this is judged from names plus the other checks."
PRVA,b_former_name,"former name 'PH Group Parent Corp.' (2019-02-13..2020-03-11) -> 'Privia Health Group, Inc.'; SIC now Services-Health Services",no,"Plain rename / spin-co or holdco naming of the same entity; prices and filings refer to the same company. No SIC history is available in the SEC submissions API (current SIC only), so this is judged from names plus the other checks."
PSN,b_former_name,former name 'PARSON CORP' (2019-02-11..2019-02-11) -> 'PARSONS CORP'; SIC now Services-Computer Integrated Systems Design,no,"Plain rename / spin-co or holdco naming of the same entity; prices and filings refer to the same company. No SIC history is available in the SEC submissions API (current SIC only), so this is judged from names plus the other checks."
QRVO,b_former_name,"former name 'Rocky Holding, Inc.' (2014-04-14..2014-10-08) -> 'Qorvo, Inc.'; SIC now Semiconductors & Related Devices",no,"Plain rename / spin-co or holdco naming of the same entity; prices and filings refer to the same company. No SIC history is available in the SEC submissions API (current SIC only), so this is judged from names plus the other checks."
RAMP,b_former_name,"former name 'Acxiom Holdings, Inc.' (2018-09-21..2018-10-01) -> 'LiveRamp Holdings, Inc.'; SIC now Services-Computer Processing & Data Preparation",no,"Plain rename / spin-co or holdco naming of the same entity; prices and filings refer to the same company. No SIC history is available in the SEC submissions API (current SIC only), so this is judged from names plus the other checks."
RAMP,b_former_name,"former name 'ACXIOM CORP' (1994-10-27..2018-09-20) -> 'LiveRamp Holdings, Inc.'; SIC now Services-Computer Processing & Data Preparation",no,"Plain rename / spin-co or holdco naming of the same entity; prices and filings refer to the same company. No SIC history is available in the SEC submissions API (current SIC only), so this is judged from names plus the other checks."
REZI,b_former_name,"former name 'HH Spinco Inc.' (2018-06-14..2018-06-14) -> 'RESIDEO TECHNOLOGIES, INC.'; SIC now Wholesale-Hardware",no,"Plain rename / spin-co or holdco naming of the same entity; prices and filings refer to the same company. No SIC history is available in the SEC submissions API (current SIC only), so this is judged from names plus the other checks."
RH,b_former_name,former name 'Restoration Hardware Holdings Inc' (2011-09-09..2017-02-10) -> 'RH'; SIC now Retail-Furniture Stores,no,"Plain rename / spin-co or holdco naming of the same entity; prices and filings refer to the same company. No SIC history is available in the SEC submissions API (current SIC only), so this is judged from names plus the other checks."
RHI,b_former_name,former name 'HALF ROBERT INTERNATIONAL INC /DE/' (1994-05-09..2019-05-29) -> 'ROBERT HALF INC.'; SIC now Services-Help Supply Services,no,"Plain rename / spin-co or holdco naming of the same entity; prices and filings refer to the same company. No SIC history is available in the SEC submissions API (current SIC only), so this is judged from names plus the other checks."
RNG,b_former_name,"former name 'RingCentral Inc' (2006-12-20..2019-07-03) -> 'RingCentral, Inc.'; SIC now Services-Computer Processing & Data Preparation",no,"Plain rename / spin-co or holdco naming of the same entity; prices and filings refer to the same company. No SIC history is available in the SEC submissions API (current SIC only), so this is judged from names plus the other checks."
RRR,b_former_name,"former name 'Station Casinos Corp.' (2015-10-13..2016-01-07) -> 'Red Rock Resorts, Inc.'; SIC now Hotels & Motels",no,"Plain rename / spin-co or holdco naming of the same entity; prices and filings refer to the same company. No SIC history is available in the SEC submissions API (current SIC only), so this is judged from names plus the other checks."
RRX,b_former_name,"former name 'REGAL BELOIT CORP' (1994-02-14..2021-09-28) -> 'REGAL REXNORD CORP'; SIC now General Industrial Machinery & Equipment, NEC",no,"Plain rename / spin-co or holdco naming of the same entity; prices and filings refer to the same company. No SIC history is available in the SEC submissions API (current SIC only), so this is judged from names plus the other checks."
RYAN,b_former_name,"former name 'MAVERICK SPECIALTY, INC.' (2021-03-15..2021-04-23) -> 'RYAN SPECIALTY HOLDINGS, INC.'; SIC now Insurance Agents, Brokers & Service",no,"Plain rename / spin-co or holdco naming of the same entity; prices and filings refer to the same company. No SIC history is available in the SEC submissions API (current SIC only), so this is judged from names plus the other checks."
SCI,b_former_name,former name 'SERVICE CORPORATION INTERNATIONAL' (1994-11-07..2017-01-19) -> 'SERVICE CORP INTERNATIONAL'; SIC now Services-Personal Services,no,"Plain rename / spin-co or holdco naming of the same entity; prices and filings refer to the same company. No SIC history is available in the SEC submissions API (current SIC only), so this is judged from names plus the other checks."
SCSC,b_former_name,"former name 'SCANSOURCE INC' (1996-09-24..2016-12-13) -> 'SCANSOURCE, INC.'; SIC now Wholesale-Computers & Peripheral Equipment & Software",no,"Plain rename / spin-co or holdco naming of the same entity; prices and filings refer to the same company. No SIC history is available in the SEC submissions API (current SIC only), so this is judged from names plus the other checks."
SEDG,b_former_name,"former name 'SolarEdge Technologies Inc' (2007-11-21..2019-08-08) -> 'SOLAREDGE TECHNOLOGIES, INC.'; SIC now Semiconductors & Related Devices",no,"Plain rename / spin-co or holdco naming of the same entity; prices and filings refer to the same company. No SIC history is available in the SEC submissions API (current SIC only), so this is judged from names plus the other checks."
SHC,b_former_name,"former name 'Sotera Health Topco, Inc.' (2020-09-02..2020-10-09) -> 'Sotera Health Co'; SIC now Services-Misc Health & Allied Services, NEC",no,"Plain rename / spin-co or holdco naming of the same entity; prices and filings refer to the same company. No SIC history is available in the SEC submissions API (current SIC only), so this is judged from names plus the other checks."
SKT,b_former_name,former name 'TANGER FACTORY OUTLET CENTERS INC' (1994-02-01..2019-06-04) -> 'TANGER INC.'; SIC now Real Estate Investment Trusts,no,"Plain rename / spin-co or holdco naming of the same entity; prices and filings refer to the same company. No SIC history is available in the SEC submissions API (current SIC only), so this is judged from names plus the other checks."
SLAB,b_former_name,former name 'SILICON LABORATORIES INC' (2000-08-11..2019-07-01) -> 'SILICON LABORATORIES INC.'; SIC now Semiconductors & Related Devices,no,"Plain rename / spin-co or holdco naming of the same entity; prices and filings refer to the same company. No SIC history is available in the SEC submissions API (current SIC only), so this is judged from names plus the other checks."
SMP,b_former_name,"former name 'STANDARD MOTOR PRODUCTS INC' (1994-05-13..2018-10-30) -> 'STANDARD MOTOR PRODUCTS, INC.'; SIC now Motor Vehicle Parts & Accessories",no,"Plain rename / spin-co or holdco naming of the same entity; prices and filings refer to the same company. No SIC history is available in the SEC submissions API (current SIC only), so this is judged from names plus the other checks."
SNEX,b_former_name,"former name 'INTL FCSTONE INC.' (2011-03-02..2020-06-24) -> 'StoneX Group Inc.'; SIC now Security & Commodity Brokers, Dealers, Exchanges & Services",no,"Plain rename / spin-co or holdco naming of the same entity; prices and filings refer to the same company. No SIC history is available in the SEC submissions API (current SIC only), so this is judged from names plus the other checks."
SNX,b_former_name,former name 'SYNNEX CORP' (2003-11-07..2021-11-02) -> 'TD SYNNEX CORP'; SIC now Wholesale-Computers & Peripheral Equipment & Software,no,"Plain rename / spin-co or holdco naming of the same entity; prices and filings refer to the same company. No SIC history is available in the SEC submissions API (current SIC only), so this is judged from names plus the other checks."
SPHR,b_former_name,"former name 'MSG ENTERTAINMENT SPINCO, INC.' (2019-12-03..2020-04-16) -> 'Sphere Entertainment Co.'; SIC now Services-Amusement & Recreation Services",no,"Plain rename / spin-co or holdco naming of the same entity; prices and filings refer to the same company. No SIC history is available in the SEC submissions API (current SIC only), so this is judged from names plus the other checks."
SPNT,b_former_name,"former name 'Third Point Reinsurance Ltd.' (2013-05-14..2021-02-26) -> 'SiriusPoint Ltd'; SIC now Fire, Marine & Casualty Insurance",no,"Plain rename / spin-co or holdco naming of the same entity; prices and filings refer to the same company. No SIC history is available in the SEC submissions API (current SIC only), so this is judged from names plus the other checks."
SR,b_former_name,former name 'LACLEDE GROUP INC' (2000-10-27..2016-04-13) -> 'SPIRE INC'; SIC now Natural Gas Distribution,no,"Plain rename / spin-co or holdco naming of the same entity; prices and filings refer to the same company. No SIC history is available in the SEC submissions API (current SIC only), so this is judged from names plus the other checks."
SSD,b_former_name,"former name 'SIMPSON MANUFACTURING CO INC /CA/' (1996-11-06..2019-08-07) -> 'Simpson Manufacturing Co., Inc.'; SIC now Cutlery, Handtools & General Hardware",no,"Plain rename / spin-co or holdco naming of the same entity; prices and filings refer to the same company. No SIC history is available in the SEC submissions API (current SIC only), so this is judged from names plus the other checks."
ST,b_former_name,"former name 'Sensata Technologies Holding N.V.' (2009-12-22..2018-03-14) -> 'Sensata Technologies Holding plc'; SIC now Industrial Instruments For Measurement, Display, and Control",no,"Plain rename / spin-co or holdco naming of the same entity; prices and filings refer to the same company. No SIC history is available in the SEC submissions API (current SIC only), so this is judged from names plus the other checks."
STRA,b_former_name,"former name 'STRAYER EDUCATION INC' (1996-07-24..2018-07-09) -> 'Strategic Education, Inc.'; SIC now Services-Educational Services",no,"Plain rename / spin-co or holdco naming of the same entity; prices and filings refer to the same company. No SIC history is available in the SEC submissions API (current SIC only), so this is judged from names plus the other checks."
SUPN,b_former_name,"former name 'SUPERNUS PHARMACEUTICALS INC' (2006-03-06..2019-06-12) -> 'SUPERNUS PHARMACEUTICALS, INC.'; SIC now Pharmaceutical Preparations",no,"Plain rename / spin-co or holdco naming of the same entity; prices and filings refer to the same company. No SIC history is available in the SEC submissions API (current SIC only), so this is judged from names plus the other checks."
TALO,b_former_name,former name 'SAILFISH ENERGY HOLDINGS Corp' (2017-12-29..2018-04-09) -> 'TALOS ENERGY INC.'; SIC now Crude Petroleum & Natural Gas,no,"Plain rename / spin-co or holdco naming of the same entity; prices and filings refer to the same company. No SIC history is available in the SEC submissions API (current SIC only), so this is judged from names plus the other checks."
TNL,b_former_name,"former name 'Wyndham Destinations, Inc.' (2018-05-31..2021-02-16) -> 'Travel & Leisure Co.'; SIC now Hotels & Motels",no,"Plain rename / spin-co or holdco naming of the same entity; prices and filings refer to the same company. No SIC history is available in the SEC submissions API (current SIC only), so this is judged from names plus the other checks."
TNL,b_former_name,former name 'WYNDHAM WORLDWIDE CORP' (2006-05-11..2018-05-23) -> 'Travel & Leisure Co.'; SIC now Hotels & Motels,no,"Plain rename / spin-co or holdco naming of the same entity; prices and filings refer to the same company. No SIC history is available in the SEC submissions API (current SIC only), so this is judged from names plus the other checks."
TOL,b_former_name,"former name 'TOLL BROTHERS INC' (1994-01-10..2019-03-28) -> 'Toll Brothers, Inc.'; SIC now Operative Builders",no,"Plain rename / spin-co or holdco naming of the same entity; prices and filings refer to the same company. No SIC history is available in the SEC submissions API (current SIC only), so this is judged from names plus the other checks."
TRU,b_former_name,"former name 'TransUnion Holding Company, Inc.' (2012-07-25..2015-03-13) -> 'TransUnion'; SIC now Services-Consumer Credit Reporting, Collection Agencies",no,"Plain rename / spin-co or holdco naming of the same entity; prices and filings refer to the same company. No SIC history is available in the SEC submissions API (current SIC only), so this is judged from names plus the other checks."
TRUP,b_former_name,"former name 'TRUPANION INC.' (2014-03-03..2018-05-02) -> 'TRUPANION, INC.'; SIC now Hospital & Medical Service Plans",no,"Plain rename / spin-co or holdco naming of the same entity; prices and filings refer to the same company. No SIC history is available in the SEC submissions API (current SIC only), so this is judged from names plus the other checks."
UCTT,b_former_name,"former name 'ULTRA CLEAN HOLDINGS INC' (2004-01-14..2015-02-17) -> 'Ultra Clean Holdings, Inc.'; SIC now Semiconductors & Related Devices",no,"Plain rename / spin-co or holdco naming of the same entity; prices and filings refer to the same company. No SIC history is available in the SEC submissions API (current SIC only), so this is judged from names plus the other checks."
UE,b_former_name,former name 'Vornado SpinCo' (2014-06-26..2014-09-19) -> 'Urban Edge Properties'; SIC now Real Estate,no,"Plain rename / spin-co or holdco naming of the same entity; prices and filings refer to the same company. No SIC history is available in the SEC submissions API (current SIC only), so this is judged from names plus the other checks."
UFPI,b_former_name,"former name 'UNIVERSAL FOREST PRODUCTS INC' (1996-08-12..2020-04-23) -> 'UFP INDUSTRIES INC'; SIC now Sawmills & Planting Mills, General",no,"Plain rename / spin-co or holdco naming of the same entity; prices and filings refer to the same company. No SIC history is available in the SEC submissions API (current SIC only), so this is judged from names plus the other checks."
UPWK,b_former_name,"former name 'Upwork Inc.' (2018-06-04..2021-04-20) -> 'UPWORK, INC'; SIC now Services-Computer Processing & Data Preparation",no,"Plain rename / spin-co or holdco naming of the same entity; prices and filings refer to the same company. No SIC history is available in the SEC submissions API (current SIC only), so this is judged from names plus the other checks."
VAL,b_former_name,former name 'Valaris plc' (2019-08-05..2021-04-30) -> 'Valaris Ltd'; SIC now Drilling Oil & Gas Wells,no,"Plain rename / spin-co or holdco naming of the same entity; prices and filings refer to the same company. No SIC history is available in the SEC submissions API (current SIC only), so this is judged from names plus the other checks."
VAL,b_former_name,former name 'Ensco Rowan plc' (2019-04-11..2019-08-01) -> 'Valaris Ltd'; SIC now Drilling Oil & Gas Wells,no,"Plain rename / spin-co or holdco naming of the same entity; prices and filings refer to the same company. No SIC history is available in the SEC submissions API (current SIC only), so this is judged from names plus the other checks."
VAL,b_former_name,former name 'Ensco plc' (2010-03-18..2019-03-29) -> 'Valaris Ltd'; SIC now Drilling Oil & Gas Wells,no,"Plain rename / spin-co or holdco naming of the same entity; prices and filings refer to the same company. No SIC history is available in the SEC submissions API (current SIC only), so this is judged from names plus the other checks."
VCEL,b_former_name,"former name 'AASTROM BIOSCIENCES INC' (1996-11-01..2014-11-14) -> 'Vericel Corp'; SIC now Biological Products, (No Diagnostic Substances)",no,"Plain rename / spin-co or holdco naming of the same entity; prices and filings refer to the same company. No SIC history is available in the SEC submissions API (current SIC only), so this is judged from names plus the other checks."
VIAV,b_former_name,former name 'JDS UNIPHASE CORP /CA/' (1999-11-15..2015-07-16) -> 'VIAVI SOLUTIONS INC.'; SIC now Semiconductors & Related Devices,no,"Plain rename / spin-co or holdco naming of the same entity; prices and filings refer to the same company. No SIC history is available in the SEC submissions API (current SIC only), so this is judged from names plus the other checks."
VNT,b_former_name,former name 'TTF Holdings Corp.' (2019-09-06..2019-11-15) -> 'Vontier Corp'; SIC now Totalizing Fluid Meters & Counting Devices,no,"Plain rename / spin-co or holdco naming of the same entity; prices and filings refer to the same company. No SIC history is available in the SEC submissions API (current SIC only), so this is judged from names plus the other checks."
VOYA,b_former_name,"former name 'ING U.S., Inc.' (2012-11-09..2014-03-28) -> 'Voya Financial, Inc.'; SIC now Life Insurance",no,"Plain rename / spin-co or holdco naming of the same entity; prices and filings refer to the same company. No SIC history is available in the SEC submissions API (current SIC only), so this is judged from names plus the other checks."
VSXY,b_former_name,former name 'Victorias Secret & Co' (2021-04-16..2021-04-16) -> 'Victoria's Secret & Co.'; SIC now Retail-Women's Clothing Stores,no,"Plain rename / spin-co or holdco naming of the same entity; prices and filings refer to the same company. No SIC history is available in the SEC submissions API (current SIC only), so this is judged from names plus the other checks."
VTOL,b_former_name,"former name 'ERA GROUP INC.' (2011-08-02..2020-06-09) -> 'Bristow Group Inc.'; SIC now Air Transportation, Nonscheduled",no,"Plain rename / spin-co or holdco naming of the same entity; prices and filings refer to the same company. No SIC history is available in the SEC submissions API (current SIC only), so this is judged from names plus the other checks."
VVX,b_former_name,"former name 'Exelis MSCO Inc.' (2014-03-10..2014-03-10) -> 'V2X, Inc.'; SIC now Services-Facilities Support Management Services",no,"Plain rename / spin-co or holdco naming of the same entity; prices and filings refer to the same company. No SIC history is available in the SEC submissions API (current SIC only), so this is judged from names plus the other checks."
WFRD,b_former_name,former name 'Weatherford International Ltd' (2014-04-02..2014-06-19) -> 'Weatherford International plc'; SIC now Oil & Gas Field Machinery & Equipment,no,"Plain rename / spin-co or holdco naming of the same entity; prices and filings refer to the same company. No SIC history is available in the SEC submissions API (current SIC only), so this is judged from names plus the other checks."
WLY,b_former_name,"former name 'WILEY JOHN & SONS, INC.' (2007-09-07..2019-07-25) -> 'JOHN WILEY & SONS, INC.'; SIC now Books: Publishing or  Publishing & Printing",no,"Plain rename / spin-co or holdco naming of the same entity; prices and filings refer to the same company. No SIC history is available in the SEC submissions API (current SIC only), so this is judged from names plus the other checks."
WRBY,b_former_name,"former name 'JAND, Inc.' (2010-11-03..2018-03-23) -> 'Warby Parker Inc.'; SIC now Ophthalmic Goods",no,"Plain rename / spin-co or holdco naming of the same entity; prices and filings refer to the same company. No SIC history is available in the SEC submissions API (current SIC only), so this is judged from names plus the other checks."
WTRG,b_former_name,"former name 'AQUA AMERICA INC' (2004-01-22..2020-01-16) -> 'Essential Utilities, Inc.'; SIC now Water Supply",no,"Plain rename / spin-co or holdco naming of the same entity; prices and filings refer to the same company. No SIC history is available in the SEC submissions API (current SIC only), so this is judged from names plus the other checks."
XRAY,b_former_name,former name 'DENTSPLY INTERNATIONAL INC /DE/' (1995-02-13..2016-02-29) -> 'DENTSPLY SIRONA Inc.'; SIC now Dental Equipment & Supplies,no,"Plain rename / spin-co or holdco naming of the same entity; prices and filings refer to the same company. No SIC history is available in the SEC submissions API (current SIC only), so this is judged from names plus the other checks."
ZD,b_former_name,"former name 'J2 GLOBAL, INC.' (2011-12-06..2021-10-04) -> 'ZIFF DAVIS, INC.'; SIC now Telegraph & Other Message Communications",no,"Plain rename / spin-co or holdco naming of the same entity; prices and filings refer to the same company. No SIC history is available in the SEC submissions API (current SIC only), so this is judged from names plus the other checks."
ZION,b_former_name,"former name 'ZIONS BANCORPORATION /UT/' (1994-03-29..2018-09-17) -> 'ZIONS BANCORPORATION, NATIONAL ASSOCIATION /UT/'; SIC now National Commercial Banks",no,"Plain rename / spin-co or holdco naming of the same entity; prices and filings refer to the same company. No SIC history is available in the SEC submissions API (current SIC only), so this is judged from names plus the other checks."
ZWS,b_former_name,former name 'Rexnord Corp' (2011-05-25..2021-09-28) -> 'Zurn Elkay Water Solutions Corp'; SIC now General Industrial Machinery & Equipment,no,"Plain rename / spin-co or holdco naming of the same entity; prices and filings refer to the same company. No SIC history is available in the SEC submissions API (current SIC only), so this is judged from names plus the other checks."
ASTH,b_reverse_merger,"former name 'Apollo Medical Holdings, Inc.' (2008-06-25..2024-02-13) -> 'Astrana Health, Inc.'; SIC now Services-Management Consulting Services; ApolloMed (legal) / NMM (accounting acquirer) 2017-12; FY change Mar->Dec",yes,As-filed year-ago quarters are the legal acquirer's standalone results; post-merger quarters are the combined company (accounting acquirer as predecessor). YoY for the first 4 post-merger quarters mixes two companies. Fix: history break at the merger date.
AAL,c_price_break_gt40pct,2020-06-04 ratio 1.411 (prev 11.85 -> 16.72); next10 level 1.4346x; day vol 6.6x median; zero-vol share before/after 0.0/0.0,no,Real market move (event volume spike and/or no clean split ratio persisting); price is genuine.
ACAD,c_price_break_gt40pct,2019-09-09 ratio 1.6324 (prev 23.8 -> 38.85); next10 level 1.7355x; day vol 24.37x median; zero-vol share before/after 0.0/0.0,no,Real market move (event volume spike and/or no clean split ratio persisting); price is genuine.
ACAD,c_price_break_gt40pct,2021-03-09 ratio 0.5465 (prev 45.78 -> 25.02); next10 level 0.5908x; day vol 28.53x median; zero-vol share before/after 0.0/0.0,no,Real market move (event volume spike and/or no clean split ratio persisting); price is genuine.
ACMR,c_price_break_gt40pct,2018-03-06 ratio 1.4004 (prev 2.6183 -> 3.6667); next10 level 1.6926x; day vol 46.36x median; zero-vol share before/after 0.0/0.0,no,Real market move (event volume spike and/or no clean split ratio persisting); price is genuine.
ADAM,c_price_break_gt40pct,2020-03-24 ratio 0.5397 (prev 7.56 -> 4.08); next10 level 0.664x; day vol 3.21x median; zero-vol share before/after 0.0/0.0,no,COVID-crash move with a volume spike (real price).
ADAM,c_price_break_gt40pct,2020-03-26 ratio 1.4836 (prev 4.88 -> 7.24); next10 level 1.1844x; day vol 4.12x median; zero-vol share before/after 0.0/0.0,no,COVID-crash move with a volume spike (real price).
ADAM,c_price_break_gt40pct,2020-04-08 ratio 1.4925 (prev 5.36 -> 8.0); next10 level 1.5448x; day vol 2.7x median; zero-vol share before/after 0.0/0.0,no,Real market move (event volume spike and/or no clean split ratio persisting); price is genuine.
ADEA,c_price_break_gt40pct,2018-12-10 ratio 1.4374 (prev 5.5494 -> 7.9768); next10 level 1.3744x; day vol 12.9x median; zero-vol share before/after 0.0/0.0,no,Real market move (event volume spike and/or no clean split ratio persisting); price is genuine.
ADMA,c_price_break_gt40pct,2018-12-20 ratio 0.5439 (prev 4.21 -> 2.29); next10 level 0.5677x; day vol 14.45x median; zero-vol share before/after 0.0/0.0,no,Real market move (event volume spike and/or no clean split ratio persisting); price is genuine.
ADMA,c_price_break_gt40pct,2020-03-19 ratio 1.4067 (prev 1.5 -> 2.11); next10 level 1.92x; day vol 1.43x median; zero-vol share before/after 0.0/0.0,no,COVID-crash move with a volume spike (real price).
ADT,c_price_break_gt40pct,2020-08-03 ratio 1.5656 (prev 8.61 -> 13.48); next10 level 1.3914x; day vol 131.36x median; zero-vol share before/after 0.0/0.0,no,Real market move (event volume spike and/or no clean split ratio persisting); price is genuine.
ALKS,c_price_break_gt40pct,2016-01-21 ratio 0.5576 (prev 60.42 -> 33.69); next10 level 0.5498x; day vol 12.04x median; zero-vol share before/after 0.0/0.0,no,Real market move (event volume spike and/or no clean split ratio persisting); price is genuine.
AMRX,c_price_break_gt40pct,2019-12-12 ratio 1.4483 (prev 3.48 -> 5.04); next10 level 1.3793x; day vol 26.77x median; zero-vol share before/after 0.0/0.0,no,Real market move (event volume spike and/or no clean split ratio persisting); price is genuine.
ANIP,c_price_break_gt40pct,2021-11-01 ratio 1.4952 (prev 37.38 -> 55.89); next10 level 1.3379x; day vol 74.92x median; zero-vol share before/after 0.0/0.0,no,Real market move (event volume spike and/or no clean split ratio persisting); price is genuine.
ARLO,c_price_break_gt40pct,2019-02-06 ratio 0.5099 (prev 7.57 -> 3.86); next10 level 0.4875x; day vol 14.03x median; zero-vol share before/after 0.0/0.0,no,Real market move (event volume spike and/or no clean split ratio persisting); price is genuine.
ARMK,c_price_break_gt40pct,2020-03-19 ratio 1.4119 (prev 9.343 -> 13.1913); next10 level 1.5135x; day vol 2.69x median; zero-vol share before/after 0.0/0.0,no,COVID-crash move with a volume spike (real price).
AROC,c_price_break_gt40pct,2015-11-04 ratio 0.5464 (prev 23.06 -> 12.6); next10 level 0.5002x; day vol 4.57x median; zero-vol share before/after 0.0/0.0,no,Real market move (event volume spike and/or no clean split ratio persisting); price is genuine.
AROC,c_price_break_gt40pct,2020-03-18 ratio 0.5556 (prev 3.78 -> 2.1); next10 level 0.9563x; day vol 1.51x median; zero-vol share before/after 0.0/0.0,no,COVID-crash move with a volume spike (real price).
AROC,c_price_break_gt40pct,2020-03-19 ratio 1.6619 (prev 2.1 -> 3.49); next10 level 1.7214x; day vol 1.41x median; zero-vol share before/after 0.0/0.0,no,COVID-crash move with a volume spike (real price).
ARWR,c_price_break_gt40pct,2014-10-08 ratio 0.562 (prev 12.51 -> 7.03); next10 level 0.5212x; day vol 21.64x median; zero-vol share before/after 0.0/0.0,no,Before 2015-06; outside every 2017+ indicator window.
ARWR,c_price_break_gt40pct,2016-11-30 ratio 0.328 (prev 4.39 -> 1.44); next10 level 0.3121x; day vol 15.85x median; zero-vol share before/after 0.0/0.0,no,Real market move (event volume spike and/or no clean split ratio persisting); price is genuine.
ARWR,c_price_break_gt40pct,2020-09-16 ratio 1.4033 (prev 33.8 -> 47.43); next10 level 1.3034x; day vol 23.98x median; zero-vol share before/after 0.0/0.0,no,Real market move (event volume spike and/or no clean split ratio persisting); price is genuine.
ASTH,c_price_break_gt40pct,2014-09-26 ratio 1.5143 (prev 3.5 -> 5.3); next10 level 1.5143x; day vol 1.41x median; zero-vol share before/after 0.47/0.53,no,Thin OTC quotes (zero-volume days; ASTH/CLSK/INDV before exchange listing). Suspect filter + tiny ADDV block trading; only pollutes RS/breadth slightly.
ASTH,c_price_break_gt40pct,2014-10-29 ratio 1.5 (prev 3.0 -> 4.5); next10 level 1.5833x; day vol 34.0x median; zero-vol share before/after 0.4/0.6,no,Thin OTC quotes (zero-volume days; ASTH/CLSK/INDV before exchange listing). Suspect filter + tiny ADDV block trading; only pollutes RS/breadth slightly.
ASTH,c_price_break_gt40pct,2014-11-18 ratio 1.5625 (prev 3.2 -> 5.0); next10 level 1.25x; day vol nanx median; zero-vol share before/after 0.47/0.52,no,Thin OTC quotes (zero-volume days; ASTH/CLSK/INDV before exchange listing). Suspect filter + tiny ADDV block trading; only pollutes RS/breadth slightly.
ASTH,c_price_break_gt40pct,2014-12-31 ratio 1.4516 (prev 3.1 -> 4.5); next10 level 1.3871x; day vol nanx median; zero-vol share before/after 0.58/0.3,no,Thin OTC quotes (zero-volume days; ASTH/CLSK/INDV before exchange listing). Suspect filter + tiny ADDV block trading; only pollutes RS/breadth slightly.
ASTH,c_price_break_gt40pct,2015-05-01 ratio 1.8 (prev 5.0 -> 9.0); next10 level 1.238x; day vol 10.0x median; zero-vol share before/after 0.13/0.42,no,Thin OTC quotes (zero-volume days; ASTH/CLSK/INDV before exchange listing). Suspect filter + tiny ADDV block trading; only pollutes RS/breadth slightly.
ASTH,c_price_break_gt40pct,2016-03-09 ratio 1.4375 (prev 4.0 -> 5.75); next10 level 1.3438x; day vol nanx median; zero-vol share before/after 0.7/0.6,no,Thin OTC quotes (zero-volume days; ASTH/CLSK/INDV before exchange listing). Suspect filter + tiny ADDV block trading; only pollutes RS/breadth slightly.
ASTH,c_price_break_gt40pct,2016-11-03 ratio 1.5 (prev 3.0 -> 4.5); next10 level 1.5x; day vol nanx median; zero-vol share before/after 0.45/0.37,no,Thin OTC quotes (zero-volume days; ASTH/CLSK/INDV before exchange listing). Suspect filter + tiny ADDV block trading; only pollutes RS/breadth slightly.
ASTH,c_price_break_gt40pct,2016-11-30 ratio 0.3659 (prev 4.1 -> 1.5); next10 level 1.0024x; day vol 49.5x median; zero-vol share before/after 0.45/0.33,no,Thin OTC quotes (zero-volume days; ASTH/CLSK/INDV before exchange listing). Suspect filter + tiny ADDV block trading; only pollutes RS/breadth slightly.
ASTH,c_price_break_gt40pct,2016-12-01 ratio 2.0667 (prev 1.5 -> 3.1); next10 level 2.74x; day vol 11.0x median; zero-vol share before/after 0.45/0.33,no,Thin OTC quotes (zero-volume days; ASTH/CLSK/INDV before exchange listing). Suspect filter + tiny ADDV block trading; only pollutes RS/breadth slightly.
ASTH,c_price_break_gt40pct,2016-12-23 ratio 1.4646 (prev 4.95 -> 7.25); next10 level 1.5707x; day vol 71.6x median; zero-vol share before/after 0.45/0.4,no,Thin OTC quotes (zero-volume days; ASTH/CLSK/INDV before exchange listing). Suspect filter + tiny ADDV block trading; only pollutes RS/breadth slightly.
ASTH,c_price_break_gt40pct,2017-12-12 ratio 1.5378 (prev 10.84 -> 16.67); next10 level 1.9834x; day vol 77.5x median; zero-vol share before/after 0.43/0.0,no,Thin OTC quotes (zero-volume days; ASTH/CLSK/INDV before exchange listing). Suspect filter + tiny ADDV block trading; only pollutes RS/breadth slightly.
ASTH,c_price_break_gt40pct,2018-06-15 ratio 1.5953 (prev 16.21 -> 25.86); next10 level 1.6147x; day vol 6.02x median; zero-vol share before/after 0.0/0.0,no,Real market move (event volume spike and/or no clean split ratio persisting); price is genuine.
ASTH,c_price_break_gt40pct,2018-06-22 ratio 1.506 (prev 19.92 -> 30.0); next10 level 1.3358x; day vol 55.46x median; zero-vol share before/after 0.0/0.0,no,Real market move (event volume spike and/or no clean split ratio persisting); price is genuine.
ATEN,c_price_break_gt40pct,2014-10-08 ratio 0.5759 (prev 7.9 -> 4.55); next10 level 0.5259x; day vol 21.43x median; zero-vol share before/after 0.0/0.0,no,Before 2015-06; outside every 2017+ indicator window.
BLFS,c_price_break_gt40pct,2015-06-03 ratio 1.4091 (prev 1.98 -> 2.79); next10 level 1.1591x; day vol 369.24x median; zero-vol share before/after 0.0/0.0,no,Real market move (event volume spike and/or no clean split ratio persisting); price is genuine.
BLFS,c_price_break_gt40pct,2016-07-11 ratio 1.5096 (prev 1.57 -> 2.37); next10 level 1.328x; day vol 4014.97x median; zero-vol share before/after 0.02/0.0,no,Real market move (event volume spike and/or no clean split ratio persisting); price is genuine.
BYD,c_price_break_gt40pct,2020-03-19 ratio 1.4298 (prev 7.84 -> 11.21); next10 level 1.8769x; day vol 2.51x median; zero-vol share before/after 0.0/0.0,no,COVID-crash move with a volume spike (real price).
CAR,c_price_break_gt40pct,2021-11-02 ratio 2.0831 (prev 171.46 -> 357.17); next10 level 1.5924x; day vol 16.66x median; zero-vol share before/after 0.0/0.0,no,Real market move (event volume spike and/or no clean split ratio persisting); price is genuine.
CHEF,c_price_break_gt40pct,2020-03-16 ratio 0.5681 (prev 17.48 -> 9.93); next10 level 0.5034x; day vol 3.46x median; zero-vol share before/after 0.0/0.0,no,COVID-crash move with a volume spike (real price).
CHEF,c_price_break_gt40pct,2020-03-18 ratio 0.4694 (prev 7.67 -> 3.6); next10 level 1.2634x; day vol 7.36x median; zero-vol share before/after 0.0/0.0,no,COVID-crash move with a volume spike (real price).
CHEF,c_price_break_gt40pct,2020-03-24 ratio 1.5521 (prev 6.72 -> 10.43); next10 level 1.5231x; day vol 8.77x median; zero-vol share before/after 0.0/0.0,no,COVID-crash move with a volume spike (real price).
CHEF,c_price_break_gt40pct,2020-11-09 ratio 1.4267 (prev 14.06 -> 20.06); next10 level 1.4164x; day vol 8.17x median; zero-vol share before/after 0.0/0.0,no,Real market move (event volume spike and/or no clean split ratio persisting); price is genuine.
CHRD,c_price_break_gt40pct,2020-03-09 ratio 0.3837 (prev 0.86 -> 0.33); next10 level 0.4767x; day vol 8.68x median; zero-vol share before/after 0.0/0.0,no,COVID-crash move with a volume spike (real price).
CHRD,c_price_break_gt40pct,2020-03-13 ratio 2.7027 (prev 0.37 -> 1.0); next10 level 1.0676x; day vol 3.07x median; zero-vol share before/after 0.0/0.0,no,COVID-crash move with a volume spike (real price).
CHRD,c_price_break_gt40pct,2020-03-16 ratio 0.42 (prev 1.0 -> 0.42); next10 level 0.38x; day vol 2.61x median; zero-vol share before/after 0.0/0.0,no,COVID-crash move with a volume spike (real price).
CHRD,c_price_break_gt40pct,2020-04-23 ratio 2.3103 (prev 0.29 -> 0.67); next10 level 2.0862x; day vol 16.09x median; zero-vol share before/after 0.0/0.0,no,Real market move (event volume spike and/or no clean split ratio persisting); price is genuine.
CHRD,c_price_break_gt40pct,2020-06-05 ratio 2.25 (prev 0.56 -> 1.26); next10 level 2.1339x; day vol 10.91x median; zero-vol share before/after 0.0/0.0,no,Real market move (event volume spike and/or no clean split ratio persisting); price is genuine.
CHRD,c_price_break_gt40pct,2020-06-08 ratio 1.619 (prev 1.26 -> 2.04); next10 level 0.9325x; day vol 11.55x median; zero-vol share before/after 0.0/0.0,no,Real market move (event volume spike and/or no clean split ratio persisting); price is genuine.
CHRD,c_price_break_gt40pct,2020-11-11 ratio 1.8889 (prev 0.09 -> 0.17); next10 level 1.3889x; day vol 9.93x median; zero-vol share before/after 0.0/0.0,no,Real market move (event volume spike and/or no clean split ratio persisting); price is genuine.
CHRD,c_price_break_gt40pct,2020-11-20 ratio 258.3333 (prev 0.12 -> 31.0); next10 level 284.7083x; day vol 0.16x median; zero-vol share before/after 0.0/0.0,yes,"Oasis emerged from Ch.11 2020-11-19: Yahoo stitches the cancelled OLD equity ($0.12) to the NEW equity ($31). A held position gets a fake +25,700%, and ret_252/RS stay absurd until 2021-11 (validation). SUSPECT_MOVE flags only that bar, not the mark or ret_252. Fix: cut CHRD before 2020-11-20."
CLSK,c_price_break_gt40pct,2016-11-22 ratio 1.4286 (prev 31.5 -> 45.0); next10 level 1.1111x; day vol 0.5x median; zero-vol share before/after 0.5/0.78,no,Thin OTC quotes (zero-volume days; ASTH/CLSK/INDV before exchange listing). Suspect filter + tiny ADDV block trading; only pollutes RS/breadth slightly.
CLSK,c_price_break_gt40pct,2017-03-24 ratio 1.6667 (prev 30.0 -> 50.0); next10 level 1.6667x; day vol nanx median; zero-vol share before/after 0.8/0.88,no,Thin OTC quotes (zero-volume days; ASTH/CLSK/INDV before exchange listing). Suspect filter + tiny ADDV block trading; only pollutes RS/breadth slightly.
CLSK,c_price_break_gt40pct,2017-04-17 ratio 1.6364 (prev 27.5 -> 45.0); next10 level 1.6364x; day vol nanx median; zero-vol share before/after 0.78/0.92,no,Thin OTC quotes (zero-volume days; ASTH/CLSK/INDV before exchange listing). Suspect filter + tiny ADDV block trading; only pollutes RS/breadth slightly.
CLSK,c_price_break_gt40pct,2017-10-27 ratio 1.4041 (prev 24.5 -> 34.4); next10 level 0.9796x; day vol nanx median; zero-vol share before/after 0.92/0.9,no,Thin OTC quotes (zero-volume days; ASTH/CLSK/INDV before exchange listing). Suspect filter + tiny ADDV block trading; only pollutes RS/breadth slightly.
CLSK,c_price_break_gt40pct,2017-11-02 ratio 0.5087 (prev 34.4 -> 17.5); next10 level 0.6977x; day vol nanx median; zero-vol share before/after 0.9/0.92,no,Thin OTC quotes (zero-volume days; ASTH/CLSK/INDV before exchange listing). Suspect filter + tiny ADDV block trading; only pollutes RS/breadth slightly.
CLSK,c_price_break_gt40pct,2017-12-15 ratio 1.4353 (prev 17.0 -> 24.4); next10 level 1.4353x; day vol nanx median; zero-vol share before/after 0.82/0.95,no,Thin OTC quotes (zero-volume days; ASTH/CLSK/INDV before exchange listing). Suspect filter + tiny ADDV block trading; only pollutes RS/breadth slightly.
CLSK,c_price_break_gt40pct,2018-02-16 ratio 0.566 (prev 15.9 -> 9.0); next10 level 1.0x; day vol nanx median; zero-vol share before/after 0.92/0.8,no,Thin OTC quotes (zero-volume days; ASTH/CLSK/INDV before exchange listing). Suspect filter + tiny ADDV block trading; only pollutes RS/breadth slightly.
CLSK,c_price_break_gt40pct,2018-02-20 ratio 1.7667 (prev 9.0 -> 15.9); next10 level 1.7667x; day vol nanx median; zero-vol share before/after 0.9/0.82,no,Thin OTC quotes (zero-volume days; ASTH/CLSK/INDV before exchange listing). Suspect filter + tiny ADDV block trading; only pollutes RS/breadth slightly.
CLSK,c_price_break_gt40pct,2018-05-23 ratio 0.5119 (prev 29.5 -> 15.1); next10 level 0.7627x; day vol nanx median; zero-vol share before/after 0.82/0.87,no,Thin OTC quotes (zero-volume days; ASTH/CLSK/INDV before exchange listing). Suspect filter + tiny ADDV block trading; only pollutes RS/breadth slightly.
CLSK,c_price_break_gt40pct,2018-05-24 ratio 1.4901 (prev 15.1 -> 22.5); next10 level 1.4901x; day vol nanx median; zero-vol share before/after 0.8/0.88,no,Thin OTC quotes (zero-volume days; ASTH/CLSK/INDV before exchange listing). Suspect filter + tiny ADDV block trading; only pollutes RS/breadth slightly.
CLSK,c_price_break_gt40pct,2018-07-05 ratio 1.45 (prev 20.0 -> 29.0); next10 level 1.45x; day vol nanx median; zero-vol share before/after 0.75/0.8,no,Thin OTC quotes (zero-volume days; ASTH/CLSK/INDV before exchange listing). Suspect filter + tiny ADDV block trading; only pollutes RS/breadth slightly.
CLSK,c_price_break_gt40pct,2018-09-19 ratio 4.8667 (prev 15.0 -> 73.0); next10 level 3.8267x; day vol nanx median; zero-vol share before/after 0.9/0.0,no,Thin OTC quotes (zero-volume days; ASTH/CLSK/INDV before exchange listing). Suspect filter + tiny ADDV block trading; only pollutes RS/breadth slightly.
CLSK,c_price_break_gt40pct,2018-09-20 ratio 0.4781 (prev 73.0 -> 34.9); next10 level 0.7589x; day vol nanx median; zero-vol share before/after 0.88/0.0,no,Thin OTC quotes (zero-volume days; ASTH/CLSK/INDV before exchange listing). Suspect filter + tiny ADDV block trading; only pollutes RS/breadth slightly.
CLSK,c_price_break_gt40pct,2018-10-16 ratio 1.48 (prev 25.0 -> 37.0); next10 level 1.158x; day vol 0.5x median; zero-vol share before/after 0.63/0.0,no,Thin OTC quotes (zero-volume days; ASTH/CLSK/INDV before exchange listing). Suspect filter + tiny ADDV block trading; only pollutes RS/breadth slightly.
CLSK,c_price_break_gt40pct,2020-04-09 ratio 1.6667 (prev 1.11 -> 1.85); next10 level 1.4414x; day vol 453.13x median; zero-vol share before/after 0.0/0.0,no,Real market move (event volume spike and/or no clean split ratio persisting); price is genuine.
CLSK,c_price_break_gt40pct,2020-05-05 ratio 2.2426 (prev 1.36 -> 3.05); next10 level 1.4449x; day vol 285.94x median; zero-vol share before/after 0.0/0.0,no,Real market move (event volume spike and/or no clean split ratio persisting); price is genuine.
CNK,c_price_break_gt40pct,2020-03-19 ratio 1.731 (prev 6.58 -> 11.39); next10 level 1.7477x; day vol 2.42x median; zero-vol share before/after 0.0/0.0,no,COVID-crash move with a volume spike (real price).
CNK,c_price_break_gt40pct,2020-11-09 ratio 1.4517 (prev 9.01 -> 13.08); next10 level 1.5483x; day vol 6.56x median; zero-vol share before/after 0.0/0.0,no,Real market move (event volume spike and/or no clean split ratio persisting); price is genuine.
CNR,c_price_break_gt40pct,2020-03-17 ratio 1.5 (prev 5.52 -> 8.28); next10 level 0.8351x; day vol 2.37x median; zero-vol share before/after 0.0/0.0,no,COVID-crash move with a volume spike (real price).
CORT,c_price_break_gt40pct,2020-09-02 ratio 1.5845 (prev 12.54 -> 19.87); next10 level 1.4593x; day vol 103.81x median; zero-vol share before/after 0.0/0.0,no,Real market move (event volume spike and/or no clean split ratio persisting); price is genuine.
CRK,c_price_break_gt40pct,2015-08-12 ratio 1.6736 (prev 9.65 -> 16.15); next10 level 1.2591x; day vol 2.07x median; zero-vol share before/after 0.0/0.0,no,Real market move (event volume spike and/or no clean split ratio persisting); price is genuine.
CRK,c_price_break_gt40pct,2015-08-27 ratio 1.6837 (prev 9.8 -> 16.5); next10 level 1.5612x; day vol 1.61x median; zero-vol share before/after 0.0/0.0,no,Real market move (event volume spike and/or no clean split ratio persisting); price is genuine.
CRK,c_price_break_gt40pct,2016-01-26 ratio 1.5143 (prev 5.25 -> 7.95); next10 level 1.4381x; day vol 3.07x median; zero-vol share before/after 0.0/0.0,no,Real market move (event volume spike and/or no clean split ratio persisting); price is genuine.
CRK,c_price_break_gt40pct,2016-03-08 ratio 0.5887 (prev 6.2 -> 3.65); next10 level 0.7581x; day vol 2.8x median; zero-vol share before/after 0.0/0.0,no,Real market move (event volume spike and/or no clean split ratio persisting); price is genuine.
CRK,c_price_break_gt40pct,2016-03-09 ratio 1.4658 (prev 3.65 -> 5.35); next10 level 1.2877x; day vol 3.67x median; zero-vol share before/after 0.0/0.0,no,Real market move (event volume spike and/or no clean split ratio persisting); price is genuine.
CRK,c_price_break_gt40pct,2018-04-26 ratio 1.4706 (prev 4.76 -> 7.0); next10 level 1.4758x; day vol 12.1x median; zero-vol share before/after 0.0/0.0,no,Real market move (event volume spike and/or no clean split ratio persisting); price is genuine.
CTRE,c_price_break_gt40pct,2020-03-19 ratio 1.5438 (prev 8.0 -> 12.35); next10 level 1.8562x; day vol 1.71x median; zero-vol share before/after 0.0/0.0,no,COVID-crash move with a volume spike (real price).
CXW,c_price_break_gt40pct,2016-11-09 ratio 1.4313 (prev 14.19 -> 20.31); next10 level 1.4352x; day vol 11.91x median; zero-vol share before/after 0.0/0.0,no,Real market move (event volume spike and/or no clean split ratio persisting); price is genuine.
CYTK,c_price_break_gt40pct,2020-10-08 ratio 0.5785 (prev 27.66 -> 16.0); next10 level 0.5873x; day vol 21.22x median; zero-vol share before/after 0.0/0.0,no,Real market move (event volume spike and/or no clean split ratio persisting); price is genuine.
CYTK,c_price_break_gt40pct,2021-07-19 ratio 1.4041 (prev 19.23 -> 27.0); next10 level 1.5143x; day vol 60.9x median; zero-vol share before/after 0.0/0.0,no,Real market move (event volume spike and/or no clean split ratio persisting); price is genuine.
CZR,c_price_break_gt40pct,2020-03-24 ratio 1.4416 (prev 10.44 -> 15.05); next10 level 1.3616x; day vol 1.25x median; zero-vol share before/after 0.0/0.0,no,COVID-crash move with a volume spike (real price).
DCH,c_price_break_gt40pct,2020-03-24 ratio 1.4657 (prev 2.77 -> 4.06); next10 level 1.3051x; day vol 1.78x median; zero-vol share before/after 0.0/0.0,no,COVID-crash move with a volume spike (real price).
DOCU,c_price_break_gt40pct,2021-12-03 ratio 0.5778 (prev 233.82 -> 135.09); next10 level 0.6179x; day vol 43.17x median; zero-vol share before/after 0.0/0.0,no,Real market move (event volume spike and/or no clean split ratio persisting); price is genuine.
DRH,c_price_break_gt40pct,2020-03-19 ratio 1.6 (prev 2.15 -> 3.44); next10 level 2.2791x; day vol 1.78x median; zero-vol share before/after 0.0/0.0,no,COVID-crash move with a volume spike (real price).
DRH,c_price_break_gt40pct,2020-11-09 ratio 1.4119 (prev 4.88 -> 6.89); next10 level 1.4129x; day vol 4.73x median; zero-vol share before/after 0.0/0.0,no,Real market move (event volume spike and/or no clean split ratio persisting); price is genuine.
DXC,c_price_break_gt40pct,2016-05-25 ratio 1.4208 (prev 30.8391 -> 43.8149); next10 level 1.4177x; day vol 23.56x median; zero-vol share before/after 0.0/0.0,no,Real market move (event volume spike and/or no clean split ratio persisting); price is genuine.
DXPE,c_price_break_gt40pct,2016-08-10 ratio 1.5826 (prev 17.44 -> 27.6); next10 level 1.7133x; day vol 32.45x median; zero-vol share before/after 0.0/0.0,no,Real market move (event volume spike and/or no clean split ratio persisting); price is genuine.
EAT,c_price_break_gt40pct,2020-03-19 ratio 1.4423 (prev 7.62 -> 10.99); next10 level 1.498x; day vol 2.42x median; zero-vol share before/after 0.0/0.0,no,COVID-crash move with a volume spike (real price).
EFC,c_price_break_gt40pct,2020-04-08 ratio 1.7471 (prev 5.22 -> 9.12); next10 level 1.8669x; day vol 8.81x median; zero-vol share before/after 0.0/0.0,no,Real market move (event volume spike and/or no clean split ratio persisting); price is genuine.
ENPH,c_price_break_gt40pct,2020-02-19 ratio 1.4244 (prev 40.17 -> 57.22); next10 level 1.2975x; day vol 6.95x median; zero-vol share before/after 0.0/0.0,no,Real market move (event volume spike and/or no clean split ratio persisting); price is genuine.
EPR,c_price_break_gt40pct,2020-11-09 ratio 1.4196 (prev 23.31 -> 33.09); next10 level 1.3567x; day vol 3.75x median; zero-vol share before/after 0.0/0.0,no,Real market move (event volume spike and/or no clean split ratio persisting); price is genuine.
ESNT,c_price_break_gt40pct,2020-03-18 ratio 0.5712 (prev 34.21 -> 19.54); next10 level 0.7771x; day vol 2.05x median; zero-vol share before/after 0.0/0.0,no,COVID-crash move with a volume spike (real price).
EXEL,c_price_break_gt40pct,2014-09-02 ratio 0.4469 (prev 4.14 -> 1.85); next10 level 0.4493x; day vol 21.51x median; zero-vol share before/after 0.0/0.0,no,Before 2015-06; outside every 2017+ indicator window.
EXEL,c_price_break_gt40pct,2015-07-20 ratio 1.5038 (prev 3.91 -> 5.88); next10 level 1.4488x; day vol 27.62x median; zero-vol share before/after 0.0/0.0,no,Real market move (event volume spike and/or no clean split ratio persisting); price is genuine.
FIZZ,c_price_break_gt40pct,2021-01-27 ratio 1.4017 (prev 64.745 -> 90.755); next10 level 0.9407x; day vol 13.4x median; zero-vol share before/after 0.0/0.0,no,Real market move (event volume spike and/or no clean split ratio persisting); price is genuine.
FLR,c_price_break_gt40pct,2020-03-19 ratio 1.7618 (prev 3.4 -> 5.99); next10 level 1.7735x; day vol 1.61x median; zero-vol share before/after 0.0/0.0,no,COVID-crash move with a volume spike (real price).
GIII,c_price_break_gt40pct,2020-03-19 ratio 1.6911 (prev 4.5 -> 7.61); next10 level 1.6467x; day vol 5.9x median; zero-vol share before/after 0.0/0.0,no,COVID-crash move with a volume spike (real price).
GKOS,c_price_break_gt40pct,2018-08-29 ratio 1.4031 (prev 44.8 -> 62.86); next10 level 1.4268x; day vol 35.84x median; zero-vol share before/after 0.0/0.0,no,Real market move (event volume spike and/or no clean split ratio persisting); price is genuine.
GLPI,c_price_break_gt40pct,2020-03-16 ratio 0.589 (prev 33.19 -> 19.55); next10 level 0.5919x; day vol 3.42x median; zero-vol share before/after 0.0/0.0,no,COVID-crash move with a volume spike (real price).
GME,c_price_break_gt40pct,2020-10-08 ratio 1.4412 (prev 2.34 -> 3.3725); next10 level 1.4316x; day vol 10.71x median; zero-vol share before/after 0.0/0.0,no,Real market move (event volume spike and/or no clean split ratio persisting); price is genuine.
GME,c_price_break_gt40pct,2021-01-13 ratio 1.5739 (prev 4.9875 -> 7.85); next10 level 2.0787x; day vol 17.64x median; zero-vol share before/after 0.0/0.0,no,Real market move (event volume spike and/or no clean split ratio persisting); price is genuine.
GME,c_price_break_gt40pct,2021-01-22 ratio 1.5108 (prev 10.7575 -> 16.2525); next10 level 2.7933x; day vol 20.47x median; zero-vol share before/after 0.0/0.0,no,Real market move (event volume spike and/or no clean split ratio persisting); price is genuine.
GME,c_price_break_gt40pct,2021-01-26 ratio 1.9271 (prev 19.1975 -> 36.995); next10 level 1.5652x; day vol 18.54x median; zero-vol share before/after 0.0/0.0,no,Real market move (event volume spike and/or no clean split ratio persisting); price is genuine.
GME,c_price_break_gt40pct,2021-01-27 ratio 2.3484 (prev 36.995 -> 86.8775); next10 level 0.6163x; day vol 7.49x median; zero-vol share before/after 0.0/0.0,no,Real market move (event volume spike and/or no clean split ratio persisting); price is genuine.
GME,c_price_break_gt40pct,2021-01-28 ratio 0.5571 (prev 86.8775 -> 48.4); next10 level 0.2212x; day vol 2.43x median; zero-vol share before/after 0.0/0.0,no,Real market move (event volume spike and/or no clean split ratio persisting); price is genuine.
GME,c_price_break_gt40pct,2021-01-29 ratio 1.6787 (prev 48.4 -> 81.25); next10 level 0.3197x; day vol 1.26x median; zero-vol share before/after 0.0/0.0,no,Real market move (event volume spike and/or no clean split ratio persisting); price is genuine.
GME,c_price_break_gt40pct,2021-02-02 ratio 0.4 (prev 56.25 -> 22.5); next10 level 0.2353x; day vol 1.6x median; zero-vol share before/after 0.0/0.0,no,Real market move (event volume spike and/or no clean split ratio persisting); price is genuine.
GME,c_price_break_gt40pct,2021-02-04 ratio 0.5789 (prev 23.1025 -> 13.375); next10 level 0.5535x; day vol 1.17x median; zero-vol share before/after 0.0/0.0,no,Real market move (event volume spike and/or no clean split ratio persisting); price is genuine.
GME,c_price_break_gt40pct,2021-02-24 ratio 2.0394 (prev 11.2425 -> 22.9275); next10 level 2.7194x; day vol 2.63x median; zero-vol share before/after 0.0/0.0,no,Real market move (event volume spike and/or no clean split ratio persisting); price is genuine.
GME,c_price_break_gt40pct,2021-03-08 ratio 1.4121 (prev 34.435 -> 48.625); next10 level 1.5607x; day vol 2.42x median; zero-vol share before/after 0.0/0.0,no,Real market move (event volume spike and/or no clean split ratio persisting); price is genuine.
GME,c_price_break_gt40pct,2021-03-25 ratio 1.5269 (prev 30.085 -> 45.9375); next10 level 1.53x; day vol 1.73x median; zero-vol share before/after 0.0/0.0,no,Real market move (event volume spike and/or no clean split ratio persisting); price is genuine.
INDV,c_price_break_gt40pct,2018-11-20 ratio 0.5843 (prev 12.75 -> 7.45); next10 level 0.5373x; day vol 2.5x median; zero-vol share before/after 0.33/0.23,no,Thin OTC quotes (zero-volume days; ASTH/CLSK/INDV before exchange listing). Suspect filter + tiny ADDV block trading; only pollutes RS/breadth slightly.
INDV,c_price_break_gt40pct,2019-04-10 ratio 0.3934 (prev 6.1 -> 2.4); next10 level 0.4639x; day vol 1024.0x median; zero-vol share before/after 0.3/0.45,no,Thin OTC quotes (zero-volume days; ASTH/CLSK/INDV before exchange listing). Suspect filter + tiny ADDV block trading; only pollutes RS/breadth slightly.
INDV,c_price_break_gt40pct,2020-07-24 ratio 1.4423 (prev 5.2 -> 7.5); next10 level 1.6851x; day vol 83.79x median; zero-vol share before/after 0.13/0.25,no,Thin OTC quotes (zero-volume days; ASTH/CLSK/INDV before exchange listing). Suspect filter + tiny ADDV block trading; only pollutes RS/breadth slightly.
INSW,c_price_break_gt40pct,2016-11-17 ratio 1.5469 (prev 9.9 -> 15.314); next10 level 1.5542x; day vol 2.85x median; zero-vol share before/after 0.0/0.03,no,Real market move (event volume spike and/or no clean split ratio persisting); price is genuine.
IVT,c_price_break_gt40pct,2015-02-11 ratio 0.5738 (prev 51.2605 -> 29.4118); next10 level 0.5738x; day vol nanx median; zero-vol share before/after 0.77/0.6,yes,"Non-traded REIT: pre-listing Yahoo quotes (mostly zero volume) plus an UNADJUSTED reverse split at listing (IVT 1:10 on 2021-08, PECO ~1:3 on 2021-07; neither is in known_splits). ret_252/SMA/52-wk stay distorted into 2022 (dev window). Fix: cut history before the exchange listing (IVT 2021-10, PECO 2021-07-15) and add the splits."
IVT,c_price_break_gt40pct,2015-03-30 ratio 1.4257 (prev 16.9748 -> 24.2017); next10 level 1.4257x; day vol nanx median; zero-vol share before/after 0.72/0.72,yes,"Non-traded REIT: pre-listing Yahoo quotes (mostly zero volume) plus an UNADJUSTED reverse split at listing (IVT 1:10 on 2021-08, PECO ~1:3 on 2021-07; neither is in known_splits). ret_252/SMA/52-wk stay distorted into 2022 (dev window). Fix: cut history before the exchange listing (IVT 2021-10, PECO 2021-07-15) and add the splits."
IVT,c_price_break_gt40pct,2015-10-22 ratio 1.4457 (prev 14.7059 -> 21.2605); next10 level 1.4286x; day vol nanx median; zero-vol share before/after 0.63/0.68,yes,"Non-traded REIT: pre-listing Yahoo quotes (mostly zero volume) plus an UNADJUSTED reverse split at listing (IVT 1:10 on 2021-08, PECO ~1:3 on 2021-07; neither is in known_splits). ret_252/SMA/52-wk stay distorted into 2022 (dev window). Fix: cut history before the exchange listing (IVT 2021-10, PECO 2021-07-15) and add the splits."
IVT,c_price_break_gt40pct,2017-06-12 ratio 1.7368 (prev 9.5 -> 16.5); next10 level 1.5789x; day vol nanx median; zero-vol share before/after 0.93/0.98,yes,"Non-traded REIT: pre-listing Yahoo quotes (mostly zero volume) plus an UNADJUSTED reverse split at listing (IVT 1:10 on 2021-08, PECO ~1:3 on 2021-07; neither is in known_splits). ret_252/SMA/52-wk stay distorted into 2022 (dev window). Fix: cut history before the exchange listing (IVT 2021-10, PECO 2021-07-15) and add the splits."
IVT,c_price_break_gt40pct,2020-03-27 ratio 1.8 (prev 12.5 -> 22.5); next10 level 1.8x; day vol nanx median; zero-vol share before/after 0.97/0.97,yes,"Non-traded REIT: pre-listing Yahoo quotes (mostly zero volume) plus an UNADJUSTED reverse split at listing (IVT 1:10 on 2021-08, PECO ~1:3 on 2021-07; neither is in known_splits). ret_252/SMA/52-wk stay distorted into 2022 (dev window). Fix: cut history before the exchange listing (IVT 2021-10, PECO 2021-07-15) and add the splits."
IVT,c_price_break_gt40pct,2020-04-15 ratio 0.5111 (prev 22.5 -> 11.5); next10 level 0.5111x; day vol nanx median; zero-vol share before/after 0.95/0.98,yes,"Non-traded REIT: pre-listing Yahoo quotes (mostly zero volume) plus an UNADJUSTED reverse split at listing (IVT 1:10 on 2021-08, PECO ~1:3 on 2021-07; neither is in known_splits). ret_252/SMA/52-wk stay distorted into 2022 (dev window). Fix: cut history before the exchange listing (IVT 2021-10, PECO 2021-07-15) and add the splits."
IVT,c_price_break_gt40pct,2021-09-14 ratio 1.5194 (prev 1.29 -> 1.96); next10 level 1.5194x; day vol nanx median; zero-vol share before/after 0.77/0.22,yes,"Non-traded REIT: pre-listing Yahoo quotes (mostly zero volume) plus an UNADJUSTED reverse split at listing (IVT 1:10 on 2021-08, PECO ~1:3 on 2021-07; neither is in known_splits). ret_252/SMA/52-wk stay distorted into 2022 (dev window). Fix: cut history before the exchange listing (IVT 2021-10, PECO 2021-07-15) and add the splits."
IVT,c_price_break_gt40pct,2021-09-24 ratio 10.0765 (prev 1.96 -> 19.75); next10 level 10.0765x; day vol nanx median; zero-vol share before/after 0.75/0.12,yes,"Non-traded REIT: pre-listing Yahoo quotes (mostly zero volume) plus an UNADJUSTED reverse split at listing (IVT 1:10 on 2021-08, PECO ~1:3 on 2021-07; neither is in known_splits). ret_252/SMA/52-wk stay distorted into 2022 (dev window). Fix: cut history before the exchange listing (IVT 2021-10, PECO 2021-07-15) and add the splits."
IVT,c_price_break_gt40pct,2021-10-06 ratio 0.3869 (prev 13.0 -> 5.03); next10 level 1.8565x; day vol nanx median; zero-vol share before/after 0.75/0.03,yes,"Non-traded REIT: pre-listing Yahoo quotes (mostly zero volume) plus an UNADJUSTED reverse split at listing (IVT 1:10 on 2021-08, PECO ~1:3 on 2021-07; neither is in known_splits). ret_252/SMA/52-wk stay distorted into 2022 (dev window). Fix: cut history before the exchange listing (IVT 2021-10, PECO 2021-07-15) and add the splits."
IVT,c_price_break_gt40pct,2021-10-07 ratio 3.3837 (prev 5.03 -> 17.02); next10 level 4.9225x; day vol nanx median; zero-vol share before/after 0.73/0.03,yes,"Non-traded REIT: pre-listing Yahoo quotes (mostly zero volume) plus an UNADJUSTED reverse split at listing (IVT 1:10 on 2021-08, PECO ~1:3 on 2021-07; neither is in known_splits). ret_252/SMA/52-wk stay distorted into 2022 (dev window). Fix: cut history before the exchange listing (IVT 2021-10, PECO 2021-07-15) and add the splits."
IVT,c_price_break_gt40pct,2021-10-12 ratio 1.5276 (prev 17.02 -> 26.0); next10 level 1.4548x; day vol nanx median; zero-vol share before/after 0.73/0.0,yes,"Non-traded REIT: pre-listing Yahoo quotes (mostly zero volume) plus an UNADJUSTED reverse split at listing (IVT 1:10 on 2021-08, PECO ~1:3 on 2021-07; neither is in known_splits). ret_252/SMA/52-wk stay distorted into 2022 (dev window). Fix: cut history before the exchange listing (IVT 2021-10, PECO 2021-07-15) and add the splits."
KNTK,c_price_break_gt40pct,2020-11-05 ratio 3.0449 (prev 5.015 -> 15.27); next10 level 3.3375x; day vol 420.89x median; zero-vol share before/after 0.0/0.0,no,Real market move (event volume spike and/or no clean split ratio persisting); price is genuine.
KRYS,c_price_break_gt40pct,2019-06-24 ratio 1.4134 (prev 29.15 -> 41.2); next10 level 1.4319x; day vol 16.64x median; zero-vol share before/after 0.0/0.0,no,Real market move (event volume spike and/or no clean split ratio persisting); price is genuine.
KRYS,c_price_break_gt40pct,2021-11-29 ratio 2.2165 (prev 39.81 -> 88.24); next10 level 1.7908x; day vol 38.02x median; zero-vol share before/after 0.0/0.0,no,Real market move (event volume spike and/or no clean split ratio persisting); price is genuine.
LAUR,c_price_break_gt40pct,2021-11-01 ratio 0.5831 (prev 17.32 -> 10.1); next10 level 0.6504x; day vol 5.49x median; zero-vol share before/after 0.0/0.0,no,Real market move (event volume spike and/or no clean split ratio persisting); price is genuine.
LEU,c_price_break_gt40pct,2014-07-01 ratio 2.4389 (prev 33.2967 -> 81.2088); next10 level 1.9208x; day vol 189.53x median; zero-vol share before/after 0.0/0.0,no,Before 2015-06; outside every 2017+ indicator window.
LEU,c_price_break_gt40pct,2014-07-02 ratio 1.4939 (prev 81.2088 -> 121.3187); next10 level 0.7503x; day vol 434.31x median; zero-vol share before/after 0.0/0.0,no,Before 2015-06; outside every 2017+ indicator window.
LEU,c_price_break_gt40pct,2016-03-08 ratio 2.1513 (prev 1.52 -> 3.27); next10 level 1.5954x; day vol 675.48x median; zero-vol share before/after 0.0/0.0,no,Real market move (event volume spike and/or no clean split ratio persisting); price is genuine.
LFST,c_price_break_gt40pct,2021-08-12 ratio 0.5354 (prev 21.87 -> 11.71); next10 level 0.612x; day vol 40.09x median; zero-vol share before/after 0.0/0.0,no,Real market move (event volume spike and/or no clean split ratio persisting); price is genuine.
LNTH,c_price_break_gt40pct,2016-08-05 ratio 1.5424 (prev 3.89 -> 6.0); next10 level 1.6041x; day vol 13.8x median; zero-vol share before/after 0.0/0.0,no,Real market move (event volume spike and/or no clean split ratio persisting); price is genuine.
LQDA,c_price_break_gt40pct,2019-12-26 ratio 1.4347 (prev 3.52 -> 5.05); next10 level 1.233x; day vol 71.63x median; zero-vol share before/after 0.0/0.0,no,Real market move (event volume spike and/or no clean split ratio persisting); price is genuine.
LQDT,c_price_break_gt40pct,2020-12-08 ratio 1.415 (prev 10.53 -> 14.9); next10 level 1.5214x; day vol 13.14x median; zero-vol share before/after 0.0/0.0,no,Real market move (event volume spike and/or no clean split ratio persisting); price is genuine.
MARA,c_price_break_gt40pct,2017-06-21 ratio 2.0 (prev 2.4 -> 4.8); next10 level 2.5x; day vol 13.7x median; zero-vol share before/after 0.0/0.0,no,Real market move (event volume spike and/or no clean split ratio persisting); price is genuine.
MARA,c_price_break_gt40pct,2017-06-23 ratio 1.5455 (prev 3.52 -> 5.44); next10 level 1.7273x; day vol 31.53x median; zero-vol share before/after 0.0/0.0,no,Real market move (event volume spike and/or no clean split ratio persisting); price is genuine.
MARA,c_price_break_gt40pct,2017-06-26 ratio 1.5 (prev 5.44 -> 8.16); next10 level 1.1176x; day vol 30.42x median; zero-vol share before/after 0.0/0.0,no,Real market move (event volume spike and/or no clean split ratio persisting); price is genuine.
MARA,c_price_break_gt40pct,2017-11-22 ratio 1.5352 (prev 5.68 -> 8.72); next10 level 3.2782x; day vol 25.59x median; zero-vol share before/after 0.0/0.0,no,Real market move (event volume spike and/or no clean split ratio persisting); price is genuine.
MARA,c_price_break_gt40pct,2017-11-24 ratio 2.7294 (prev 8.72 -> 23.8); next10 level 2.1353x; day vol 77.26x median; zero-vol share before/after 0.0/0.0,no,Real market move (event volume spike and/or no clean split ratio persisting); price is genuine.
MARA,c_price_break_gt40pct,2017-11-28 ratio 0.5914 (prev 26.04 -> 15.4); next10 level 0.7089x; day vol 30.21x median; zero-vol share before/after 0.0/0.0,no,Real market move (event volume spike and/or no clean split ratio persisting); price is genuine.
MARA,c_price_break_gt40pct,2017-12-11 ratio 1.4286 (prev 17.64 -> 25.2); next10 level 1.2971x; day vol 3.73x median; zero-vol share before/after 0.0/0.0,no,Real market move (event volume spike and/or no clean split ratio persisting); price is genuine.
MARA,c_price_break_gt40pct,2018-03-12 ratio 1.5882 (prev 6.12 -> 9.72); next10 level 1.0556x; day vol 26.66x median; zero-vol share before/after 0.0/0.0,no,Real market move (event volume spike and/or no clean split ratio persisting); price is genuine.
MARA,c_price_break_gt40pct,2020-08-03 ratio 1.8867 (prev 2.03 -> 3.83); next10 level 1.9039x; day vol 74.26x median; zero-vol share before/after 0.0/0.0,no,Real market move (event volume spike and/or no clean split ratio persisting); price is genuine.
MARA,c_price_break_gt40pct,2020-11-23 ratio 1.4513 (prev 3.39 -> 4.92); next10 level 1.6091x; day vol 4.97x median; zero-vol share before/after 0.0/0.0,no,Real market move (event volume spike and/or no clean split ratio persisting); price is genuine.
MARA,c_price_break_gt40pct,2020-11-30 ratio 1.4673 (prev 4.28 -> 6.28); next10 level 1.2745x; day vol 4.79x median; zero-vol share before/after 0.0/0.0,no,Real market move (event volume spike and/or no clean split ratio persisting); price is genuine.
MARA,c_price_break_gt40pct,2021-02-08 ratio 1.4241 (prev 22.52 -> 32.07); next10 level 1.6885x; day vol 1.99x median; zero-vol share before/after 0.0/0.0,no,Real market move (event volume spike and/or no clean split ratio persisting); price is genuine.
MTDR,c_price_break_gt40pct,2020-03-09 ratio 0.3588 (prev 6.55 -> 2.35); next10 level 0.2847x; day vol 7.51x median; zero-vol share before/after 0.0/0.0,no,COVID-crash move with a volume spike (real price).
MTUS,c_price_break_gt40pct,2016-01-11 ratio 0.5885 (prev 6.78 -> 3.99); next10 level 0.66x; day vol 4.95x median; zero-vol share before/after 0.0/0.0,no,Real market move (event volume spike and/or no clean split ratio persisting); price is genuine.
MTUS,c_price_break_gt40pct,2016-01-29 ratio 1.7495 (prev 5.15 -> 9.01); next10 level 1.4408x; day vol 9.31x median; zero-vol share before/after 0.0/0.0,no,Real market move (event volume spike and/or no clean split ratio persisting); price is genuine.
MUR,c_price_break_gt40pct,2020-03-09 ratio 0.575 (prev 15.86 -> 9.12); next10 level 0.4092x; day vol 6.3x median; zero-vol share before/after 0.0/0.0,no,COVID-crash move with a volume spike (real price).
OHI,c_price_break_gt40pct,2020-03-19 ratio 1.4976 (prev 14.87 -> 22.27); next10 level 1.7266x; day vol 1.73x median; zero-vol share before/after 0.0/0.0,no,COVID-crash move with a volume spike (real price).
OII,c_price_break_gt40pct,2020-03-09 ratio 0.5887 (prev 8.17 -> 4.81); next10 level 0.3696x; day vol 3.13x median; zero-vol share before/after 0.0/0.0,no,COVID-crash move with a volume spike (real price).
OII,c_price_break_gt40pct,2020-03-24 ratio 1.4169 (prev 2.95 -> 4.18); next10 level 1.1576x; day vol 0.71x median; zero-vol share before/after 0.0/0.0,no,COVID-crash move with a volume spike (real price).
OPCH,c_price_break_gt40pct,2016-11-08 ratio 0.5211 (prev 10.44 -> 5.44); next10 level 0.5211x; day vol 13.58x median; zero-vol share before/after 0.0/0.0,no,Real market move (event volume spike and/or no clean split ratio persisting); price is genuine.
OVV,c_price_break_gt40pct,2020-03-09 ratio 0.2796 (prev 7.94 -> 2.22); next10 level 0.3501x; day vol 8.94x median; zero-vol share before/after 0.0/0.0,no,COVID-crash move with a volume spike (real price).
PBF,c_price_break_gt40pct,2020-03-13 ratio 1.4829 (prev 10.79 -> 16.0); next10 level 0.6905x; day vol 1.84x median; zero-vol share before/after 0.0/0.0,no,COVID-crash move with a volume spike (real price).
PBI,c_price_break_gt40pct,2020-08-03 ratio 1.4641 (prev 3.34 -> 4.89); next10 level 1.8278x; day vol 29.69x median; zero-vol share before/after 0.0/0.0,no,Real market move (event volume spike and/or no clean split ratio persisting); price is genuine.
PBI,c_price_break_gt40pct,2021-01-26 ratio 1.8101 (prev 7.53 -> 13.63); next10 level 1.2377x; day vol 21.31x median; zero-vol share before/after 0.0/0.0,no,Real market move (event volume spike and/or no clean split ratio persisting); price is genuine.
PECO,c_price_break_gt40pct,2021-07-06 ratio 3.0 (prev 7.23 -> 21.69); next10 level 3.0x; day vol nanx median; zero-vol share before/after 0.87/0.08,yes,"Non-traded REIT: pre-listing Yahoo quotes (mostly zero volume) plus an UNADJUSTED reverse split at listing (IVT 1:10 on 2021-08, PECO ~1:3 on 2021-07; neither is in known_splits). ret_252/SMA/52-wk stay distorted into 2022 (dev window). Fix: cut history before the exchange listing (IVT 2021-10, PECO 2021-07-15) and add the splits."
PECO,c_price_break_gt40pct,2021-07-12 ratio 0.3361 (prev 21.69 -> 7.29); next10 level 1.2805x; day vol nanx median; zero-vol share before/after 0.87/0.03,yes,"Non-traded REIT: pre-listing Yahoo quotes (mostly zero volume) plus an UNADJUSTED reverse split at listing (IVT 1:10 on 2021-08, PECO ~1:3 on 2021-07; neither is in known_splits). ret_252/SMA/52-wk stay distorted into 2022 (dev window). Fix: cut history before the exchange listing (IVT 2021-10, PECO 2021-07-15) and add the splits."
PECO,c_price_break_gt40pct,2021-07-15 ratio 3.8176 (prev 7.29 -> 27.83); next10 level 3.8374x; day vol nanx median; zero-vol share before/after 0.85/0.0,yes,"Non-traded REIT: pre-listing Yahoo quotes (mostly zero volume) plus an UNADJUSTED reverse split at listing (IVT 1:10 on 2021-08, PECO ~1:3 on 2021-07; neither is in known_splits). ret_252/SMA/52-wk stay distorted into 2022 (dev window). Fix: cut history before the exchange listing (IVT 2021-10, PECO 2021-07-15) and add the splits."
PENN,c_price_break_gt40pct,2020-03-16 ratio 0.552 (prev 15.47 -> 8.54); next10 level 0.5928x; day vol 2.64x median; zero-vol share before/after 0.0/0.0,no,COVID-crash move with a volume spike (real price).
PFGC,c_price_break_gt40pct,2020-03-16 ratio 0.5743 (prev 25.63 -> 14.72); next10 level 0.7167x; day vol 2.7x median; zero-vol share before/after 0.0/0.0,no,COVID-crash move with a volume spike (real price).
PFGC,c_price_break_gt40pct,2020-03-19 ratio 1.5911 (prev 11.42 -> 18.17); next10 level 2.0665x; day vol 3.46x median; zero-vol share before/after 0.0/0.0,no,COVID-crash move with a volume spike (real price).
PI,c_price_break_gt40pct,2018-02-02 ratio 0.5319 (prev 22.86 -> 12.16); next10 level 0.5343x; day vol 25.93x median; zero-vol share before/after 0.0/0.0,no,Real market move (event volume spike and/or no clean split ratio persisting); price is genuine.
PK,c_price_break_gt40pct,2020-11-09 ratio 1.4029 (prev 10.3 -> 14.45); next10 level 1.4044x; day vol 6.99x median; zero-vol share before/after 0.0/0.0,no,Real market move (event volume spike and/or no clean split ratio persisting); price is genuine.
PMT,c_price_break_gt40pct,2020-03-25 ratio 1.8059 (prev 5.72 -> 10.33); next10 level 1.6329x; day vol 2.6x median; zero-vol share before/after 0.0/0.0,no,COVID-crash move with a volume spike (real price).
PR,c_price_break_gt40pct,2020-03-09 ratio 0.3684 (prev 1.52 -> 0.56); next10 level 0.3391x; day vol 4.87x median; zero-vol share before/after 0.0/0.0,no,COVID-crash move with a volume spike (real price).
PR,c_price_break_gt40pct,2020-03-19 ratio 1.4801 (prev 0.302 -> 0.447); next10 level 1.3609x; day vol 0.93x median; zero-vol share before/after 0.0/0.0,no,COVID-crash move with a volume spike (real price).
PR,c_price_break_gt40pct,2020-06-08 ratio 1.443 (prev 1.49 -> 2.15); next10 level 0.896x; day vol 3.63x median; zero-vol share before/after 0.0/0.0,no,Real market move (event volume spike and/or no clean split ratio persisting); price is genuine.
PRG,c_price_break_gt40pct,2021-04-06 ratio 0.5964 (prev 43.61 -> 26.01); next10 level 0.9972x; day vol 0.48x median; zero-vol share before/after 0.0/0.0,yes,Single-day bad print (26.01 between 43.61 and 43.36) on below-median volume. Can trigger stops; the next day (+67%) can look like a breakout. Fix: patch the bar.
PRG,c_price_break_gt40pct,2021-04-07 ratio 1.6671 (prev 26.01 -> 43.36); next10 level 1.672x; day vol 1.35x median; zero-vol share before/after 0.0/0.0,yes,Reversal of the 2021-04-06 bad print (see above).
PRVA,c_price_break_gt40pct,2021-04-29 ratio 1.5109 (prev 23.0 -> 34.75); next10 level 1.4687x; day vol 101029.0x median; zero-vol share before/after 0.0/0.0,no,Real market move (event volume spike and/or no clean split ratio persisting); price is genuine.
PTCT,c_price_break_gt40pct,2016-02-23 ratio 0.3836 (prev 28.26 -> 10.84); next10 level 0.2558x; day vol 39.45x median; zero-vol share before/after 0.0/0.0,no,Real market move (event volume spike and/or no clean split ratio persisting); price is genuine.
PTCT,c_price_break_gt40pct,2016-04-15 ratio 1.4318 (prev 6.23 -> 8.92); next10 level 1.3066x; day vol 29.07x median; zero-vol share before/after 0.0/0.0,no,Real market move (event volume spike and/or no clean split ratio persisting); price is genuine.
PTCT,c_price_break_gt40pct,2016-11-11 ratio 1.8833 (prev 6.0 -> 11.3); next10 level 2.0142x; day vol 14.75x median; zero-vol share before/after 0.0/0.0,no,Real market move (event volume spike and/or no clean split ratio persisting); price is genuine.
PTEN,c_price_break_gt40pct,2020-03-09 ratio 0.5535 (prev 4.3 -> 2.38); next10 level 0.5221x; day vol 3.38x median; zero-vol share before/after 0.0/0.0,no,COVID-crash move with a volume spike (real price).
PTGX,c_price_break_gt40pct,2017-05-30 ratio 1.438 (prev 8.22 -> 11.82); next10 level 1.3181x; day vol 261.92x median; zero-vol share before/after 0.0/0.0,no,Real market move (event volume spike and/or no clean split ratio persisting); price is genuine.
PTGX,c_price_break_gt40pct,2018-03-26 ratio 0.4283 (prev 20.43 -> 8.75); next10 level 0.429x; day vol 44.47x median; zero-vol share before/after 0.0/0.0,no,Real market move (event volume spike and/or no clean split ratio persisting); price is genuine.
PTGX,c_price_break_gt40pct,2018-08-06 ratio 1.5863 (prev 7.01 -> 11.12); next10 level 1.4258x; day vol 47.84x median; zero-vol share before/after 0.0/0.0,no,Real market move (event volume spike and/or no clean split ratio persisting); price is genuine.
PTGX,c_price_break_gt40pct,2019-12-03 ratio 0.5299 (prev 8.85 -> 4.69); next10 level 0.8427x; day vol 13.61x median; zero-vol share before/after 0.0/0.0,no,Real market move (event volume spike and/or no clean split ratio persisting); price is genuine.
PTGX,c_price_break_gt40pct,2019-12-04 ratio 1.7292 (prev 4.69 -> 8.11); next10 level 1.5901x; day vol 61.87x median; zero-vol share before/after 0.0/0.0,no,Real market move (event volume spike and/or no clean split ratio persisting); price is genuine.
PTGX,c_price_break_gt40pct,2020-05-08 ratio 1.837 (prev 7.73 -> 14.2); next10 level 2.0744x; day vol 310.85x median; zero-vol share before/after 0.0/0.0,no,Real market move (event volume spike and/or no clean split ratio persisting); price is genuine.
PTGX,c_price_break_gt40pct,2021-09-17 ratio 0.38 (prev 46.13 -> 17.53); next10 level 0.3825x; day vol 42.28x median; zero-vol share before/after 0.0/0.0,no,Real market move (event volume spike and/or no clean split ratio persisting); price is genuine.
PTGX,c_price_break_gt40pct,2021-10-11 ratio 1.9386 (prev 18.24 -> 35.36); next10 level 1.7001x; day vol 51.56x median; zero-vol share before/after 0.0/0.0,no,Real market move (event volume spike and/or no clean split ratio persisting); price is genuine.
RCUS,c_price_break_gt40pct,2020-04-16 ratio 1.8935 (prev 15.58 -> 29.5); next10 level 1.8591x; day vol 19.0x median; zero-vol share before/after 0.0/0.0,no,Real market move (event volume spike and/or no clean split ratio persisting); price is genuine.
RH,c_price_break_gt40pct,2017-09-07 ratio 1.4476 (prev 49.42 -> 71.54); next10 level 1.4442x; day vol 10.96x median; zero-vol share before/after 0.0/0.0,no,Real market move (event volume spike and/or no clean split ratio persisting); price is genuine.
RITM,c_price_break_gt40pct,2020-03-18 ratio 0.5817 (prev 9.85 -> 5.73); next10 level 0.5939x; day vol 3.37x median; zero-vol share before/after 0.0/0.0,no,COVID-crash move with a volume spike (real price).
ROKU,c_price_break_gt40pct,2017-11-09 ratio 1.5494 (prev 18.84 -> 29.19); next10 level 2.0597x; day vol 17.99x median; zero-vol share before/after 0.0/0.0,no,Real market move (event volume spike and/or no clean split ratio persisting); price is genuine.
RRR,c_price_break_gt40pct,2020-03-19 ratio 1.5372 (prev 3.76 -> 5.78); next10 level 2.2952x; day vol 4.48x median; zero-vol share before/after 0.0/0.0,no,COVID-crash move with a volume spike (real price).
SABR,c_price_break_gt40pct,2020-11-09 ratio 1.4011 (prev 7.08 -> 9.92); next10 level 1.3912x; day vol 7.54x median; zero-vol share before/after 0.0/0.0,no,Real market move (event volume spike and/or no clean split ratio persisting); price is genuine.
SHEN,c_price_break_gt40pct,2021-08-03 ratio 0.5848 (prev 50.58 -> 29.58); next10 level 0.5989x; day vol 5.21x median; zero-vol share before/after 0.0/0.0,no,Real market move (event volume spike and/or no clean split ratio persisting); price is genuine.
SIG,c_price_break_gt40pct,2020-01-16 ratio 1.402 (prev 21.49 -> 30.13); next10 level 1.238x; day vol 14.46x median; zero-vol share before/after 0.0/0.0,no,Real market move (event volume spike and/or no clean split ratio persisting); price is genuine.
SITM,c_price_break_gt40pct,2019-11-21 ratio 1.4346 (prev 13.0 -> 18.65); next10 level 1.3138x; day vol 10320.0x median; zero-vol share before/after 0.0/0.0,no,Real market move (event volume spike and/or no clean split ratio persisting); price is genuine.
SKY,c_price_break_gt40pct,2018-01-05 ratio 1.4809 (prev 12.83 -> 19.0); next10 level 1.6563x; day vol 47.71x median; zero-vol share before/after 0.0/0.0,no,Real market move (event volume spike and/or no clean split ratio persisting); price is genuine.
SKYW,c_price_break_gt40pct,2020-03-18 ratio 0.5519 (prev 21.87 -> 12.07); next10 level 1.1671x; day vol 1.54x median; zero-vol share before/after 0.0/0.0,no,COVID-crash move with a volume spike (real price).
SKYW,c_price_break_gt40pct,2020-03-19 ratio 1.4366 (prev 12.07 -> 17.34); next10 level 2.1147x; day vol 2.34x median; zero-vol share before/after 0.0/0.0,no,COVID-crash move with a volume spike (real price).
SM,c_price_break_gt40pct,2020-03-09 ratio 0.3874 (prev 3.82 -> 1.48); next10 level 0.4071x; day vol 7.47x median; zero-vol share before/after 0.0/0.0,no,COVID-crash move with a volume spike (real price).
SM,c_price_break_gt40pct,2020-04-29 ratio 1.746 (prev 1.89 -> 3.3); next10 level 1.8413x; day vol 5.32x median; zero-vol share before/after 0.0/0.0,no,Real market move (event volume spike and/or no clean split ratio persisting); price is genuine.
SRPT,c_price_break_gt40pct,2015-05-20 ratio 1.602 (prev 16.38 -> 26.24); next10 level 1.5607x; day vol 20.9x median; zero-vol share before/after 0.0/0.0,no,Before 2015-06; outside every 2017+ indicator window.
SRPT,c_price_break_gt40pct,2016-01-15 ratio 0.4515 (prev 31.63 -> 14.28); next10 level 0.3824x; day vol 17.74x median; zero-vol share before/after 0.0/0.0,no,Real market move (event volume spike and/or no clean split ratio persisting); price is genuine.
SRPT,c_price_break_gt40pct,2016-04-21 ratio 0.5591 (prev 19.71 -> 11.02); next10 level 0.7392x; day vol 11.01x median; zero-vol share before/after 0.0/0.0,no,Real market move (event volume spike and/or no clean split ratio persisting); price is genuine.
SRPT,c_price_break_gt40pct,2016-09-19 ratio 1.7385 (prev 28.15 -> 48.94); next10 level 2.1094x; day vol 28.55x median; zero-vol share before/after 0.0/0.0,no,Real market move (event volume spike and/or no clean split ratio persisting); price is genuine.
SRPT,c_price_break_gt40pct,2021-01-08 ratio 0.4871 (prev 168.95 -> 82.29); next10 level 0.5334x; day vol 28.68x median; zero-vol share before/after 0.0/0.0,no,Real market move (event volume spike and/or no clean split ratio persisting); price is genuine.
TDW,c_price_break_gt40pct,2016-10-24 ratio 0.5585 (prev 96.4516 -> 53.871); next10 level 0.5468x; day vol 16.21x median; zero-vol share before/after 0.0/0.0,no,Real market move (event volume spike and/or no clean split ratio persisting); price is genuine.
TGTX,c_price_break_gt40pct,2017-03-06 ratio 1.9065 (prev 5.35 -> 10.2); next10 level 2.243x; day vol 102.27x median; zero-vol share before/after 0.0/0.0,no,Real market move (event volume spike and/or no clean split ratio persisting); price is genuine.
TGTX,c_price_break_gt40pct,2018-09-25 ratio 0.5568 (prev 9.25 -> 5.15); next10 level 0.5854x; day vol 11.6x median; zero-vol share before/after 0.0/0.0,no,Real market move (event volume spike and/or no clean split ratio persisting); price is genuine.
TGTX,c_price_break_gt40pct,2020-12-10 ratio 1.4085 (prev 29.62 -> 41.72); next10 level 1.7736x; day vol 14.24x median; zero-vol share before/after 0.0/0.0,no,Real market move (event volume spike and/or no clean split ratio persisting); price is genuine.
TNDM,c_price_break_gt40pct,2016-11-02 ratio 0.4112 (prev 53.5 -> 22.0); next10 level 0.3458x; day vol 24.04x median; zero-vol share before/after 0.0/0.0,no,Real market move (event volume spike and/or no clean split ratio persisting); price is genuine.
TNDM,c_price_break_gt40pct,2017-08-28 ratio 1.4429 (prev 7.0 -> 10.1); next10 level 1.085x; day vol 35.0x median; zero-vol share before/after 0.0/0.0,no,Real market move (event volume spike and/or no clean split ratio persisting); price is genuine.
TPC,c_price_break_gt40pct,2020-03-17 ratio 0.546 (prev 5.33 -> 2.91); next10 level 1.1623x; day vol 3.58x median; zero-vol share before/after 0.0/0.0,no,COVID-crash move with a volume spike (real price).
TPC,c_price_break_gt40pct,2020-03-18 ratio 1.6082 (prev 2.91 -> 4.68); next10 level 2.1753x; day vol 2.15x median; zero-vol share before/after 0.0/0.0,no,COVID-crash move with a volume spike (real price).
TPC,c_price_break_gt40pct,2020-03-19 ratio 1.6517 (prev 4.68 -> 7.73); next10 level 1.3921x; day vol 1.53x median; zero-vol share before/after 0.0/0.0,no,COVID-crash move with a volume spike (real price).
UNFI,c_price_break_gt40pct,2020-05-13 ratio 1.4565 (prev 15.51 -> 22.59); next10 level 1.1692x; day vol 15.56x median; zero-vol share before/after 0.0/0.0,no,Real market move (event volume spike and/or no clean split ratio persisting); price is genuine.
UPWK,c_price_break_gt40pct,2020-11-05 ratio 1.4357 (prev 20.22 -> 29.03); next10 level 1.521x; day vol 13.15x median; zero-vol share before/after 0.0/0.0,no,Real market move (event volume spike and/or no clean split ratio persisting); price is genuine.
VCEL,c_price_break_gt40pct,2016-03-10 ratio 1.8632 (prev 2.12 -> 3.95); next10 level 2.158x; day vol 1139.01x median; zero-vol share before/after 0.0/0.0,no,Real market move (event volume spike and/or no clean split ratio persisting); price is genuine.
VCEL,c_price_break_gt40pct,2016-12-14 ratio 1.5769 (prev 2.6 -> 4.1); next10 level 1.1827x; day vol 202.71x median; zero-vol share before/after 0.0/0.0,no,Real market move (event volume spike and/or no clean split ratio persisting); price is genuine.
VCEL,c_price_break_gt40pct,2018-03-05 ratio 1.4192 (prev 8.35 -> 11.85); next10 level 1.3922x; day vol 15.1x median; zero-vol share before/after 0.0/0.0,no,Real market move (event volume spike and/or no clean split ratio persisting); price is genuine.
VCEL,c_price_break_gt40pct,2018-11-06 ratio 1.4428 (prev 11.54 -> 16.65); next10 level 1.4398x; day vol 14.27x median; zero-vol share before/after 0.0/0.0,no,Real market move (event volume spike and/or no clean split ratio persisting); price is genuine.
VIR,c_price_break_gt40pct,2020-02-26 ratio 1.6095 (prev 21.73 -> 34.975); next10 level 2.0405x; day vol 10.83x median; zero-vol share before/after 0.0/0.0,no,Real market move (event volume spike and/or no clean split ratio persisting); price is genuine.
VIR,c_price_break_gt40pct,2020-02-27 ratio 1.7212 (prev 34.975 -> 60.2); next10 level 1.2678x; day vol 18.04x median; zero-vol share before/after 0.0/0.0,no,Real market move (event volume spike and/or no clean split ratio persisting); price is genuine.
VIR,c_price_break_gt40pct,2021-01-26 ratio 1.7432 (prev 44.39 -> 77.38); next10 level 1.4895x; day vol 10.95x median; zero-vol share before/after 0.0/0.0,no,Real market move (event volume spike and/or no clean split ratio persisting); price is genuine.
VNOM,c_price_break_gt40pct,2020-03-09 ratio 0.5508 (prev 14.67 -> 8.08); next10 level 0.5297x; day vol 6.87x median; zero-vol share before/after 0.0/0.0,no,COVID-crash move with a volume spike (real price).
VVX,c_price_break_gt40pct,2016-09-30 ratio 0.5512 (prev 27.63 -> 15.23); next10 level 0.599x; day vol 28.92x median; zero-vol share before/after 0.0/0.0,no,Real market move (event volume spike and/or no clean split ratio persisting); price is genuine.
WEN,c_price_break_gt40pct,2020-03-19 ratio 1.427 (prev 7.47 -> 10.66); next10 level 1.8762x; day vol 2.27x median; zero-vol share before/after 0.0/0.0,no,COVID-crash move with a volume spike (real price).
BYD,c_one_day_reversal,2020-03-18: 11.13 -> 7.84 -> 11.21; day vol 5269800 vs 20d median 2358900,verify,Full one-day reversal on high volume in the March-2020 crash: plausible but unverified (single source). Check against a second source only if a trade touches it.
CALY,c_one_day_reversal,2020-03-18: 7.27 -> 5.34 -> 7.21; day vol 2786000 vs 20d median 880450,verify,Full one-day reversal on high volume in the March-2020 crash: plausible but unverified (single source). Check against a second source only if a trade touches it.
DRH,c_one_day_reversal,2020-03-18: 3.38 -> 2.15 -> 3.44; day vol 8555300 vs 20d median 4873750,verify,Full one-day reversal on high volume in the March-2020 crash: plausible but unverified (single source). Check against a second source only if a trade touches it.
EFC,c_one_day_reversal,2020-03-24: 5.37 -> 3.96 -> 5.48; day vol 1967500 vs 20d median 1267750,verify,Full one-day reversal on high volume in the March-2020 crash: plausible but unverified (single source). Check against a second source only if a trade touches it.
GIII,c_one_day_reversal,2020-03-18: 7.32 -> 4.5 -> 7.61; day vol 4537200 vs 20d median 631800,verify,Full one-day reversal on high volume in the March-2020 crash: plausible but unverified (single source). Check against a second source only if a trade touches it.
GME,c_one_day_reversal,2021-03-24: 45.44 -> 30.08 -> 45.94; day vol 96711600 vs 20d median 126681200,no,Real event-driven spike (high volume).
GNL,c_one_day_reversal,2020-03-18: 12.2 -> 9.02 -> 11.47; day vol 1448100 vs 20d median 847450,verify,Full one-day reversal on high volume in the March-2020 crash: plausible but unverified (single source). Check against a second source only if a trade touches it.
LAUR,c_one_day_reversal,2020-03-18: 10.68 -> 7.98 -> 10.69; day vol 2290600 vs 20d median 1311200,verify,Full one-day reversal on high volume in the March-2020 crash: plausible but unverified (single source). Check against a second source only if a trade touches it.
MARA,c_one_day_reversal,2020-06-10: 0.9 -> 1.25 -> 0.93; day vol 35201000 vs 20d median 3535350,no,Real event-driven spike (high volume).
PBF,c_one_day_reversal,2020-03-13: 10.79 -> 16.0 -> 10.58; day vol 5706800 vs 20d median 3104450,verify,Full one-day reversal on high volume in the March-2020 crash: plausible but unverified (single source). Check against a second source only if a trade touches it.
RRR,c_one_day_reversal,2020-03-18: 5.76 -> 3.76 -> 5.78; day vol 6770100 vs 20d median 1229650,verify,Full one-day reversal on high volume in the March-2020 crash: plausible but unverified (single source). Check against a second source only if a trade touches it.
SGI,c_one_day_reversal,2020-03-18: 8.36 -> 6.01 -> 8.35; day vol 16308800 vs 20d median 6255800,verify,Full one-day reversal on high volume in the March-2020 crash: plausible but unverified (single source). Check against a second source only if a trade touches it.
SM,c_one_day_reversal,2020-03-13: 1.72 -> 2.33 -> 1.63; day vol 13521800 vs 20d median 4894700,verify,Full one-day reversal on high volume in the March-2020 crash: plausible but unverified (single source). Check against a second source only if a trade touches it.
WEN,c_one_day_reversal,2020-03-18: 10.5 -> 7.47 -> 10.66; day vol 11923500 vs 20d median 5110150,verify,Full one-day reversal on high volume in the March-2020 crash: plausible but unverified (single source). Check against a second source only if a trade touches it.
WT,c_one_day_reversal,2020-03-13: 2.53 -> 3.33 -> 2.46; day vol 2293500 vs 20d median 1932350,verify,Full one-day reversal on high volume in the March-2020 crash: plausible but unverified (single source). Check against a second source only if a trade touches it.
AA,c_yahoo_nonsplit_factor,Yahoo 'Splits' 0.3333 on 2016-10-06 not in known_splits_combined.csv (NOT_IN_KNOWN),yes,Spin factor where the ticker is the SPUN entity carrying the parent's pre-spin history (see a row).
AA,c_yahoo_nonsplit_factor,Yahoo 'Splits' 1.2484 on 2016-11-01 not in known_splits_combined.csv (NOT_IN_KNOWN),yes,Spin factor where the ticker is the SPUN entity carrying the parent's pre-spin history (see a row).
ALV,c_yahoo_nonsplit_factor,Yahoo 'Splits' 1.388 on 2018-07-02 not in known_splits_combined.csv (NOT_IN_KNOWN),no,"Spin-off / distribution price-adjustment factor; the ticker is the continuing parent, so the adjusted series is the same company (like a dividend adjustment). Correctly excluded from known_splits (no share-count change). Note: prices.add_raw_columns treats it as a split when rebuilding raw shares -> per-share commission slightly off before the date (negligible)."
ASH,c_yahoo_nonsplit_factor,Yahoo 'Splits' 2.044 on 2017-05-15 not in known_splits_combined.csv (NOT_IN_KNOWN),no,"Spin-off / distribution price-adjustment factor; the ticker is the continuing parent, so the adjusted series is the same company (like a dividend adjustment). Correctly excluded from known_splits (no share-count change). Note: prices.add_raw_columns treats it as a split when rebuilding raw shares -> per-share commission slightly off before the date (negligible)."
BBWI,c_yahoo_nonsplit_factor,Yahoo 'Splits' 1.237 on 2021-08-03 not in known_splits_combined.csv (NOT_IN_KNOWN),no,"Spin-off / distribution price-adjustment factor; the ticker is the continuing parent, so the adjusted series is the same company (like a dividend adjustment). Correctly excluded from known_splits (no share-count change). Note: prices.add_raw_columns treats it as a split when rebuilding raw shares -> per-share commission slightly off before the date (negligible)."
BFH,c_yahoo_nonsplit_factor,Yahoo 'Splits' 1.253 on 2021-11-08 not in known_splits_combined.csv (NOT_IN_KNOWN),no,"Spin-off / distribution price-adjustment factor; the ticker is the continuing parent, so the adjusted series is the same company (like a dividend adjustment). Correctly excluded from known_splits (no share-count change). Note: prices.add_raw_columns treats it as a split when rebuilding raw shares -> per-share commission slightly off before the date (negligible)."
BGC,c_yahoo_nonsplit_factor,Yahoo 'Splits' 1.555 on 2018-12-03 not in known_splits_combined.csv (NOT_IN_KNOWN),no,"Spin-off / distribution price-adjustment factor; the ticker is the continuing parent, so the adjusted series is the same company (like a dividend adjustment). Correctly excluded from known_splits (no share-count change). Note: prices.add_raw_columns treats it as a split when rebuilding raw shares -> per-share commission slightly off before the date (negligible)."
BWXT,c_yahoo_nonsplit_factor,Yahoo 'Splits' 1.398 on 2015-07-01 not in known_splits_combined.csv (NOT_IN_KNOWN),no,"Spin-off / distribution price-adjustment factor; the ticker is the continuing parent, so the adjusted series is the same company (like a dividend adjustment). Correctly excluded from known_splits (no share-count change). Note: prices.add_raw_columns treats it as a split when rebuilding raw shares -> per-share commission slightly off before the date (negligible)."
CAG,c_yahoo_nonsplit_factor,Yahoo 'Splits' 1.285 on 2016-11-10 not in known_splits_combined.csv (NOT_IN_KNOWN),no,"Spin-off / distribution price-adjustment factor; the ticker is the continuing parent, so the adjusted series is the same company (like a dividend adjustment). Correctly excluded from known_splits (no share-count change). Note: prices.add_raw_columns treats it as a split when rebuilding raw shares -> per-share commission slightly off before the date (negligible)."
CBSH,c_yahoo_nonsplit_factor,Yahoo 'Splits' 1.05 on 2014-11-25 not in known_splits_combined.csv (NOT_IN_KNOWN),no,5% annual stock dividends (already found by First Trial's scan).
CBSH,c_yahoo_nonsplit_factor,Yahoo 'Splits' 1.05 on 2015-11-24 not in known_splits_combined.csv (NOT_IN_KNOWN),no,5% annual stock dividends (already found by First Trial's scan).
CBSH,c_yahoo_nonsplit_factor,Yahoo 'Splits' 1.05 on 2018-11-29 not in known_splits_combined.csv (NOT_IN_KNOWN),no,5% annual stock dividends (already found by First Trial's scan).
CBSH,c_yahoo_nonsplit_factor,Yahoo 'Splits' 1.05 on 2020-12-01 not in known_splits_combined.csv (NOT_IN_KNOWN),no,5% annual stock dividends (already found by First Trial's scan).
CBSH,c_yahoo_nonsplit_factor,Yahoo 'Splits' 1.05 on 2021-12-01 not in known_splits_combined.csv (NOT_IN_KNOWN),no,5% annual stock dividends (already found by First Trial's scan).
CNX,c_yahoo_nonsplit_factor,Yahoo 'Splits' 1.2 on 2017-11-29 not in known_splits_combined.csv (NOT_IN_KNOWN),no,"Spin-off / distribution price-adjustment factor; the ticker is the continuing parent, so the adjusted series is the same company (like a dividend adjustment). Correctly excluded from known_splits (no share-count change). Note: prices.add_raw_columns treats it as a split when rebuilding raw shares -> per-share commission slightly off before the date (negligible)."
CUZ,c_yahoo_nonsplit_factor,Yahoo 'Splits' 1.417 on 2016-10-07 not in known_splits_combined.csv (NOT_IN_KNOWN),no,"Spin-off / distribution price-adjustment factor; the ticker is the continuing parent, so the adjusted series is the same company (like a dividend adjustment). Correctly excluded from known_splits (no share-count change). Note: prices.add_raw_columns treats it as a split when rebuilding raw shares -> per-share commission slightly off before the date (negligible)."
DXC,c_yahoo_nonsplit_factor,Yahoo 'Splits' 1.7412 on 2015-11-30 not in known_splits_combined.csv (NOT_IN_KNOWN),no,"Spin-off / distribution price-adjustment factor; the ticker is the continuing parent, so the adjusted series is the same company (like a dividend adjustment). Correctly excluded from known_splits (no share-count change). Note: prices.add_raw_columns treats it as a split when rebuilding raw shares -> per-share commission slightly off before the date (negligible)."
DXC,c_yahoo_nonsplit_factor,Yahoo 'Splits' 1.156 on 2018-06-01 not in known_splits_combined.csv (NOT_IN_KNOWN),no,"Spin-off / distribution price-adjustment factor; the ticker is the continuing parent, so the adjusted series is the same company (like a dividend adjustment). Correctly excluded from known_splits (no share-count change). Note: prices.add_raw_columns treats it as a split when rebuilding raw shares -> per-share commission slightly off before the date (negligible)."
ENSG,c_yahoo_nonsplit_factor,Yahoo 'Splits' 1.833 on 2014-06-03 not in known_splits_combined.csv (NOT_IN_KNOWN),no,"Spin-off / distribution price-adjustment factor; the ticker is the continuing parent, so the adjusted series is the same company (like a dividend adjustment). Correctly excluded from known_splits (no share-count change). Note: prices.add_raw_columns treats it as a split when rebuilding raw shares -> per-share commission slightly off before the date (negligible)."
ENSG,c_yahoo_nonsplit_factor,Yahoo 'Splits' 1.069 on 2019-10-01 not in known_splits_combined.csv (NOT_IN_KNOWN),no,"Spin-off / distribution price-adjustment factor; the ticker is the continuing parent, so the adjusted series is the same company (like a dividend adjustment). Correctly excluded from known_splits (no share-count change). Note: prices.add_raw_columns treats it as a split when rebuilding raw shares -> per-share commission slightly off before the date (negligible)."
EPC,c_yahoo_nonsplit_factor,Yahoo 'Splits' 1.349 on 2015-07-01 not in known_splits_combined.csv (NOT_IN_KNOWN),no,"Spin-off / distribution price-adjustment factor; the ticker is the continuing parent, so the adjusted series is the same company (like a dividend adjustment). Correctly excluded from known_splits (no share-count change). Note: prices.add_raw_columns treats it as a split when rebuilding raw shares -> per-share commission slightly off before the date (negligible)."
FMC,c_yahoo_nonsplit_factor,Yahoo 'Splits' 1.153 on 2019-03-04 not in known_splits_combined.csv (NOT_IN_KNOWN),no,"Spin-off / distribution price-adjustment factor; the ticker is the continuing parent, so the adjusted series is the same company (like a dividend adjustment). Correctly excluded from known_splits (no share-count change). Note: prices.add_raw_columns treats it as a split when rebuilding raw shares -> per-share commission slightly off before the date (negligible)."
FNF,c_yahoo_nonsplit_factor,Yahoo 'Splits' 1.216 on 2014-07-01 not in known_splits_combined.csv (NOT_IN_KNOWN),no,"Spin-off / distribution price-adjustment factor; the ticker is the continuing parent, so the adjusted series is the same company (like a dividend adjustment). Correctly excluded from known_splits (no share-count change). Note: prices.add_raw_columns treats it as a split when rebuilding raw shares -> per-share commission slightly off before the date (negligible)."
FNF,c_yahoo_nonsplit_factor,Yahoo 'Splits' 1.385 on 2017-10-02 not in known_splits_combined.csv (NOT_IN_KNOWN),no,"Spin-off / distribution price-adjustment factor; the ticker is the continuing parent, so the adjusted series is the same company (like a dividend adjustment). Correctly excluded from known_splits (no share-count change). Note: prices.add_raw_columns treats it as a split when rebuilding raw shares -> per-share commission slightly off before the date (negligible)."
FTI,c_yahoo_nonsplit_factor,Yahoo 'Splits' 1.344 on 2021-02-16 not in known_splits_combined.csv (NOT_IN_KNOWN),no,"Spin-off / distribution price-adjustment factor; the ticker is the continuing parent, so the adjusted series is the same company (like a dividend adjustment). Correctly excluded from known_splits (no share-count change). Note: prices.add_raw_columns treats it as a split when rebuilding raw shares -> per-share commission slightly off before the date (negligible)."
GHC,c_yahoo_nonsplit_factor,Yahoo 'Splits' 1.655 on 2015-07-01 not in known_splits_combined.csv (NOT_IN_KNOWN),no,"Spin-off / distribution price-adjustment factor; the ticker is the continuing parent, so the adjusted series is the same company (like a dividend adjustment). Correctly excluded from known_splits (no share-count change). Note: prices.add_raw_columns treats it as a split when rebuilding raw shares -> per-share commission slightly off before the date (negligible)."
GRBK,c_yahoo_nonsplit_factor,Yahoo 'Splits' 1.532 on 2014-09-24 not in known_splits_combined.csv (NOT_IN_KNOWN),no,"Spin-off / distribution price-adjustment factor; the ticker is the continuing parent, so the adjusted series is the same company (like a dividend adjustment). Correctly excluded from known_splits (no share-count change). Note: prices.add_raw_columns treats it as a split when rebuilding raw shares -> per-share commission slightly off before the date (negligible)."
INVA,c_yahoo_nonsplit_factor,Yahoo 'Splits' 1.241 on 2014-06-03 not in known_splits_combined.csv (NOT_IN_KNOWN),no,"Spin-off / distribution price-adjustment factor; the ticker is the continuing parent, so the adjusted series is the same company (like a dividend adjustment). Correctly excluded from known_splits (no share-count change). Note: prices.add_raw_columns treats it as a split when rebuilding raw shares -> per-share commission slightly off before the date (negligible)."
IVT,c_yahoo_nonsplit_factor,Yahoo 'Splits' 0.1 on 2021-08-06 not in known_splits_combined.csv (NOT_IN_KNOWN),yes,"Real 1:10 reverse split 2021-08 missing from known_splits: EPS per share jumps 10x across it (spurious YoY growth into 2022, dev)."
JEF,c_yahoo_nonsplit_factor,Yahoo 'Splits' 1.068 on 2019-09-27 not in known_splits_combined.csv (NOT_IN_KNOWN),no,"Spin-off / distribution price-adjustment factor; the ticker is the continuing parent, so the adjusted series is the same company (like a dividend adjustment). Correctly excluded from known_splits (no share-count change). Note: prices.add_raw_columns treats it as a split when rebuilding raw shares -> per-share commission slightly off before the date (negligible)."
LEU,c_yahoo_nonsplit_factor,Yahoo 'Splits' 0.091 on 2014-09-30 not in known_splits_combined.csv (NOT_IN_KNOWN),no,"Bankruptcy conversion 2014-09 (USEC -> Centrus), before the warm-up window."
MSGS,c_yahoo_nonsplit_factor,Yahoo 'Splits' 1.402 on 2020-04-20 not in known_splits_combined.csv (NOT_IN_KNOWN),no,"Spin-off / distribution price-adjustment factor; the ticker is the continuing parent, so the adjusted series is the same company (like a dividend adjustment). Correctly excluded from known_splits (no share-count change). Note: prices.add_raw_columns treats it as a split when rebuilding raw shares -> per-share commission slightly off before the date (negligible)."
MTCH,c_yahoo_nonsplit_factor,Yahoo 'Splits' 3.502 on 2020-07-01 not in known_splits_combined.csv (NOT_IN_KNOWN),no,"Spin-off / distribution price-adjustment factor; the ticker is the continuing parent, so the adjusted series is the same company (like a dividend adjustment). Correctly excluded from known_splits (no share-count change). Note: prices.add_raw_columns treats it as a split when rebuilding raw shares -> per-share commission slightly off before the date (negligible)."
NOV,c_yahoo_nonsplit_factor,Yahoo 'Splits' 1.109 on 2014-06-02 not in known_splits_combined.csv (NOT_IN_KNOWN),no,"Spin-off / distribution price-adjustment factor; the ticker is the continuing parent, so the adjusted series is the same company (like a dividend adjustment). Correctly excluded from known_splits (no share-count change). Note: prices.add_raw_columns treats it as a split when rebuilding raw shares -> per-share commission slightly off before the date (negligible)."
OPLN,c_yahoo_nonsplit_factor,Yahoo 'Splits' 2.642 on 2019-06-28 not in known_splits_combined.csv (NOT_IN_KNOWN),no,"Spin-off / distribution price-adjustment factor; the ticker is the continuing parent, so the adjusted series is the same company (like a dividend adjustment). Correctly excluded from known_splits (no share-count change). Note: prices.add_raw_columns treats it as a split when rebuilding raw shares -> per-share commission slightly off before the date (negligible)."
OVV,c_yahoo_nonsplit_factor,Yahoo 'Splits' 0.2 on 2020-01-27 not in known_splits_combined.csv (NOT_IN_KNOWN),no,"Real 1:5 consolidation 2020-01 missing from known_splits; Ovintiv CIK fundamentals start 2020 (post-consolidation), so no EPS effect. Add for completeness."
OZK,c_yahoo_nonsplit_factor,Yahoo 'Splits' 2.0 on 2014-06-24 not in known_splits_combined.csv (NOT_IN_KNOWN),no,"Real 2:1 split (2014-06) missing from known_splits; OZK has no EDGAR fundamentals, so no EPS effect."
PLUS,c_yahoo_nonsplit_factor,Yahoo 'Splits' 2.0 on 2021-12-14 not in known_splits_combined.csv (NOT_IN_KNOWN),yes,"Real 2:1 split 2021-12-13 missing from known_splits: pre-split EPS not halved, so YoY EPS for quarters reported after the split is off by 2x (validation 2021-12, dev 2022)."
PPLI,c_yahoo_nonsplit_factor,Yahoo 'Splits' 3.054 on 2020-07-01 not in known_splits_combined.csv (NOT_IN_KNOWN),yes,Spin factor where the ticker is the SPUN entity carrying the parent's pre-spin history (see a row).
PPLI,c_yahoo_nonsplit_factor,Yahoo 'Splits' 1.503 on 2021-05-25 not in known_splits_combined.csv (NOT_IN_KNOWN),yes,Spin factor where the ticker is the SPUN entity carrying the parent's pre-spin history (see a row).
PRG,c_yahoo_nonsplit_factor,Yahoo 'Splits' 1.179 on 2020-12-01 not in known_splits_combined.csv (NOT_IN_KNOWN),no,"Spin-off / distribution price-adjustment factor; the ticker is the continuing parent, so the adjusted series is the same company (like a dividend adjustment). Correctly excluded from known_splits (no share-count change). Note: prices.add_raw_columns treats it as a split when rebuilding raw shares -> per-share commission slightly off before the date (negligible)."
RYN,c_yahoo_nonsplit_factor,Yahoo 'Splits' 1.339 on 2014-06-30 not in known_splits_combined.csv (NOT_IN_KNOWN),no,"Spin-off / distribution price-adjustment factor; the ticker is the continuing parent, so the adjusted series is the same company (like a dividend adjustment). Correctly excluded from known_splits (no share-count change). Note: prices.add_raw_columns treats it as a split when rebuilding raw shares -> per-share commission slightly off before the date (negligible)."
SBSI,c_yahoo_nonsplit_factor,Yahoo 'Splits' 1.05 on 2015-04-23 not in known_splits_combined.csv (NOT_IN_KNOWN),no,"Stock dividends (5% 2015, 2.4% 2017) missing: ~2-5% EPS drift in YoY; small."
SBSI,c_yahoo_nonsplit_factor,Yahoo 'Splits' 1.024 on 2017-05-25 not in known_splits_combined.csv (NOT_IN_KNOWN),no,"Stock dividends (5% 2015, 2.4% 2017) missing: ~2-5% EPS drift in YoY; small."
SNX,c_yahoo_nonsplit_factor,Yahoo 'Splits' 2.0 on 2020-12-01 not in known_splits_combined.csv (NOT_IN_KNOWN),no,"Spin-off / distribution price-adjustment factor; the ticker is the continuing parent, so the adjusted series is the same company (like a dividend adjustment). Correctly excluded from known_splits (no share-count change). Note: prices.add_raw_columns treats it as a split when rebuilding raw shares -> per-share commission slightly off before the date (negligible)."
SPXC,c_yahoo_nonsplit_factor,Yahoo 'Splits' 3.971 on 2015-09-28 not in known_splits_combined.csv (NOT_IN_KNOWN),no,"Spin-off / distribution price-adjustment factor; the ticker is the continuing parent, so the adjusted series is the same company (like a dividend adjustment). Correctly excluded from known_splits (no share-count change). Note: prices.add_raw_columns treats it as a split when rebuilding raw shares -> per-share commission slightly off before the date (negligible)."
TDW,c_yahoo_nonsplit_factor,Yahoo 'Splits' 0.031 on 2017-08-01 not in known_splits_combined.csv (NOT_IN_KNOWN),yes,"Bankruptcy conversion 2017-07-31 (old -> new equity), encoded by Yahoo as a split; fresh-start accounting. Once fundamentals back-fill to 2014, YoY for Q3 2017..Q2 2018 compares predecessor vs successor per-share EPS (units differ ~32x). Fix: history break at 2017-07-31."
TKR,c_yahoo_nonsplit_factor,Yahoo 'Splits' 1.397 on 2014-07-01 not in known_splits_combined.csv (NOT_IN_KNOWN),no,"Spin-off / distribution price-adjustment factor; the ticker is the continuing parent, so the adjusted series is the same company (like a dividend adjustment). Correctly excluded from known_splits (no share-count change). Note: prices.add_raw_columns treats it as a split when rebuilding raw shares -> per-share commission slightly off before the date (negligible)."
TNL,c_yahoo_nonsplit_factor,Yahoo 'Splits' 2.215 on 2018-06-01 not in known_splits_combined.csv (NOT_IN_KNOWN),no,"Spin-off / distribution price-adjustment factor; the ticker is the continuing parent, so the adjusted series is the same company (like a dividend adjustment). Correctly excluded from known_splits (no share-count change). Note: prices.add_raw_columns treats it as a split when rebuilding raw shares -> per-share commission slightly off before the date (negligible)."
TR,c_yahoo_nonsplit_factor,Yahoo 'Splits' 1.03 on 2015-03-06 not in known_splits_combined.csv (NOT_IN_KNOWN),no,3% annual stock dividends (already found by First Trial's scan).
TR,c_yahoo_nonsplit_factor,Yahoo 'Splits' 1.03 on 2016-03-04 not in known_splits_combined.csv (NOT_IN_KNOWN),no,3% annual stock dividends (already found by First Trial's scan).
TR,c_yahoo_nonsplit_factor,Yahoo 'Splits' 1.03 on 2017-03-03 not in known_splits_combined.csv (NOT_IN_KNOWN),no,3% annual stock dividends (already found by First Trial's scan).
TR,c_yahoo_nonsplit_factor,Yahoo 'Splits' 1.03 on 2018-03-05 not in known_splits_combined.csv (NOT_IN_KNOWN),no,3% annual stock dividends (already found by First Trial's scan).
TR,c_yahoo_nonsplit_factor,Yahoo 'Splits' 1.03 on 2021-03-04 not in known_splits_combined.csv (NOT_IN_KNOWN),no,3% annual stock dividends (already found by First Trial's scan).
TRN,c_yahoo_nonsplit_factor,Yahoo 'Splits' 1.389 on 2018-11-01 not in known_splits_combined.csv (NOT_IN_KNOWN),no,"Spin-off / distribution price-adjustment factor; the ticker is the continuing parent, so the adjusted series is the same company (like a dividend adjustment). Correctly excluded from known_splits (no share-count change). Note: prices.add_raw_columns treats it as a split when rebuilding raw shares -> per-share commission slightly off before the date (negligible)."
UA,c_yahoo_nonsplit_factor,Yahoo 'Splits' 1.0071 on 2016-06-13 not in known_splits_combined.csv (NOT_IN_KNOWN),no,Class-C share dividend 2016; Yahoo UA before 2016-04 may be class A (same company). Negligible.
VFC,c_yahoo_nonsplit_factor,Yahoo 'Splits' 1.062 on 2019-05-23 not in known_splits_combined.csv (NOT_IN_KNOWN),no,"Spin-off / distribution price-adjustment factor; the ticker is the continuing parent, so the adjusted series is the same company (like a dividend adjustment). Correctly excluded from known_splits (no share-count change). Note: prices.add_raw_columns treats it as a split when rebuilding raw shares -> per-share commission slightly off before the date (negligible)."
VIAV,c_yahoo_nonsplit_factor,Yahoo 'Splits' 1.758 on 2015-08-04 not in known_splits_combined.csv (NOT_IN_KNOWN),no,"Spin-off / distribution price-adjustment factor; the ticker is the continuing parent, so the adjusted series is the same company (like a dividend adjustment). Correctly excluded from known_splits (no share-count change). Note: prices.add_raw_columns treats it as a split when rebuilding raw shares -> per-share commission slightly off before the date (negligible)."
VNO,c_yahoo_nonsplit_factor,Yahoo 'Splits' 1.105 on 2015-01-16 not in known_splits_combined.csv (NOT_IN_KNOWN),no,"Spin-off / distribution price-adjustment factor; the ticker is the continuing parent, so the adjusted series is the same company (like a dividend adjustment). Correctly excluded from known_splits (no share-count change). Note: prices.add_raw_columns treats it as a split when rebuilding raw shares -> per-share commission slightly off before the date (negligible)."
VNO,c_yahoo_nonsplit_factor,Yahoo 'Splits' 1.237 on 2017-07-18 not in known_splits_combined.csv (NOT_IN_KNOWN),no,"Spin-off / distribution price-adjustment factor; the ticker is the continuing parent, so the adjusted series is the same company (like a dividend adjustment). Correctly excluded from known_splits (no share-count change). Note: prices.add_raw_columns treats it as a split when rebuilding raw shares -> per-share commission slightly off before the date (negligible)."
VTOL,c_yahoo_nonsplit_factor,Yahoo 'Splits' 0.5 on 2020-06-12 not in known_splits_combined.csv (known_date_ratio_differs:1/3),no,"Known date, ratio differs (Yahoo 0.5 vs known 1/3); First Trial says VTOL is handled."
XPO,c_yahoo_nonsplit_factor,Yahoo 'Splits' 1.718 on 2021-08-02 not in known_splits_combined.csv (NOT_IN_KNOWN),no,"Spin-off / distribution price-adjustment factor; the ticker is the continuing parent, so the adjusted series is the same company (like a dividend adjustment). Correctly excluded from known_splits (no share-count change). Note: prices.add_raw_columns treats it as a split when rebuilding raw shares -> per-share commission slightly off before the date (negligible)."
ZD,c_yahoo_nonsplit_factor,Yahoo 'Splits' 1.15 on 2021-10-08 not in known_splits_combined.csv (NOT_IN_KNOWN),no,"Spin-off / distribution price-adjustment factor; the ticker is the continuing parent, so the adjusted series is the same company (like a dividend adjustment). Correctly excluded from known_splits (no share-count change). Note: prices.add_raw_columns treats it as a split when rebuilding raw shares -> per-share commission slightly off before the date (negligible)."
ASH,d_cik_change_2014_2021,Current CIK's first filing 2016; earlier history filed under a predecessor CIK,no,"Pre-change fundamentals are MISSING under the current CIK (the store is keyed by current CIK), so screens SKIP -> no entry (conservative). Prices are the same business."
AA,d_cik_change_2014_2021,Current CIK's first filing 2016; earlier history filed under a predecessor CIK,yes,"Pre-change fundamentals are MISSING under the current CIK (the store is keyed by current CIK), so screens SKIP -> no entry (conservative). But the pre-change PRICES belong to the parent (see a row)."
FTI,d_cik_change_2014_2021,Current CIK's first filing 2017; earlier history filed under a predecessor CIK,no,"Pre-change fundamentals are MISSING under the current CIK (the store is keyed by current CIK), so screens SKIP -> no entry (conservative). Prices are the same business."
SWX,d_cik_change_2014_2021,Current CIK's first filing 2017; earlier history filed under a predecessor CIK,no,"Pre-change fundamentals are MISSING under the current CIK (the store is keyed by current CIK), so screens SKIP -> no entry (conservative). Prices are the same business."
DXC,d_cik_change_2014_2021,Current CIK's first filing 2017; earlier history filed under a predecessor CIK,no,"Pre-change fundamentals are MISSING under the current CIK (the store is keyed by current CIK), so screens SKIP -> no entry (conservative). Prices are the same business."
TALO,d_cik_change_2014_2021,Current CIK's first filing 2018; earlier history filed under a predecessor CIK,no,"Pre-change fundamentals are MISSING under the current CIK (the store is keyed by current CIK), so screens SKIP -> no entry (conservative). Prices are the same business."
NWN,d_cik_change_2014_2021,Current CIK's first filing 2018; earlier history filed under a predecessor CIK,no,"Pre-change fundamentals are MISSING under the current CIK (the store is keyed by current CIK), so screens SKIP -> no entry (conservative). Prices are the same business."
AAMI,d_cik_change_2014_2021,Current CIK's first filing 2019; earlier history filed under a predecessor CIK,no,"Pre-change fundamentals are MISSING under the current CIK (the store is keyed by current CIK), so screens SKIP -> no entry (conservative). Prices are the same business."
OVV,d_cik_change_2014_2021,Current CIK's first filing 2020; earlier history filed under a predecessor CIK,no,"Pre-change fundamentals are MISSING under the current CIK (the store is keyed by current CIK), so screens SKIP -> no entry (conservative). Prices are the same business."
PPLI,d_cik_change_2014_2021,Current CIK's first filing 2020; earlier history filed under a predecessor CIK,yes,"Pre-change fundamentals are MISSING under the current CIK (the store is keyed by current CIK), so screens SKIP -> no entry (conservative). But the pre-change PRICES belong to the parent (see a row)."
ADEA,d_cik_change_2014_2021,Current CIK's first filing 2020; earlier history filed under a predecessor CIK,no,"Pre-change fundamentals are MISSING under the current CIK (the store is keyed by current CIK), so screens SKIP -> no entry (conservative). Prices are the same business."
PRG,d_cik_change_2014_2021,Current CIK's first filing 2020; earlier history filed under a predecessor CIK,no,"Pre-change fundamentals are MISSING under the current CIK (the store is keyed by current CIK), so screens SKIP -> no entry (conservative). Prices are the same business."
LQDA,d_cik_change_2014_2021,Current CIK's first filing 2020; earlier history filed under a predecessor CIK,no,"Pre-change fundamentals are MISSING under the current CIK (the store is keyed by current CIK), so screens SKIP -> no entry (conservative). Prices are the same business."
CHRD,e_bankruptcy_fresh_start,8-K Item 1.03 filings; emergence/fresh-start 2020-11-19,yes,"Store: stub quarter ending 2020-11-19 (EPS 2.58, reorg gain); Q2 2021 EPS 3.52 vs Q2 2020 -0.29 (old shares) = spurious 13x YoY (validation 2021). Fix: treat the emergence date as a fundamentals history break (no YoY across it), like a CIK change."
CRC,e_bankruptcy_fresh_start,8-K Item 1.03 filings; emergence/fresh-start 2020-10-27,yes,"Store: stub 'Q4 2020' ending 2020-10-31 with EPS 79.54 (reorg gain); Q3 2020 EPS +2.20 while NI -29M (sign conflict). Predecessor/successor per-share mix. Fix: treat the emergence date as a fundamentals history break (no YoY across it), like a CIK change."
VAL,e_bankruptcy_fresh_start,8-K Item 1.03 filings; emergence/fresh-start 2021-04-30,yes,"Store: predecessor stub ending 2021-04-30 (EPS -22.38) and successor stub mislabelled 'Q3 2021' ending 2021-06-30. Losses -> mostly fail conservatively, but not structurally safe. Fix: treat the emergence date as a fundamentals history break (no YoY across it), like a CIK change."
GPOR,e_bankruptcy_fresh_start,8-K Item 1.03 filings; emergence/fresh-start 2021-05-17,yes,"Store: predecessor 2020 quarters (released 2021-03) vs successor 2021+ (EPS -22.50 successor Q3 2021): per-share units differ. Fix: treat the emergence date as a fundamentals history break (no YoY across it), like a CIK change."
TDW,e_bankruptcy_fresh_start,8-K Item 1.03 filings; emergence/fresh-start 2017-07-31,yes,"Fresh start; see c_yahoo_nonsplit_factor row. Matters once the 2014 back-fill lands (validation 2017-2018). Fix: treat the emergence date as a fundamentals history break (no YoY across it), like a CIK change."
WFRD,e_bankruptcy_fresh_start,8-K Item 1.03 filings; emergence/fresh-start 2019-12-13,no,"Yahoo WFRD starts 2021-01 (after emergence); 2021 YoY compares successor quarters only. Fix: treat the emergence date as a fundamentals history break (no YoY across it), like a CIK change."
BTU,e_bankruptcy_fresh_start,8-K Item 1.03 filings; emergence/fresh-start 2017-04-03,no,"Yahoo starts at re-listing 2017-04; first-year YoY (2017-Q2..2018-Q1) vs predecessor quarters once back-filled: verify after back-fill. Fix: treat the emergence date as a fundamentals history break (no YoY across it), like a CIK change."
LEU,e_bankruptcy_fresh_start,8-K Item 1.03 filings; emergence/fresh-start 2014-09-30,no,"Before the warm-up window. Fix: treat the emergence date as a fundamentals history break (no YoY across it), like a CIK change."
RNR,e_bankruptcy_fresh_start,8-K Item 1.03 filings; emergence/fresh-start 2014-12-30,no,"Item 1.03 filings by RenaissanceRe were NOT its own bankruptcy (likely a subsidiary/counterparty disclosure); no share or price discontinuity found. Verify item text if in doubt. Fix: treat the emergence date as a fundamentals history break (no YoY across it), like a CIK change."
