ticker,cik,fy_end,fy_10k_accn,fy_10k_filed,restated_fields,n_restated_items,restated_detail,direct_q4_eps,direct_q4_net_income,direct_q4_revenue,eps_concept,net_income_concept,revenue_concept,press_release_q4_eps,stored_q4_eps,stored_q4_net_income,stored_q4_revenue,match_eps,match_net_income,match_revenue,in_store,bucket,bucket_store_final_2
AAL,6201,2018-12-31,0000006201-19-000009,2019-02-25,"eps,net_income",6,net_income 2018-03-31: 10-Q 1.86e+08 -> 10-K 1.59e+08; net_income 2018-06-30: 10-Q 5.66e+08 -> 10-K 5.56e+08; net_income 2018-09-30: 10-Q 3.41e+08 -> 10-K 3.72e+08; eps 2018-03-31: 10-Q 0.39 -> 10-K 0.34; eps 2018-06-30: 10-Q 1.22 -> 10-K 1.2; eps 2018-09-30: 10-Q 0.74 -> 10-K 0.81,0.7,325000000.0,10938000000.0,EarningsPerShareDiluted,NetIncomeLoss,RevenueFromContractWithCustomerExcludingAssessedTax,,0.7,325000000.0,10938000000.0,yes,yes,yes,True,ok,ok
AAMI,1748824,2018-12-31,0001748824-20-000008,2020-03-02,net_income,1,net_income 2018-06-30: 10-Q 2.1e+06 -> 10-K 2.5e+06,0.22,18800000.0,214500000.0,EarningsPerShareDiluted,NetIncomeLoss,Revenues,,,,,stored_missing,stored_missing,stored_missing,False,q4_row_not_in_store,q4_row_not_in_store
AAMI,1748824,2019-12-31,0001748824-20-000008,2020-03-02,net_income,2,net_income 2019-06-30: 10-Q 2.8e+07 -> 10-K 2.16e+07; net_income 2019-09-30: 10-Q 7.54e+07 -> 10-K 8.3e+07,0.79,74300000.0,207400000.0,EarningsPerShareDiluted,NetIncomeLoss,Revenues,,0.79,67800000.0,207400000.0,yes,no,yes,True,"NI_ONLY (EPS agrees: NI definition, e.g. preferred / NCI / OP units)","NI_ONLY (EPS agrees: NI definition, e.g. preferred / NCI / OP units)"
AAMI,1748824,2021-12-31,0001748824-22-000018,2022-02-28,revenue,1,revenue 2021-03-31: 10-Q 1.312e+08 -> 10-K 1.097e+08,0.53,,162900000.0,EarningsPerShareDiluted,NetIncomeLoss,Revenues,,0.53,39200000.0,162900000.0,yes,n/a,yes,True,ok,ok
AAON,824142,2019-12-31,0000824142-20-000025,2020-02-27,"eps,net_income",4,net_income 2019-03-31: 10-Q 1.0902e+07 -> 10-K 8.757e+06; net_income 2019-06-30: 10-Q 1.2961e+07 -> 10-K 1.3391e+07; net_income 2019-09-30: 10-Q 1.3827e+07 -> 10-K 1.429e+07; eps 2019-03-31: 10-Q 0.21 -> 10-K 0.17,0.33,17273000.0,,EarningsPerShareDiluted,NetIncomeLoss,SalesRevenueGoodsNet,,0.33,17273000.0,122574000.0,yes,yes,n/a,True,ok,ok
ACHC,1520697,2020-12-31,0001564590-21-009466,2021-02-26,revenue,3,revenue 2020-03-31: 10-Q 7.8281e+08 -> 10-K 5.09217e+08; revenue 2020-06-30: 10-Q 7.50311e+08 -> 10-K 4.91475e+08; revenue 2020-09-30: 10-Q 8.33304e+08 -> 10-K 5.47961e+08,-8.78,-783672000.0,541276000.0,EarningsPerShareDiluted,NetIncomeLoss,RevenueFromContractWithCustomerExcludingAssessedTax,,-8.81,-783672000.0,541276000.0,no,yes,yes,True,EPS_ONLY_small (<=0.03; rounding/dilution),EPS_ONLY_small (<=0.03; rounding/dilution)
ACIW,935036,2016-12-31,0001193125-17-065734,2017-03-01,net_income,1,net_income 2016-06-30: 10-Q -1.6858e+07 -> 10-K -1.6474e+07,0.56,66691000.0,,EarningsPerShareDiluted,NetIncomeLoss,Revenues,,0.54,66691000.0,342730000.0,no,yes,n/a,True,EPS_ONLY_small (<=0.03; rounding/dilution),EPS_ONLY_small (<=0.03; rounding/dilution)
ACM,868857,2015-09-30,0001047469-15-008965,2015-11-25,"eps,net_income",2,net_income 2014-12-31: 10-Q -1.03503e+08 -> 10-K -1.39e+08; eps 2014-12-31: 10-Q -0.73 -> 10-K -0.98,0.01,1100000.0,,EarningsPerShareDiluted,NetIncomeLoss,RevenueFromContractWithCustomerExcludingAssessedTax,,0.01,1056000.0,,yes,no,n/a,True,"NI_ONLY (EPS agrees: NI definition, e.g. preferred / NCI / OP units)","NI_ONLY (EPS agrees: NI definition, e.g. preferred / NCI / OP units)"
ADUS,1468328,2018-12-31,0001564590-19-008098,2019-03-18,net_income,2,net_income 2018-03-31: 10-Q 4.858e+06 -> 10-K 4.886e+06; net_income 2018-09-30: 10-Q 3.546e+06 -> 10-K 3.631e+06,0.35,4668000.0,,EarningsPerShareDiluted,NetIncomeLoss,Revenues,,0.35,4689000.0,139803000.0,yes,yes,n/a,True,ok,ok
ADUS,1468328,2019-12-31,0001564590-20-038909,2020-08-10,"eps,net_income",5,net_income 2019-03-31: 10-Q 4.862e+06 -> 10-K 4.296e+06; net_income 2019-06-30: 10-Q 5.518e+06 -> 10-K 5.292e+06; net_income 2019-09-30: 10-Q 4.867e+06 -> 10-K 4.912e+06; eps 2019-03-31: 10-Q 0.36 -> 10-K 0.32; eps 2019-06-30: 10-Q 0.41 -> 10-K 0.39,0.68,10737000.0,,EarningsPerShareDiluted,NetIncomeLoss,Revenues,,0.67,10737000.0,191566000.0,yes,yes,n/a,True,ok,ok
AES,874761,2017-12-31,0000874761-18-000014,2018-02-27,eps,1,eps 2017-03-31: 10-Q -0.04 -> 10-K 0.04,-2.03,-1342000000.0,2643000000.0,EarningsPerShareDiluted,NetIncomeLoss,Revenues,,-2.05,-1342000000.0,2643000000.0,no,yes,yes,True,EPS_ONLY_small (<=0.03; rounding/dilution),EPS_ONLY_small (<=0.03; rounding/dilution)
AGNT,1495932,2017-12-31,0001683168-18-001030,2018-04-17,"eps,net_income,revenue",9,revenue 2017-03-31: 10-Q 2.20112e+07 -> 10-K 2.15282e+07; revenue 2017-06-30: 10-Q 3.95743e+07 -> 10-K 3.89809e+07; revenue 2017-09-30: 10-Q 4.81058e+07 -> 10-K 4.73717e+07; net_income 2017-03-31: 10-Q -69729 -> 10-K -2.89982e+06; net_income 2017-06-30: 10-Q 3.23021e+06 -> 10-K -2.1473e+06; net_income 2017-09-30: 10-Q -7.78057e+06 -> 10-K -5.31474e+06; eps 2017-03-31: 10-Q 0 -> 10-K -0.05; eps 2017-06-30: 10-Q 0.05 -> 10-K -0.04; eps 2017-09-30: 10-Q -0.15 -> 10-K -0.1,,,,EarningsPerShareDiluted,NetIncomeLoss,Revenues,,-0.25,-11769112.0,48223675.0,n/a,n/a,n/a,True,no_direct_fact,no_direct_fact
AHCO,1725255,2020-12-31,0001558370-21-003089,2021-03-16,"eps,net_income",4,net_income 2020-03-31: 10-Q -158162 -> 10-K -1.3777e+07; net_income 2020-06-30: 10-Q 4.033e+06 -> 10-K 4.068e+06; net_income 2020-09-30: 10-Q -2.489e+06 -> 10-K -2.3729e+07; eps 2020-09-30: 10-Q -0.04 -> 10-K -0.41,,,,EarningsPerShareDiluted,NetIncomeLoss,RevenueFromContractWithCustomerExcludingAssessedTax,,-2.6,-163018000.0,348429000.0,n/a,n/a,n/a,True,no_direct_fact,no_direct_fact
AIN,819793,2018-12-31,0000891092-19-002857,2019-03-14,"eps,net_income,revenue",6,revenue 2018-03-31: 10-Q 2.29981e+08 -> 10-K 2.236e+08; revenue 2018-09-30: 10-Q 2.53253e+08 -> 10-K 2.519e+08; net_income 2018-03-31: 10-Q 1.0245e+07 -> 10-K 7.7e+06; net_income 2018-06-30: 10-Q 3.0365e+07 -> 10-K 2.99e+07; net_income 2018-09-30: 10-Q 2.8215e+07 -> 10-K 2.77e+07; eps 2018-03-31: 10-Q 0.32 -> 10-K 0.24,0.54,17600000.0,251600000.0,EarningsPerShareDiluted,NetIncomeLoss,Revenues,0.54,0.54,17591000.0,250754000.0,yes,yes,yes,True,ok,ok
ALRM,1459200,2015-12-31,0001459200-16-000024,2016-02-29,net_income,1,net_income 2015-09-30: 10-Q 3.229e+06 -> 10-K 2.943e+06,0.07,3275000.0,,EarningsPerShareDiluted,NetIncomeLoss,RevenueFromContractWithCustomerExcludingAssessedTax,,0.07,3275000.0,56921000.0,yes,yes,n/a,True,ok,ok
ALV,1034670,2018-12-31,0001564590-19-003571,2019-02-21,"eps,net_income",4,net_income 2018-03-31: 10-Q 1.267e+08 -> 10-K 1.587e+08; net_income 2018-06-30: 10-Q 3.72e+07 -> 10-K 1.927e+08; eps 2018-03-31: 10-Q 1.45 -> 10-K 1.82; eps 2018-06-30: 10-Q 0.43 -> 10-K 2.2,-1.06,-93000000.0,2192800000.0,EarningsPerShareDiluted,NetIncomeLoss,RevenueFromContractWithCustomerExcludingAssessedTax,,-1.04,-91000000.0,2192800000.0,no,no,yes,True,NI_and_EPS (or more) disagree: derivation/basis error candidate,NI_and_EPS (or more) disagree: derivation/basis error candidate
AMG,1004434,2014-12-31,0001004434-15-000003,2015-02-23,"eps,net_income",4,net_income 2014-06-30: 10-Q 1.001e+08 -> 10-K 9.91e+07; net_income 2014-09-30: 10-Q 1.043e+08 -> 10-K 1.032e+08; eps 2014-06-30: 10-Q 1.77 -> 10-K 1.75; eps 2014-09-30: 10-Q 1.84 -> 10-K 1.82,3.02,172600000.0,,EarningsPerShareDiluted,NetIncomeLoss,RevenueFromContractWithCustomerExcludingAssessedTax,,2.83,172600000.0,,no,yes,n/a,True,"EPS_ONLY_large (NI agrees: share basis, or direct EPS is another line)","EPS_ONLY_large (NI agrees: share basis, or direct EPS is another line e.g. continuing ops)"
AMG,1004434,2016-12-31,0001004434-17-000004,2017-02-24,"eps,net_income",4,net_income 2016-06-30: 10-Q 1.074e+08 -> 10-K 1.083e+08; net_income 2016-09-30: 10-Q 1.092e+08 -> 10-K 1.102e+08; eps 2016-03-31: 10-Q 1.92 -> 10-K 1.9; eps 2016-09-30: 10-Q 2 -> 10-K 2.02,2.67,150200000.0,,EarningsPerShareDiluted,NetIncomeLoss,RevenueFromContractWithCustomerExcludingAssessedTax,,2.66,149800000.0,,yes,yes,n/a,True,ok,ok
ANDE,821026,2021-12-31,0000821026-22-000050,2022-02-24,revenue,2,revenue 2021-03-31: 10-Q 2.63573e+09 -> 10-K 2.59472e+09; revenue 2021-06-30: 10-Q 3.27373e+09 -> 10-K 3.2358e+09,,29642000.0,3782702000.0,EarningsPerShareDiluted,NetIncomeLoss,Revenues,,0.86,29642000.0,3782702000.0,n/a,yes,yes,True,ok,ok
ARR,1428205,2015-12-31,0001428205-16-000300,2016-02-18,eps,1,eps 2015-03-31: 10-Q -0.37 -> 10-K -2.93,2.87,117799000.0,,EarningsPerShareDiluted,NetIncomeLoss,Revenues,,2.89,117798000.0,71665000.0,no,yes,n/a,True,EPS_ONLY_small (<=0.03; rounding/dilution),EPS_ONLY_small (<=0.03; rounding/dilution)
AVA,104918,2014-12-31,0000104918-15-000044,2015-02-25,revenue,1,revenue 2014-03-31: 10-Q 4.90962e+08 -> 10-K 4.46578e+08,0.51,32220000.0,411846000.0,EarningsPerShareDiluted,NetIncomeLoss,Revenues,,0.51,32220000.0,411846000.0,yes,yes,yes,True,ok,ok
AVA,104918,2016-12-31,0000104918-17-000053,2017-02-22,"eps,net_income",2,net_income 2016-03-31: 10-Q 5.6052e+07 -> 10-K 5.7649e+07; eps 2016-03-31: 10-Q 0.89 -> 10-K 0.92,0.62,40091000.0,402123000.0,EarningsPerShareDiluted,NetIncomeLoss,Revenues,,0.62,40091000.0,402123000.0,yes,yes,yes,True,ok,ok
AXTA,1616862,2016-12-31,0001616862-17-000013,2017-02-28,"eps,net_income",4,net_income 2016-03-31: 10-Q 2.97e+07 -> 10-K 3.09e+07; net_income 2016-06-30: 10-Q 4.85e+07 -> 10-K 5.17e+07; net_income 2016-09-30: 10-Q -1.07e+07 -> 10-K -4.3e+06; eps 2016-09-30: 10-Q -0.04 -> 10-K -0.02,-0.15,-36500000.0,1034600000.0,EarningsPerShareDiluted,NetIncomeLoss,Revenues,,-0.14,-36500000.0,1034600000.0,yes,yes,yes,True,ok,ok
AZTA,933974,2021-09-30,0001558370-21-016314,2021-11-24,revenue,3,revenue 2020-12-31: 10-Q 2.49503e+08 -> 10-K 1.18142e+08; revenue 2021-03-31: 10-Q 2.86586e+08 -> 10-K 1.29535e+08; revenue 2021-06-30: 10-Q 3.15349e+08 -> 10-K 1.29087e+08,0.29,21805000.0,136939000.0,EarningsPerShareDiluted,NetIncomeLoss,RevenueFromContractWithCustomerExcludingAssessedTax,,0.29,21805000.0,136939000.0,yes,yes,yes,True,ok,ok
AZZ,8947,2014-02-28,0000008947-14-000068,2014-04-28,eps,2,eps 2013-05-31: 10-Q 0.57 -> 10-K 0.26; eps 2013-08-31: 10-Q 0.64 -> 10-K 0.94,0.42,10242000.0,,EarningsPerShareDiluted,NetIncomeLoss,Revenues,,0.4,10242341.0,181011218.0,no,yes,n/a,True,EPS_ONLY_small (<=0.03; rounding/dilution),EPS_ONLY_small (<=0.03; rounding/dilution)
AZZ,8947,2018-02-28,0000008947-18-000071,2018-05-15,"eps,net_income",4,net_income 2017-05-31: 10-Q 1.324e+07 -> 10-K 1.2062e+07; net_income 2017-08-31: 10-Q 8.329e+06 -> 10-K 9.786e+06; eps 2017-05-31: 10-Q 0.51 -> 10-K 0.46; eps 2017-08-31: 10-Q 0.32 -> 10-K 0.38,0.9,23487000.0,,EarningsPerShareDiluted,NetIncomeLoss,Revenues,,0.9,23487000.0,200660000.0,yes,yes,n/a,True,ok,ok
BBWI,701985,2014-02-01,0000701985-14-000013,2014-03-21,eps,3,eps 2013-05-04: 10-Q 480000 -> 10-K 0.48; eps 2013-08-03: 10-Q 610000 -> 10-K 0.61; eps 2013-11-02: 10-Q 310000 -> 10-K 0.31,1.65,490000000.0,,EarningsPerShareDiluted,NetIncomeLoss,RevenueFromContractWithCustomerExcludingAssessedTax,,1.66,490000000.0,3818000000.0,yes,yes,n/a,True,ok,ok
BBWI,701985,2015-01-31,0000701985-15-000006,2015-03-20,eps,3,eps 2014-05-03: 10-Q 530000 -> 10-K 0.53; eps 2014-08-02: 10-Q 630000 -> 10-K 0.63; eps 2014-11-01: 10-Q 440000 -> 10-K 0.44,1.89,565000000.0,,EarningsPerShareDiluted,NetIncomeLoss,RevenueFromContractWithCustomerExcludingAssessedTax,,1.88,565000000.0,4069000000.0,yes,yes,n/a,True,ok,ok
BBWI,701985,2016-01-30,0000701985-16-000051,2016-03-18,eps,1,eps 2015-05-02: 10-Q 840000 -> 10-K 0.84,2.15,636000000.0,,EarningsPerShareDiluted,NetIncomeLoss,RevenueFromContractWithCustomerExcludingAssessedTax,,2.15,636000000.0,4395000000.0,yes,yes,n/a,True,ok,ok
BC,14930,2019-12-31,0000014930-20-000027,2020-02-18,revenue,1,revenue 2019-03-30: 10-Q 1.2759e+09 -> 10-K 1.0507e+09,0.82,67100000.0,917600000.0,EarningsPerShareDiluted,NetIncomeLoss,Revenues,,0.81,67100000.0,917600000.0,yes,yes,yes,True,ok,ok
BDC,913142,2019-12-31,0000913142-20-000008,2020-02-11,revenue,3,revenue 2019-03-31: 10-Q 5.87175e+08 -> 10-K 5.0014e+08; revenue 2019-06-30: 10-Q 6.3753e+08 -> 10-K 5.48352e+08; revenue 2019-09-29: 10-Q 6.20318e+08 -> 10-K 5.33098e+08,-3.24,-147408000.0,549688000.0,EarningsPerShareDiluted,NetIncomeLoss,Revenues,,-3.21,-147408000.0,549688000.0,no,yes,yes,True,EPS_ONLY_small (<=0.03; rounding/dilution),EPS_ONLY_small (<=0.03; rounding/dilution)
BGC,1094831,2020-12-31,0001564590-21-009638,2021-03-01,"eps,net_income",4,net_income 2020-03-31: 10-Q 1.4314e+07 -> 10-K 1.3674e+07; net_income 2020-06-30: 10-Q 2.8099e+07 -> 10-K 2.7919e+07; net_income 2020-09-30: 10-Q 1.9381e+07 -> 10-K 9.653e+06; eps 2020-09-30: 10-Q 0.05 -> 10-K 0.03,-0.01,-2338000.0,479426000.0,EarningsPerShareDiluted,NetIncomeLoss,Revenues,,-0.01,-2338000.0,479426000.0,yes,yes,yes,True,ok,ok
BIO,12208,2017-12-31,0000012208-18-000014,2018-04-16,"eps,net_income",2,net_income 2017-09-30: 10-Q 2.7393e+07 -> 10-K 2.21e+07; eps 2017-09-30: 10-Q 0.91 -> 10-K 0.73,2.75,82700000.0,,EarningsPerShareDiluted,NetIncomeLoss,RevenueFromContractWithCustomerExcludingAssessedTax,,2.74,82736000.0,620433000.0,yes,yes,n/a,True,ok,ok
BL,1666134,2019-12-31,0001564590-20-007371,2020-02-27,net_income,2,net_income 2019-03-31: 10-Q -8.583e+06 -> 10-K -8.781e+06; net_income 2019-06-30: 10-Q -5.225e+06 -> 10-K -5.362e+06,-0.16,-9186000.0,,EarningsPerShareDiluted,NetIncomeLoss,Revenues,,-0.16,-9150000.0,80258000.0,yes,yes,n/a,True,ok,ok
BLKB,1280058,2016-12-31,0001280058-17-000006,2017-02-22,"eps,net_income",4,net_income 2016-03-31: 10-Q 4.995e+06 -> 10-K 6.237e+06; net_income 2016-06-30: 10-Q 7.813e+06 -> 10-K 9.06e+06; eps 2016-03-31: 10-Q 0.11 -> 10-K 0.13; eps 2016-06-30: 10-Q 0.17 -> 10-K 0.19,0.36,17284000.0,198305000.0,EarningsPerShareDiluted,NetIncomeLoss,Revenues,,0.36,17284000.0,198305000.0,yes,yes,yes,True,ok,ok
BWXT,1486957,2015-12-31,0001193125-16-475979,2016-02-24,revenue,1,revenue 2015-03-31: 10-Q 7.30565e+08 -> 10-K 3.35486e+08,0.0,-515000.0,363938000.0,EarningsPerShareDiluted,NetIncomeLoss,Revenues,,-0.0,-515000.0,363938000.0,yes,yes,yes,True,ok,ok
CACI,16058,2016-06-30,0001564590-16-024672,2016-08-24,"eps,net_income",2,net_income 2015-09-30: 10-Q 3.3802e+07 -> 10-K 3.4632e+07; eps 2015-09-30: 10-Q 1.37 -> 10-K 1.4,1.75,43599000.0,1113900000.0,EarningsPerShareDiluted,NetIncomeLoss,Revenues,,1.76,43801000.0,1113900000.0,yes,yes,yes,True,ok,ok
CARG,1494259,2018-12-31,0001564590-19-005473,2019-02-28,"eps,net_income",4,net_income 2018-03-31: 10-Q 3.651e+06 -> 10-K 5.495e+06; net_income 2018-06-30: 10-Q 3.1265e+07 -> 10-K 3.3343e+07; net_income 2018-09-30: 10-Q 1.2135e+07 -> 10-K 1.3882e+07; eps 2018-03-31: 10-Q 0.03 -> 10-K 0.05,0.11,12450000.0,,EarningsPerShareDiluted,NetIncomeLoss,Revenues,,0.16,12450000.0,126018000.0,no,yes,n/a,True,"EPS_ONLY_large (NI agrees: share basis, or direct EPS is another line)","EPS_ONLY_large (NI agrees: share basis, or direct EPS is another line e.g. continuing ops)"
CASH,907471,2018-09-30,0000907471-18-000139,2018-11-29,eps,2,eps 2018-03-31: 10-Q 3.23 -> 10-K 1.06; eps 2018-06-30: 10-Q 0.7 -> 10-K 0.22,0.24,8722000.0,,EarningsPerShareDiluted,NetIncomeLoss,Revenues,,0.24,8722000.0,73150000.0,yes,yes,n/a,True,ok,ok
CDE,215466,2017-12-31,0000215466-18-000038,2018-02-07,"eps,revenue",6,revenue 2017-03-31: 10-Q 2.06138e+08 -> 10-K 1.85554e+08; revenue 2017-06-30: 10-Q 1.73354e+08 -> 10-K 1.4954e+08; revenue 2017-09-30: 10-Q 1.75963e+08 -> 10-K 1.59919e+08; eps 2017-03-31: 10-Q 0.1 -> 10-K 0; eps 2017-06-30: 10-Q -0.06 -> 10-K -0.01; eps 2017-09-30: 10-Q -0.09 -> 10-K -0.03,-0.04,7625000.0,214585000.0,EarningsPerShareDiluted,NetIncomeLoss,Revenues,,-0.04,7625000.0,214585000.0,yes,yes,yes,True,ok,ok
CG,1527166,2018-12-31,0001527166-19-000008,2019-02-13,net_income,3,net_income 2018-03-31: 10-Q 3.97e+07 -> 10-K 3.38e+07; net_income 2018-06-30: 10-Q 6.94e+07 -> 10-K 6.35e+07; net_income 2018-09-30: 10-Q 1.75e+07 -> 10-K 1.16e+07,-0.15,-16000000.0,151700000.0,EarningsPerShareDiluted,NetIncomeLoss,Revenues,,-0.14,-10100000.0,151700000.0,yes,no,yes,True,"NI_ONLY (EPS agrees: NI definition, e.g. preferred / NCI / OP units)","NI_ONLY (EPS agrees: NI definition, e.g. preferred / NCI / OP units)"
CG,1527166,2019-12-31,0001527166-20-000006,2020-02-12,net_income,3,net_income 2019-03-31: 10-Q 1.429e+08 -> 10-K 1.37e+08; net_income 2019-06-30: 10-Q 1.541e+08 -> 10-K 1.482e+08; net_income 2019-09-30: 10-Q 9.22e+07 -> 10-K 6.84e+07,-0.08,-8300000.0,460300000.0,EarningsPerShareDiluted,NetIncomeLoss,Revenues,,-0.06,-8300000.0,460300000.0,no,yes,yes,True,EPS_ONLY_small (<=0.03; rounding/dilution),EPS_ONLY_small (<=0.03; rounding/dilution)
CHDN,20212,2018-12-31,0000020212-19-000012,2019-02-27,revenue,2,revenue 2018-03-31: 10-Q 0 -> 10-K 1.893e+08; revenue 2018-06-30: 10-Q 0 -> 10-K 3.794e+08,0.28,,219000000.0,EarningsPerShareDiluted,NetIncomeLoss,Revenues,,0.27,11400000.0,219000000.0,yes,n/a,yes,True,ok,ok
CHDN,20212,2020-12-31,0000020212-21-000019,2021-02-24,eps,1,eps 2020-03-31: 10-Q -590000 -> 10-K -0.59,0.43,,278200000.0,EarningsPerShareDiluted,NetIncomeLoss,Revenues,,0.42,17100000.0,278200000.0,yes,n/a,yes,True,ok,ok
CHEF,1517175,2020-12-25,0001517175-21-000003,2021-02-23,eps,1,eps 2020-06-26: 10-Q -0.57 -> 10-K -0.62,-1.02,-37057000.0,,EarningsPerShareDiluted,NetIncomeLoss,Revenues,,-1.12,-37057000.0,281674000.0,no,yes,n/a,True,"EPS_ONLY_large (NI agrees: share basis, or direct EPS is another line)","EPS_ONLY_large (NI agrees: share basis, or direct EPS is another line e.g. continuing ops)"
CHH,1046311,2014-12-31,0001046311-15-000003,2015-03-02,"net_income,revenue",2,revenue 2014-03-31: 10-Q 1.47283e+08 -> 10-K 1.59736e+08; net_income 2014-03-31: 10-Q 1.8972e+07 -> 10-K 2.311e+07,,25285000.0,185402000.0,EarningsPerShareDiluted,NetIncomeLoss,Revenues,,0.43,25285000.0,185402000.0,n/a,yes,yes,True,ok,ok
CHH,1046311,2016-12-31,0001046311-17-000006,2017-02-27,"eps,net_income",2,net_income 2016-03-31: 10-Q 1.9598e+07 -> 10-K 2.1163e+07; eps 2016-03-31: 10-Q 0.35 -> 10-K 0.37,,31821000.0,208195000.0,EarningsPerShareDiluted,NetIncomeLoss,Revenues,,0.56,31821000.0,208195000.0,n/a,yes,yes,True,ok,ok
CLF,764065,2018-12-31,0000764065-19-000025,2019-02-08,revenue,1,revenue 2018-03-31: 10-Q 2.39e+08 -> 10-K 1.8e+08,1.98,609500000.0,696300000.0,EarningsPerShareDiluted,NetIncomeLoss,Revenues,,1.98,609500000.0,696300000.0,yes,yes,yes,True,ok,ok
CNX,1070412,2017-12-31,0001070412-19-000024,2019-02-07,revenue,3,revenue 2017-03-31: 10-Q 6.98709e+08 -> 10-K 3.04279e+08; revenue 2017-06-30: 10-Q 8.65952e+08 -> 10-K 3.5441e+08; revenue 2017-09-30: 10-Q 6.71283e+08 -> 10-K 2.67009e+08,1.21,,460251000.0,EarningsPerShareDiluted,NetIncomeLoss,Revenues,,1.2,276644000.0,460253000.0,yes,n/a,yes,True,ok,ok
CNX,1070412,2018-12-31,0001070412-19-000024,2019-02-07,revenue,3,revenue 2018-03-31: 10-Q 4.95729e+08 -> 10-K 4.85019e+08; revenue 2018-06-30: 10-Q 4.02124e+08 -> 10-K 3.9359e+08; revenue 2018-09-30: 10-Q 3.97126e+08 -> 10-K 3.93223e+08,0.5,,431660000.0,EarningsPerShareDiluted,NetIncomeLoss,Revenues,,0.5,101927000.0,435455000.0,yes,n/a,no,True,REVENUE_ONLY (concept/basis),REVENUE_ONLY (concept/basis)
CNX,1070412,2019-12-31,0001070412-20-000011,2020-02-10,revenue,2,revenue 2019-03-31: 10-Q 2.78431e+08 -> 10-K 2.75234e+08; revenue 2019-09-30: 10-Q 5.29997e+08 -> 10-K 5.26681e+08,-1.45,-271408000.0,504747000.0,EarningsPerShareDiluted,NetIncomeLoss,Revenues,,-1.47,-271409000.0,508989000.0,no,yes,no,True,EPS_ONLY_small (<=0.03; rounding/dilution),EPS_ONLY_small (<=0.03; rounding/dilution)
COHU,21535,2014-12-27,0001193125-15-059529,2015-02-24,revenue,1,revenue 2014-03-29: 10-Q 6.8417e+07 -> 10-K 6.4864e+07,0.01,374000.0,96168000.0,EarningsPerShareDiluted,NetIncomeLoss,SalesRevenueNet,,0.01,374000.0,96168000.0,yes,yes,yes,True,ok,ok
COHU,21535,2015-12-26,0001437749-16-025855,2016-02-23,revenue,1,revenue 2015-03-28: 10-Q 6.8068e+07 -> 10-K 6.3447e+07,0.07,1949000.0,63484000.0,EarningsPerShareDiluted,NetIncomeLoss,SalesRevenueNet,,0.07,1949000.0,63484000.0,yes,yes,yes,True,ok,ok
COHU,21535,2016-12-31,0001437749-17-003675,2017-03-02,net_income,3,net_income 2016-03-26: 10-Q -1.911e+06 -> 10-K -1.691e+06; net_income 2016-06-25: 10-Q 2.607e+06 -> 10-K 2.462e+06; net_income 2016-09-24: 10-Q 269000 -> 10-K 179000,0.08,2089000.0,70694000.0,EarningsPerShareDiluted,NetIncomeLoss,SalesRevenueNet,,0.07,2089000.0,70694000.0,yes,yes,yes,True,ok,ok
CPB,16732,2019-07-28,0000016732-19-000070,2019-09-26,revenue,3,revenue 2018-10-28: 10-Q 2.694e+09 -> 10-K 2.202e+09; revenue 2019-01-27: 10-Q 2.713e+09 -> 10-K 2.172e+09; revenue 2019-04-28: 10-Q 2.178e+09 -> 10-K 1.953e+09,-0.03,-8000000.0,1780000000.0,EarningsPerShareDiluted,NetIncomeLoss,Revenues,,-0.03,-8000000.0,1780000000.0,yes,yes,yes,True,ok,ok
CPK,19745,2019-12-31,0001628280-20-002321,2020-02-26,revenue,2,revenue 2019-03-31: 10-Q 2.27616e+08 -> 10-K 1.60464e+08; revenue 2019-06-30: 10-Q 1.30903e+08 -> 10-K 9.4541e+07,0.33,22562000.0,131973000.0,EarningsPerShareDiluted,NetIncomeLoss,Revenues,,1.37,22564000.0,131973000.0,no,yes,yes,True,"EPS_ONLY_large (NI agrees: share basis, or direct EPS is another line)","EPS_ONLY_large (NI agrees: share basis, or direct EPS is another line e.g. continuing ops)"
CPK,19745,2021-12-31,0001628280-22-003530,2022-02-23,"eps,net_income",6,net_income 2021-03-31: 10-Q 3.4466e+07 -> 10-K 2.893e+07; net_income 2021-06-30: 10-Q 1.3813e+07 -> 10-K 1.0956e+07; net_income 2021-09-30: 10-Q 1.2475e+07 -> 10-K 9.261e+06; eps 2021-03-31: 10-Q 1.96 -> 10-K 1.76; eps 2021-06-30: 10-Q 0.78 -> 10-K 0.66; eps 2021-09-30: 10-Q 0.71 -> 10-K 0.56,1.26,22352000.0,,EarningsPerShareDiluted,NetIncomeLoss,Revenues,,1.28,22712000.0,160364000.0,no,no,n/a,True,NI_and_EPS (or more) disagree: derivation/basis error candidate,NI_and_EPS (or more) disagree: derivation/basis error candidate
CRUS,772406,2017-03-25,0001193125-17-181625,2017-05-24,"eps,net_income",4,net_income 2016-06-25: 10-Q 1.5864e+07 -> 10-K 1.8071e+07; net_income 2016-09-24: 10-Q 7.8065e+07 -> 10-K 8.6039e+07; eps 2016-06-25: 10-Q 0.24 -> 10-K 0.27; eps 2016-09-24: 10-Q 1.19 -> 10-K 1.3,0.52,35058000.0,,EarningsPerShareDiluted,NetIncomeLoss,RevenueFromContractWithCustomerExcludingAssessedTax,,0.52,35058000.0,327864000.0,yes,yes,n/a,True,ok,ok
CSW,1624794,2015-03-31,0001193125-16-616636,2016-06-08,"eps,net_income",4,net_income 2014-09-30: 10-Q 8.238e+06 -> 10-K 1.3e+07; net_income 2014-12-31: 10-Q 6.386e+06 -> 10-K 2e+06; eps 2014-09-30: 10-Q 0.52 -> 10-K 0.83; eps 2014-12-31: 10-Q 0.41 -> 10-K 0.13,0.12,1800000.0,,EarningsPerShareDiluted,NetIncomeLoss,RevenueFromContractWithCustomerExcludingAssessedTax,,,,,stored_missing,stored_missing,n/a,False,q4_row_not_in_store,q4_row_not_in_store
CSW,1624794,2016-03-31,0001193125-16-616636,2016-06-08,"eps,net_income",4,net_income 2015-09-30: 10-Q 1.2962e+07 -> 10-K 8.2e+06; net_income 2015-12-31: 10-Q 1.998e+06 -> 10-K 6.4e+06; eps 2015-09-30: 10-Q 0.83 -> 10-K 0.52; eps 2015-12-31: 10-Q 0.13 -> 10-K 0.41,0.34,5400000.0,,EarningsPerShareDiluted,NetIncomeLoss,RevenueFromContractWithCustomerExcludingAssessedTax,,0.12,1860000.0,76259000.0,no,no,n/a,True,NI_and_EPS (or more) disagree: derivation/basis error candidate,NI_and_EPS (or more) disagree: derivation/basis error candidate
CTS,26058,2016-12-31,0000026058-17-000026,2017-02-24,eps,1,eps 2016-06-30: 10-Q 0 -> 10-K 0.44,0.25,8310000.0,,EarningsPerShareDiluted,NetIncomeLoss,Revenues,,0.25,8310000.0,,yes,yes,n/a,True,ok,ok
CTS,26058,2017-12-31,0000026058-18-000020,2018-02-23,eps,1,eps 2017-03-31: 10-Q 0 -> 10-K 0.25,-0.41,-13621000.0,,EarningsPerShareDiluted,NetIncomeLoss,Revenues,,-0.41,-13621000.0,,yes,yes,n/a,True,ok,ok
CUBI,1488813,2014-12-31,0001628280-15-001193,2015-02-27,eps,1,eps 2014-03-31: 10-Q 0.32 -> 10-K 0.29,0.47,,,EarningsPerShareDiluted,NetIncomeLoss,RevenueFromContractWithCustomerExcludingAssessedTax,,0.47,13178000.0,50790000.0,yes,n/a,n/a,True,ok,NI_and_EPS (or more) disagree: derivation/basis error candidate
CUBI,1488813,2016-12-31,0001488813-17-000004,2017-03-08,net_income,1,net_income 2016-03-31: 10-Q 1.7699e+07 -> 10-K 1.8184e+07,0.51,19828000.0,,EarningsPerShareDiluted,NetIncomeLoss,RevenueFromContractWithCustomerExcludingAssessedTax,,0.51,19899000.0,46074000.0,yes,yes,n/a,True,ok,ok
CVBF,354647,2014-12-31,0001193125-15-073695,2015-03-02,net_income,1,net_income 2014-06-30: 10-Q 2.5484e+07 -> 10-K -2.5484e+07,0.24,25581000.0,,EarningsPerShareDiluted,NetIncomeLoss,,,0.24,25581000.0,71030000.0,yes,yes,n/a,True,ok,ok
CWT,1035201,2018-12-31,0001035201-20-000002,2020-02-27,eps,3,eps 2018-03-31: 10-Q -0.05 -> 10-K -0.02; eps 2018-06-30: 10-Q 0.27 -> 10-K 0.31; eps 2018-09-30: 10-Q 0.72 -> 10-K 0.75,0.32,15368000.0,,EarningsPerShareDiluted,NetIncomeLoss,RevenueFromContractWithCustomerExcludingAssessedTax,,0.32,15368000.0,159169000.0,yes,yes,n/a,True,ok,ok
CYTK,1061983,2016-12-31,0001193125-17-071866,2017-03-06,"eps,net_income",2,net_income 2016-09-30: 10-Q 3.1887e+07 -> 10-K 3.3362e+07; eps 2016-09-30: 10-Q 0.74 -> 10-K 0.77,0.16,7157000.0,,EarningsPerShareDiluted,NetIncomeLoss,Revenues,,0.15,7157000.0,33138000.0,yes,yes,n/a,True,ok,ok
CZR,1590895,2017-12-31,0001564590-18-003554,2018-02-27,revenue,2,revenue 2017-06-30: 10-Q 3.5518e+08 -> 10-K 3.73614e+08; revenue 2017-09-30: 10-Q 4.44874e+08 -> 10-K 4.70745e+08,1.15,89693000.0,428220000.0,EarningsPerShareDiluted,NetIncomeLoss,Revenues,,1.15,89694000.0,428220000.0,yes,yes,yes,True,ok,ok
DAN,26780,2020-12-31,0001437749-21-003221,2021-02-18,"eps,net_income",2,net_income 2020-03-31: 10-Q 3.8e+07 -> 10-K 5.8e+07; eps 2020-03-31: 10-Q 0.26 -> 10-K 0.4,0.27,40000000.0,2108000000.0,EarningsPerShareDiluted,NetIncomeLoss,RevenueFromContractWithCustomerExcludingAssessedTax,,0.28,40000000.0,2108000000.0,yes,yes,yes,True,ok,ok
DCH,1062231,2014-12-31,0001062231-15-000023,2015-02-23,"eps,net_income",2,net_income 2014-09-30: 10-Q 4.86e+07 -> 10-K 4.4e+07; eps 2014-09-30: 10-Q 0.63 -> 10-K 0.57,0.17,13200000.0,,EarningsPerShareDiluted,NetIncomeLoss,Revenues,,0.18,13200000.0,,yes,yes,n/a,True,ok,ok
DCI,29644,2015-07-31,0000897101-15-001507,2015-11-10,net_income,2,net_income 2015-01-31: 10-Q 4.953e+07 -> 10-K 4.7955e+07; net_income 2015-04-30: 10-Q 4.6372e+07 -> 10-K 4.7776e+07,0.41,56433000.0,,EarningsPerShareDiluted,NetIncomeLoss,Revenues,,0.41,56433000.0,,yes,yes,n/a,True,ok,ok
DE,315189,2017-10-29,0001047469-17-007719,2017-12-18,net_income,2,net_income 2017-01-29: 10-Q 1.938e+08 -> 10-K 1.99e+08; net_income 2017-04-30: 10-Q 8.024e+08 -> 10-K 8.08e+08,1.57,510000000.0,8018000000.0,EarningsPerShareDiluted,NetIncomeLoss,Revenues,,1.57,510300000.0,8017700000.0,yes,yes,yes,True,ok,ok
DEA,1622194,2017-12-31,0001564590-18-004044,2018-03-01,net_income,3,net_income 2017-03-31: 10-Q 1.084e+06 -> 10-K 1.237e+06; net_income 2017-06-30: 10-Q 827000 -> 10-K 982000; net_income 2017-09-30: 10-Q 782000 -> 10-K 942000,,1287000.0,36325000.0,EarningsPerShareDiluted,NetIncomeLoss,Revenues,,0.04,1287000.0,36325000.0,n/a,yes,yes,True,ok,ok
DMC,1047340,2014-12-26,0001047340-15-000048,2015-02-18,net_income,3,net_income 2014-03-28: 10-Q 5.86e+07 -> 10-K -5.86e+07; net_income 2014-06-27: 10-Q 6.43e+07 -> 10-K -6.43e+07; net_income 2014-09-26: 10-Q 1.99e+07 -> 10-K -1.99e+07,-0.01,400000.0,,EarningsPerShareDiluted,NetIncomeLoss,Revenues,,-0.01,-400000.0,,yes,no,n/a,True,"NI_ONLY (EPS agrees: NI definition, e.g. preferred / NCI / OP units)","NI_ONLY (EPS agrees: NI definition, e.g. preferred / NCI / OP units)"
DMC,1047340,2016-01-01,0001047340-16-000385,2016-02-23,net_income,3,net_income 2015-03-27: 10-Q 4.25e+07 -> 10-K -4.25e+07; net_income 2015-06-26: 10-Q 6.45e+07 -> 10-K -6.45e+07; net_income 2015-09-25: 10-Q 2.85e+07 -> 10-K -2.85e+07,-1.39,73100000.0,,EarningsPerShareDiluted,NetIncomeLoss,Revenues,,,197900000.0,,stored_missing,no,n/a,True,"NI_ONLY (EPS agrees: NI definition, e.g. preferred / NCI / OP units)","NI_ONLY (EPS agrees: NI definition, e.g. preferred / NCI / OP units)"
DXPE,1020710,2014-12-31,0001020710-15-000006,2015-03-16,"eps,net_income",6,net_income 2014-03-31: 10-Q 1.1618e+07 -> 10-K 1.09e+07; net_income 2014-06-30: 10-Q 1.5539e+07 -> 10-K 1.49e+07; net_income 2014-09-30: 10-Q 1.7643e+07 -> 10-K 1.7e+07; eps 2014-03-31: 10-Q 0.75 -> 10-K 0.7; eps 2014-06-30: 10-Q 1 -> 10-K 0.96; eps 2014-09-30: 10-Q 1.14 -> 10-K 1.1,-6.09,-88100000.0,,EarningsPerShareDiluted,NetIncomeLoss,Revenues,,-6.09,-88038000.0,382502000.0,yes,yes,n/a,True,ok,"EPS_ONLY_large (NI agrees: share basis, or direct EPS is another line e.g. continuing ops)"
DXPE,1020710,2016-12-31,0001140361-17-014211,2017-03-31,net_income,2,net_income 2016-06-30: 10-Q 5.17e+06 -> 10-K 5.1e+06; net_income 2016-09-30: 10-Q 263000 -> 10-K 200000,0.42,7400000.0,,EarningsPerShareDiluted,NetIncomeLoss,Revenues,,0.4,7381000.0,222291000.0,no,yes,n/a,True,EPS_ONLY_small (<=0.03; rounding/dilution),EPS_ONLY_small (<=0.03; rounding/dilution)
DXPE,1020710,2017-12-31,0001140361-18-015469,2018-03-28,net_income,1,net_income 2017-09-30: 10-Q 2.966e+06 -> 10-K 2.9e+06,0.37,6600000.0,,EarningsPerShareDiluted,NetIncomeLoss,Revenues,,0.36,6654000.0,265627000.0,yes,no,n/a,True,"NI_ONLY (EPS agrees: NI definition, e.g. preferred / NCI / OP units)","NI_ONLY (EPS agrees: NI definition, e.g. preferred / NCI / OP units)"
ECPG,1084961,2018-12-31,0001084961-19-000020,2019-02-27,revenue,3,revenue 2018-03-31: 10-Q 3.16977e+08 -> 10-K 3.26788e+08; revenue 2018-06-30: 10-Q 3.32115e+08 -> 10-K 3.49747e+08; revenue 2018-09-30: 10-Q 3.32745e+08 -> 10-K 3.36774e+08,1.5,47036000.0,348721000.0,EarningsPerShareDiluted,NetIncomeLoss,Revenues,,1.5,47036000.0,338720000.0,yes,yes,no,True,REVENUE_ONLY (concept/basis),REVENUE_ONLY (concept/basis)
ECPG,1084961,2019-12-31,0001084961-20-000024,2020-02-26,revenue,2,revenue 2019-06-30: 10-Q 3.44811e+08 -> 10-K 3.46874e+08; revenue 2019-09-30: 10-Q 3.47421e+08 -> 10-K 3.55936e+08,1.36,43085000.0,347794000.0,EarningsPerShareDiluted,NetIncomeLoss,Revenues,,1.37,43085000.0,357269000.0,yes,yes,no,True,REVENUE_ONLY (concept/basis),REVENUE_ONLY (concept/basis)
EFOR,890564,2021-12-31,0000890564-22-000007,2022-03-01,revenue,1,revenue 2021-03-31: 10-Q 1.0257e+09 -> 10-K 9.07e+08,1.62,85000000.0,1053800000.0,EarningsPerShareDiluted,NetIncomeLoss,Revenues,,1.6,85000000.0,1053800000.0,no,yes,yes,True,EPS_ONLY_small (<=0.03; rounding/dilution),EPS_ONLY_small (<=0.03; rounding/dilution)
EIG,1379041,2016-12-31,0001379041-17-000017,2017-02-24,"eps,net_income",3,net_income 2016-03-31: 10-Q 2.1e+07 -> 10-K 2.18e+07; net_income 2016-06-30: 10-Q 2.63e+07 -> 10-K 2.68e+07; eps 2016-03-31: 10-Q 0.64 -> 10-K 0.66,1.08,35500000.0,,EarningsPerShareDiluted,NetIncomeLoss,Revenues,,1.07,35500000.0,193200000.0,yes,yes,n/a,True,ok,ok
ELS,895417,2014-12-31,0000895417-15-000014,2015-02-24,net_income,1,net_income 2014-03-31: 10-Q 4.389e+07 -> 10-K 3.8099e+07,0.35,29403000.0,190261000.0,EarningsPerShareDiluted,NetIncomeLoss,Revenues,,0.35,34262000.0,190817000.0,yes,no,yes,True,"NI_ONLY (EPS agrees: NI definition, e.g. preferred / NCI / OP units)","NI_ONLY (EPS agrees: NI definition, e.g. preferred / NCI / OP units)"
ELS,895417,2015-12-31,0000895417-16-000082,2016-02-23,net_income,1,net_income 2015-03-31: 10-Q 3.1813e+07 -> 10-K 2.7185e+07,0.41,34501000.0,201616000.0,EarningsPerShareDiluted,NetIncomeLoss,Revenues,,0.41,39767000.0,201616000.0,yes,no,yes,True,"NI_ONLY (EPS agrees: NI definition, e.g. preferred / NCI / OP units)","NI_ONLY (EPS agrees: NI definition, e.g. preferred / NCI / OP units)"
ELS,895417,2016-12-31,0000895417-17-000017,2017-02-22,net_income,1,net_income 2016-03-31: 10-Q 5.719e+07 -> 10-K 5.0583e+07,0.43,36966000.0,214042000.0,EarningsPerShareDiluted,NetIncomeLoss,Revenues,,0.43,42381000.0,214042000.0,yes,no,yes,True,"NI_ONLY (EPS agrees: NI definition, e.g. preferred / NCI / OP units)","NI_ONLY (EPS agrees: NI definition, e.g. preferred / NCI / OP units)"
ELS,895417,2017-12-31,0000895417-18-000011,2018-02-28,net_income,1,net_income 2017-03-31: 10-Q 6.3075e+07 -> 10-K 5.6888e+07,0.51,44993000.0,229986000.0,EarningsPerShareDiluted,NetIncomeLoss,Revenues,,0.51,47974000.0,229986000.0,yes,no,yes,True,"NI_ONLY (EPS agrees: NI definition, e.g. preferred / NCI / OP units)","NI_ONLY (EPS agrees: NI definition, e.g. preferred / NCI / OP units)"
ELS,895417,2018-12-31,0000895417-19-000012,2019-02-26,net_income,3,net_income 2018-03-31: 10-Q 6.4177e+07 -> 10-K 6.0222e+07; net_income 2018-06-30: 10-Q 4.9169e+07 -> 10-K 4.6137e+07; net_income 2018-09-30: 10-Q 5.966e+07 -> 10-K 5.607e+07,0.56,50166000.0,243451000.0,EarningsPerShareDiluted,NetIncomeLoss,Revenues,,0.56,63957000.0,243451000.0,yes,no,yes,True,"NI_ONLY (EPS agrees: NI definition, e.g. preferred / NCI / OP units)","NI_ONLY (EPS agrees: NI definition, e.g. preferred / NCI / OP units)"
ENVA,1529864,2019-12-31,0001564590-20-007473,2020-02-27,revenue,3,revenue 2019-03-31: 10-Q 2.93183e+08 -> 10-K 2.64438e+08; revenue 2019-06-30: 10-Q 2.857e+08 -> 10-K 2.59445e+08; revenue 2019-09-30: 10-Q 3.29513e+08 -> 10-K 3.05612e+08,-1.48,-50553000.0,345262000.0,EarningsPerShareDiluted,NetIncomeLoss,Revenues,,-1.48,-50553000.0,345262000.0,yes,yes,yes,True,ok,ok
EPC,1096752,2019-09-30,0001096752-19-000041,2019-11-26,"eps,net_income",2,net_income 2019-06-30: 10-Q -4.414e+08 -> 10-K -4.607e+08; eps 2019-06-30: 10-Q -8.16 -> 10-K -8.51,0.75,40700000.0,528000000.0,EarningsPerShareDiluted,NetIncomeLoss,Revenues,,0.76,40700000.0,528000000.0,yes,yes,yes,True,ok,ok
EPR,1045450,2014-12-31,0001045450-15-000023,2015-02-25,net_income,3,net_income 2014-03-31: 10-Q 4.3533e+07 -> 10-K 3.7581e+07; net_income 2014-06-30: 10-Q 4.076e+07 -> 10-K 3.4808e+07; net_income 2014-09-30: 10-Q 4.2705e+07 -> 10-K 3.6753e+07,0.81,46684000.0,104669000.0,EarningsPerShareDiluted,NetIncomeLoss,Revenues,,0.81,52636000.0,104670000.0,yes,no,yes,True,"NI_ONLY (EPS agrees: NI definition, e.g. preferred / NCI / OP units)","NI_ONLY (EPS agrees: NI definition, e.g. preferred / NCI / OP units)"
EPR,1045450,2015-12-31,0001045450-16-000117,2016-02-25,net_income,3,net_income 2015-03-31: 10-Q 4.2821e+07 -> 10-K 3.6869e+07; net_income 2015-06-30: 10-Q 4.8766e+07 -> 10-K 4.2814e+07; net_income 2015-09-30: 10-Q 5.0195e+07 -> 10-K 4.4244e+07,0.78,46799000.0,111988000.0,EarningsPerShareDiluted,NetIncomeLoss,Revenues,,0.78,52750000.0,111988000.0,yes,no,yes,True,"NI_ONLY (EPS agrees: NI definition, e.g. preferred / NCI / OP units)","NI_ONLY (EPS agrees: NI definition, e.g. preferred / NCI / OP units)"
EPR,1045450,2016-12-31,0001045450-17-000026,2017-03-01,net_income,3,net_income 2016-03-31: 10-Q 5.418e+07 -> 10-K 4.8228e+07; net_income 2016-06-30: 10-Q 5.5135e+07 -> 10-K 4.9183e+07; net_income 2016-09-30: 10-Q 5.7526e+07 -> 10-K 5.1575e+07,0.82,52190000.0,130831000.0,EarningsPerShareDiluted,NetIncomeLoss,Revenues,,0.82,58141000.0,130831000.0,yes,no,yes,True,"NI_ONLY (EPS agrees: NI definition, e.g. preferred / NCI / OP units)","NI_ONLY (EPS agrees: NI definition, e.g. preferred / NCI / OP units)"
EPR,1045450,2017-12-31,0001045450-18-000021,2018-03-01,net_income,3,net_income 2017-03-31: 10-Q 5.3916e+07 -> 10-K 4.7964e+07; net_income 2017-06-30: 10-Q 8.0535e+07 -> 10-K 7.4583e+07; net_income 2017-09-30: 10-Q 6.2954e+07 -> 10-K 5.7003e+07,0.74,54668000.0,147700000.0,EarningsPerShareDiluted,NetIncomeLoss,Revenues,,0.74,65563000.0,147700000.0,yes,no,yes,True,"NI_ONLY (EPS agrees: NI definition, e.g. preferred / NCI / OP units)","NI_ONLY (EPS agrees: NI definition, e.g. preferred / NCI / OP units)"
EPR,1045450,2018-12-31,0001045450-19-000027,2019-02-28,net_income,3,net_income 2018-03-31: 10-Q 2.9538e+07 -> 10-K 2.3502e+07; net_income 2018-06-30: 10-Q 9.1581e+07 -> 10-K 8.5545e+07; net_income 2018-09-30: 10-Q 9.1833e+07 -> 10-K 8.5797e+07,0.65,47997000.0,166487000.0,EarningsPerShareDiluted,NetIncomeLoss,Revenues,,0.65,54031000.0,166487000.0,yes,no,yes,True,"NI_ONLY (EPS agrees: NI definition, e.g. preferred / NCI / OP units)","NI_ONLY (EPS agrees: NI definition, e.g. preferred / NCI / OP units)"
EPR,1045450,2019-12-31,0001045450-20-000019,2020-02-25,revenue,3,revenue 2019-03-31: 10-Q 1.64542e+08 -> 10-K 1.50527e+08; revenue 2019-06-30: 10-Q 1.75698e+08 -> 10-K 1.6174e+08; revenue 2019-09-30: 10-Q 1.84862e+08 -> 10-K 1.69356e+08,0.39,36297000.0,170346000.0,EarningsPerShareDiluted,NetIncomeLoss,Revenues,,0.39,36297000.0,170346000.0,yes,yes,yes,True,ok,ok
EQH,1333986,2017-12-31,0001333986-19-000010,2019-03-08,"eps,net_income",4,net_income 2017-03-31: 10-Q -2.9e+08 -> 10-K -2.77e+08; net_income 2017-06-30: 10-Q 6.08e+08 -> 10-K 6.18e+08; eps 2017-03-31: 10-Q -0.52 -> 10-K -0.5; eps 2017-06-30: 10-Q 1.08 -> 10-K 1.1,0.86,483000000.0,2922000000.0,EarningsPerShareDiluted,NetIncomeLoss,Revenues,,,,,stored_missing,stored_missing,stored_missing,False,q4_row_not_in_store,q4_row_not_in_store
EQH,1333986,2018-12-31,0001333986-19-000010,2019-03-08,"net_income,revenue",2,revenue 2018-03-31: 10-Q 2.835e+09 -> 10-K 2.874e+09; net_income 2018-06-30: 10-Q 1.58e+08 -> 10-K 1.64e+08,3570000.0,1938000000.0,5155000000.0,EarningsPerShareDiluted,NetIncomeLoss,Revenues,,3.57,1938000000.0,5155000000.0,no,yes,yes,True,DIRECT_FACT_UNRELIABLE (scaled EPS tag),DIRECT_FACT_UNRELIABLE (scaled EPS tag)
ESE,866706,2015-09-30,0001144204-15-068633,2015-11-30,"eps,net_income",4,net_income 2014-12-31: 10-Q 1.0828e+07 -> 10-K 1.0023e+07; net_income 2015-03-31: 10-Q 8.275e+06 -> 10-K 7.61e+06; eps 2014-12-31: 10-Q 0.41 -> 10-K 0.38; eps 2015-03-31: 10-Q 0.32 -> 10-K 0.29,0.5,12983000.0,,EarningsPerShareDiluted,NetIncomeLoss,Revenues,,0.49,12983000.0,153612000.0,yes,yes,n/a,True,ok,ok
ESI,1590714,2015-12-31,0001590714-17-000047,2017-03-13,"eps,net_income",2,net_income 2015-09-30: 10-Q -1.223e+08 -> 10-K -1.401e+08; eps 2015-09-30: 10-Q -0.58 -> 10-K -0.66,-0.6,-129600000.0,,EarningsPerShareDiluted,NetIncomeLoss,RevenueFromContractWithCustomerExcludingAssessedTax,,-0.6,-129600000.0,735100000.0,yes,yes,n/a,True,ok,ok
ESI,1590714,2018-12-31,0001590714-19-000040,2019-02-28,revenue,1,revenue 2018-06-30: 10-Q 1.0225e+09 -> 10-K 5.016e+08,0.13,-14200000.0,478400000.0,EarningsPerShareDiluted,NetIncomeLoss,RevenueFromContractWithCustomerExcludingAssessedTax,,1.02,-261600000.0,478400000.0,no,no,yes,True,NI_and_EPS (or more) disagree: derivation/basis error candidate,NI_and_EPS (or more) disagree: derivation/basis error candidate
EXEL,939767,2016-12-31,0000939767-17-000019,2017-02-27,net_income,2,net_income 2016-03-31: 10-Q -6.1347e+07 -> 10-K -5.9223e+07; net_income 2016-06-30: 10-Q -3.7015e+07 -> 10-K -3.4838e+07,,35123000.0,77581000.0,EarningsPerShareDiluted,NetIncomeLoss,Revenues,,0.12,35123000.0,77581000.0,n/a,yes,yes,True,ok,ok
EYE,1710155,2018-12-29,0001710155-19-000016,2019-02-27,net_income,3,net_income 2018-03-31: 10-Q 2.5047e+07 -> 10-K 2.4455e+07; net_income 2018-06-30: 10-Q 1.3077e+07 -> 10-K 1.2467e+07; net_income 2018-09-29: 10-Q 5.816e+06 -> 10-K 5.171e+06,-0.24,-18440000.0,355922000.0,EarningsPerShareDiluted,NetIncomeLoss,RevenueFromContractWithCustomerExcludingAssessedTax,,-0.23,-18440000.0,355922000.0,yes,yes,yes,True,ok,ok
EZPW,876523,2014-09-30,0000876523-14-000102,2014-11-26,revenue,3,revenue 2013-12-31: 10-Q 2.69357e+08 -> 10-K 2.63039e+08; revenue 2014-03-31: 10-Q 2.597e+08 -> 10-K 2.50682e+08; revenue 2014-06-30: 10-Q 2.4138e+08 -> 10-K 2.32602e+08,-1.64,-87807000.0,242209000.0,EarningsPerShareDiluted,NetIncomeLoss,Revenues,,-1.63,-87807000.0,218095000.0,yes,yes,no,True,REVENUE_ONLY (concept/basis),REVENUE_ONLY (concept/basis)
EZPW,876523,2015-09-30,0000876523-15-000120,2015-12-24,"eps,net_income,revenue",5,revenue 2014-12-31: 10-Q 2.52644e+08 -> 10-K 2.12724e+08; revenue 2015-03-31: 10-Q 2.41357e+08 -> 10-K 2.0519e+08; revenue 2015-06-30: 10-Q 2.1299e+08 -> 10-K 1.81621e+08; net_income 2014-12-31: 10-Q 1.526e+07 -> 10-K 1.1612e+07; eps 2014-12-31: 10-Q 0.28 -> 10-K 0.22,-1.63,-89557000.0,188834000.0,EarningsPerShareDiluted,NetIncomeLoss,Revenues,,-1.64,-89557000.0,188834000.0,yes,yes,yes,True,ok,ok
EZPW,876523,2016-09-30,0000876523-16-000217,2016-12-14,"eps,net_income,revenue",4,revenue 2015-12-31: 10-Q 1.98454e+08 -> 10-K 1.87557e+08; revenue 2016-03-31: 10-Q 2.01899e+08 -> 10-K 1.88213e+08; net_income 2016-03-31: 10-Q -7.4125e+07 -> 10-K -7.0812e+07; eps 2016-03-31: 10-Q -1.35 -> 10-K -1.29,0.06,3231000.0,184585000.0,EarningsPerShareDiluted,NetIncomeLoss,Revenues,,0.06,3231000.0,184585000.0,yes,yes,yes,True,ok,ok
EZPW,876523,2019-09-30,0000876523-19-000069,2019-12-05,net_income,1,net_income 2018-12-31: 10-Q -4.244e+06 -> 10-K -3.366e+06,-0.01,-645000.0,,EarningsPerShareDiluted,NetIncomeLoss,Revenues,,-0.01,-645000.0,214184000.0,yes,yes,n/a,True,ok,ok
FBIN,1519751,2016-12-31,0001193125-17-062357,2017-02-28,eps,1,eps 2016-03-31: 10-Q 0.35 -> 10-K 0.38,0.66,,,EarningsPerShareDiluted,NetIncomeLoss,Revenues,,0.66,103600000.0,1301600000.0,yes,n/a,n/a,True,ok,ok
FCPT,1650132,2016-12-31,0001650132-17-000002,2017-02-27,eps,1,eps 2016-03-31: 10-Q 1.57 -> 10-K 1.61,0.54,,31268000.0,EarningsPerShareDiluted,NetIncomeLoss,Revenues,,0.55,32484000.0,31179000.0,yes,n/a,yes,True,ok,ok
FDX,1048911,2015-05-31,0001193125-15-252494,2015-07-14,"eps,net_income",6,net_income 2014-08-31: 10-Q 6.06e+08 -> 10-K 6.53e+08; net_income 2014-11-30: 10-Q 6.16e+08 -> 10-K 6.63e+08; net_income 2015-02-28: 10-Q 5.8e+08 -> 10-K 6.28e+08; eps 2014-08-31: 10-Q 2.1 -> 10-K 2.26; eps 2014-11-30: 10-Q 2.14 -> 10-K 2.31; eps 2015-02-28: 10-Q 2.01 -> 10-K 2.18,-3.16,-895000000.0,12114000000.0,EarningsPerShareDiluted,NetIncomeLoss,Revenues,,-3.14,-894000000.0,12114000000.0,no,yes,yes,True,EPS_ONLY_small (<=0.03; rounding/dilution),EPS_ONLY_small (<=0.03; rounding/dilution)
FIZZ,69891,2020-05-02,0001437749-20-014395,2020-07-01,eps,1,eps 2020-01-25: 10-Q 0.57 -> 10-K 57,77.0,36213000.0,262401000.0,EarningsPerShareDiluted,NetIncomeLoss,Revenues,,,36213000.0,262401000.0,stored_missing,yes,yes,True,ok,ok
FIZZ,69891,2021-05-01,0001437749-21-016078,2021-06-30,eps,3,eps 2020-08-01: 10-Q 1.09 -> 10-K 54; eps 2020-10-31: 10-Q 1.01 -> 10-K 51; eps 2021-01-30: 10-Q 0.39 -> 10-K 39,42.0,39131000.0,261103000.0,EarningsPerShareDiluted,NetIncomeLoss,Revenues,,,39131000.0,261103000.0,stored_missing,yes,yes,True,ok,ok
FLR,1124198,2019-12-31,0001628280-20-013900,2020-09-25,"eps,revenue",5,revenue 2019-03-31: 10-Q 4.19275e+09 -> 10-K 3.3775e+09; revenue 2019-06-30: 10-Q 4.09438e+09 -> 10-K 3.42449e+09; revenue 2019-09-30: 10-Q 3.93771e+09 -> 10-K 3.91042e+09; eps 2019-03-31: 10-Q -0.42 -> 10-K -0.49; eps 2019-06-30: 10-Q -3.96 -> 10-K -2.95,-2.11,-296200000.0,3635600000.0,EarningsPerShareDiluted,NetIncomeLoss,Revenues,,-2.12,-297255000.0,3635601000.0,yes,yes,yes,True,ok,ok
FTI,1681459,2017-12-31,0001681459-18-000049,2018-04-02,"eps,net_income",2,net_income 2017-03-31: 10-Q 1.908e+08 -> 10-K -1.87e+07; eps 2017-03-31: 10-Q 0.41 -> 10-K -0.04,-0.33,-153900000.0,,EarningsPerShareDiluted,NetIncomeLoss,Revenues,,-0.33,-153900000.0,3683000000.0,yes,yes,n/a,True,ok,ok
GATX,40211,2020-12-31,0000040211-21-000018,2021-02-18,revenue,1,revenue 2020-03-31: 10-Q 3.089e+08 -> 10-K 2.994e+08,0.5,17800000.0,304900000.0,EarningsPerShareDiluted,NetIncomeLoss,Revenues,,0.5,17800000.0,304900000.0,yes,yes,yes,True,ok,ok
GFF,50725,2015-09-30,0000050725-15-000080,2015-11-12,eps,1,eps 2014-12-31: 10-Q 0.16 -> 10-K 0.04,0.24,10803000.0,,EarningsPerShareDiluted,NetIncomeLoss,RevenueFromContractWithCustomerExcludingAssessedTax,,0.24,10803000.0,502158000.0,yes,yes,n/a,True,ok,ok
GLPI,1575965,2015-12-31,0001575965-16-000091,2016-02-22,"eps,net_income,revenue",6,revenue 2015-03-31: 10-Q 1.62661e+08 -> 10-K 1.48705e+08; revenue 2015-06-30: 10-Q 1.63823e+08 -> 10-K 1.49867e+08; net_income 2015-03-31: 10-Q 4.7087e+07 -> 10-K 3.3131e+07; net_income 2015-06-30: 10-Q 4.5945e+07 -> 10-K 3.1989e+07; eps 2015-03-31: 10-Q 0.4 -> 10-K 0.28; eps 2015-06-30: 10-Q 0.38 -> 10-K 0.27,0.25,29773000.0,128689000.0,EarningsPerShareDiluted,NetIncomeLoss,Revenues,,0.25,29773000.0,128689000.0,yes,yes,yes,True,ok,ok
GNL,1526113,2014-12-31,0001526113-15-000002,2015-04-03,revenue,3,revenue 2014-03-31: 10-Q 7.547e+06 -> 10-K 7.315e+06; revenue 2014-06-30: 10-Q 1.3628e+07 -> 10-K 1.3223e+07; revenue 2014-09-30: 10-Q 2.5902e+07 -> 10-K 2.54e+07,,-5208000.0,42220000.0,EarningsPerShareDiluted,NetIncomeLoss,Revenues,,-0.03,-5208000.0,46306000.0,n/a,yes,no,True,REVENUE_ONLY (concept/basis),REVENUE_ONLY (concept/basis)
GNW,1276520,2015-12-31,0001193125-16-482185,2016-02-26,revenue,1,revenue 2015-03-31: 10-Q 2.335e+09 -> 10-K 2.135e+09,-0.59,-292000000.0,2156000000.0,EarningsPerShareDiluted,NetIncomeLoss,Revenues,,-0.59,-292000000.0,2156000000.0,yes,yes,yes,True,ok,ok
GNW,1276520,2019-12-31,0001193125-20-051019,2020-02-27,revenue,2,revenue 2019-03-31: 10-Q 2.204e+09 -> 10-K 2.044e+09; revenue 2019-06-30: 10-Q 2.156e+09 -> 10-K 1.994e+09,-0.03,-17000000.0,2038000000.0,EarningsPerShareDiluted,NetIncomeLoss,Revenues,,-0.03,-17000000.0,2038000000.0,yes,yes,yes,True,ok,ok
GOLF,1672013,2016-12-31,0001558370-17-002327,2017-03-30,"eps,net_income",2,net_income 2016-09-30: 10-Q -6.167e+06 -> 10-K -5.526e+06; eps 2016-09-30: 10-Q -0.4 -> 10-K -0.38,-0.02,-179000.0,,EarningsPerShareDiluted,NetIncomeLoss,Revenues,,-0.0,-179000.0,329761000.0,no,yes,n/a,True,EPS_ONLY_small (<=0.03; rounding/dilution),EPS_ONLY_small (<=0.03; rounding/dilution)
GRBK,1373670,2014-12-31,0001373670-15-000015,2015-03-31,net_income,3,net_income 2014-03-31: 10-Q -711000 -> 10-K 7.349e+06; net_income 2014-06-30: 10-Q -2.75e+06 -> 10-K 7.41e+06; net_income 2014-09-30: 10-Q -604000 -> 10-K 3.694e+06,1.24,31573000.0,,EarningsPerShareDiluted,NetIncomeLoss,Revenues,,2.15,31573000.0,,no,yes,n/a,True,"EPS_ONLY_large (NI agrees: share basis, or direct EPS is another line)","EPS_ONLY_large (NI agrees: share basis, or direct EPS is another line e.g. continuing ops)"
GRBK,1373670,2018-12-31,0001373670-19-000005,2019-03-08,revenue,3,revenue 2018-03-31: 10-Q 1.28265e+08 -> 10-K 1.29163e+08; revenue 2018-06-30: 10-Q 1.5501e+08 -> 10-K 1.57312e+08; revenue 2018-09-30: 10-Q 1.49992e+08 -> 10-K 1.52052e+08,0.26,13354000.0,185120000.0,EarningsPerShareDiluted,NetIncomeLoss,Revenues,,0.26,13354000.0,185120000.0,yes,yes,yes,True,ok,ok
GTES,1718512,2017-12-30,0001718512-19-000004,2019-02-14,net_income,2,net_income 2017-04-01: 10-Q 1.88e+07 -> 10-K 1.89e+07; net_income 2017-07-01: 10-Q 500000 -> 10-K 400000,,118800000.0,,EarningsPerShareDiluted,NetIncomeLoss,Revenues,,,,,n/a,stored_missing,n/a,False,q4_row_not_in_store,q4_row_not_in_store
GVA,861459,2016-12-31,0000861459-17-000012,2017-02-17,net_income,1,net_income 2016-03-31: 10-Q -1.1188e+07 -> 10-K -1.044e+07,0.4,16173000.0,,EarningsPerShareDiluted,NetIncomeLoss,Revenues,,0.4,16327000.0,666681000.0,yes,no,n/a,True,"NI_ONLY (EPS agrees: NI definition, e.g. preferred / NCI / OP units)","NI_ONLY (EPS agrees: NI definition, e.g. preferred / NCI / OP units)"
GVA,861459,2019-12-31,0001437749-21-003662,2021-02-22,"eps,net_income",6,net_income 2019-03-31: 10-Q -3.4574e+07 -> 10-K -6.247e+07; net_income 2019-06-30: 10-Q -9.7836e+07 -> 10-K -2.4242e+07; net_income 2019-09-30: 10-Q 2.0488e+07 -> 10-K 4.5901e+07; eps 2019-03-31: 10-Q -0.74 -> 10-K -1.34; eps 2019-06-30: 10-Q -2.09 -> 10-K -0.52; eps 2019-09-30: 10-Q 0.43 -> 10-K 0.97,-0.42,-19380000.0,,EarningsPerShareDiluted,NetIncomeLoss,Revenues,,,,,stored_missing,stored_missing,n/a,False,q4_row_not_in_store,q4_row_not_in_store
HAFC,1109242,2014-12-31,0001193125-15-094033,2015-03-16,"eps,net_income",2,net_income 2014-09-30: 10-Q 1.3264e+07 -> 10-K 2.18e+07; eps 2014-09-30: 10-Q 0.41 -> 10-K 0.68,0.19,5928000.0,,EarningsPerShareDiluted,NetIncomeLoss,Revenues,,0.18,5884000.0,53137000.0,yes,no,n/a,True,"NI_ONLY (EPS agrees: NI definition, e.g. preferred / NCI / OP units)","NI_ONLY (EPS agrees: NI definition, e.g. preferred / NCI / OP units)"
HALO,1159036,2016-12-31,0001159036-17-000014,2017-02-28,"eps,net_income,revenue",7,revenue 2016-03-31: 10-Q 4.2499e+07 -> 10-K 1.8666e+07; revenue 2016-06-30: 10-Q 3.3336e+07 -> 10-K 4.3384e+07; revenue 2016-09-30: 10-Q 3.1853e+07 -> 10-K 2.078e+07; net_income 2016-03-31: 10-Q -1.9816e+07 -> 10-K -1.5108e+07; net_income 2016-06-30: 10-Q -2.6875e+07 -> 10-K 3.019e+06; net_income 2016-09-30: 10-Q -2.8946e+07 -> 10-K -2.446e+07; eps 2016-06-30: 10-Q -0.21 -> 10-K 0.02,0.03,4318000.0,52227000.0,EarningsPerShareDiluted,NetIncomeLoss,Revenues,,-0.22,-27386000.0,63861000.0,no,no,no,True,NI_and_EPS (or more) disagree: derivation/basis error candidate,NI_and_EPS (or more) disagree: derivation/basis error candidate
HASI,1561894,2019-12-31,0001561894-20-000016,2020-02-25,revenue,1,revenue 2019-03-31: 10-Q 3.2893e+07 -> 10-K 3.3143e+07,0.66,46076000.0,38328000.0,EarningsPerShareDiluted,NetIncomeLoss,Revenues,,0.69,46077000.0,38328000.0,no,yes,yes,True,EPS_ONLY_small (<=0.03; rounding/dilution),EPS_ONLY_small (<=0.03; rounding/dilution)
HCI,1400810,2020-12-31,0001564590-21-012867,2021-03-12,eps,1,eps 2020-09-30: 10-Q 1.7 -> 10-K 1.68,0.35,2707000.0,70313000.0,EarningsPerShareDiluted,NetIncomeLoss,Revenues,,0.37,2707000.0,70313000.0,no,yes,yes,True,EPS_ONLY_small (<=0.03; rounding/dilution),EPS_ONLY_small (<=0.03; rounding/dilution)
HTH,1265131,2015-12-31,0001558370-16-003454,2016-02-24,"eps,net_income",2,net_income 2015-03-31: 10-Q 1.14828e+08 -> 10-K 1.13302e+08; eps 2015-03-31: 10-Q 1.13 -> 10-K 1.11,0.21,20727000.0,,EarningsPerShareDiluted,NetIncomeLoss,Revenues,,0.21,20727000.0,376240000.0,yes,yes,n/a,True,ok,ok
HUBG,940942,2018-12-31,0001564590-19-005778,2019-03-01,revenue,1,revenue 2018-06-30: 10-Q 1.17909e+09 -> 10-K 8.94734e+08,1.46,48911000.0,1018293000.0,EarningsPerShareDiluted,NetIncomeLoss,RevenueFromContractWithCustomerExcludingAssessedTax,,1.46,48911000.0,1018293000.0,yes,yes,yes,True,ok,ok
HZO,1057060,2016-09-30,0001564590-16-029870,2016-12-06,net_income,3,net_income 2015-12-31: 10-Q 889000 -> 10-K 688000; net_income 2016-03-31: 10-Q 2.422e+06 -> 10-K 2.489e+06; net_income 2016-06-30: 10-Q 1.4061e+07 -> 10-K 1.3819e+07,0.22,5586000.0,,EarningsPerShareDiluted,NetIncomeLoss,RevenueFromContractWithCustomerExcludingAssessedTax,,0.22,5586000.0,227355000.0,yes,yes,n/a,True,ok,ok
IART,917520,2016-12-31,0000917520-17-000010,2017-02-23,"eps,net_income",2,net_income 2016-03-31: 10-Q 1.1648e+07 -> 10-K 1.3419e+07; eps 2016-03-31: 10-Q 0.31 -> 10-K 0.18,0.35,28246000.0,,EarningsPerShareDiluted,NetIncomeLoss,Revenues,,0.36,28246000.0,,yes,yes,n/a,True,ok,ok
IESC,1048268,2014-09-30,0001193125-14-440606,2014-12-12,eps,1,eps 2013-12-31: 10-Q 0.1 -> 10-K 0.01,0.1,2130000.0,135858000.0,EarningsPerShareDiluted,NetIncomeLoss,Revenues,,0.11,2131000.0,135858000.0,yes,yes,yes,True,ok,ok
INGR,1046257,2016-12-31,0001558370-17-000769,2017-02-22,"eps,net_income",2,net_income 2016-03-31: 10-Q 1.27e+08 -> 10-K 1.3e+08; eps 2016-03-31: 10-Q 1.73 -> 10-K 1.77,1.26,94000000.0,,EarningsPerShareDiluted,NetIncomeLoss,RevenueFromContractWithCustomerExcludingAssessedTax,,1.26,94000000.0,,yes,yes,n/a,True,ok,ok
INGR,1046257,2019-12-31,0001558370-20-000978,2020-02-19,revenue,3,revenue 2019-03-31: 10-Q 1.42e+09 -> 10-K 1.536e+09; revenue 2019-06-30: 10-Q 1.434e+09 -> 10-K 1.55e+09; revenue 2019-09-30: 10-Q 1.457e+09 -> 10-K 1.574e+09,1.61,109000000.0,1549000000.0,EarningsPerShareDiluted,NetIncomeLoss,RevenueFromContractWithCustomerExcludingAssessedTax,,1.62,109000000.0,1549000000.0,yes,yes,yes,True,ok,ok
ITGR,1114483,2018-12-28,0001114483-19-000001,2019-02-22,"eps,net_income",6,net_income 2018-03-30: 10-Q 8.118e+06 -> 10-K 1.3084e+07; net_income 2018-06-29: 10-Q 2.0022e+07 -> 10-K 2.3056e+07; net_income 2018-09-28: 10-Q 1.14079e+08 -> 10-K -8.303e+06; eps 2018-03-30: 10-Q 0.25 -> 10-K 0.4; eps 2018-06-29: 10-Q 0.61 -> 10-K 0.7; eps 2018-09-28: 10-Q 3.54 -> 10-K -0.26,0.58,19196000.0,303034000.0,EarningsPerShareDiluted,NetIncomeLoss,RevenueFromContractWithCustomerExcludingAssessedTax,,0.58,25745000.0,303034000.0,yes,no,yes,True,"NI_ONLY (EPS agrees: NI definition, e.g. preferred / NCI / OP units)",NI_and_EPS (or more) disagree: derivation/basis error candidate
ITGR,1114483,2019-12-31,0001114483-20-000003,2020-02-20,"eps,net_income",3,net_income 2019-03-29: 10-Q 2.1669e+07 -> 10-K 2.1366e+07; net_income 2019-06-28: 10-Q 3.3057e+07 -> 10-K 2.8222e+07; eps 2019-06-28: 10-Q 1 -> 10-K 0.85,0.33,11044000.0,325637000.0,EarningsPerShareDiluted,NetIncomeLoss,RevenueFromContractWithCustomerExcludingAssessedTax,,0.33,11024000.0,325637000.0,yes,yes,yes,True,ok,ok
ITRI,780571,2015-12-31,0000780571-16-000059,2016-06-30,net_income,2,net_income 2015-03-31: 10-Q 4.91e+06 -> 10-K 5.398e+06; net_income 2015-06-30: 10-Q -1.4198e+07 -> 10-K -1.4346e+07,0.23,8986000.0,,EarningsPerShareDiluted,NetIncomeLoss,RevenueFromContractWithCustomerExcludingAssessedTax,,0.23,8931000.0,496091000.0,yes,no,n/a,True,"NI_ONLY (EPS agrees: NI definition, e.g. preferred / NCI / OP units)","NI_ONLY (EPS agrees: NI definition, e.g. preferred / NCI / OP units)"
IVT,1307748,2014-12-31,0001307748-15-000008,2015-03-27,revenue,2,revenue 2014-03-31: 10-Q 3.92881e+08 -> 10-K 3.37014e+08; revenue 2014-06-30: 10-Q 4.28437e+08 -> 10-K 3.61211e+08,,294120000.0,339093000.0,EarningsPerShareDiluted,NetIncomeLoss,Revenues,,0.33,294119000.0,339093000.0,n/a,yes,yes,True,ok,ok
IVT,1307748,2016-12-31,0001307748-17-000018,2017-03-17,revenue,2,revenue 2016-03-31: 10-Q 1.14289e+08 -> 10-K 6.3397e+07; revenue 2016-09-30: 10-Q 6.0658e+07 -> 10-K 6.0348e+07,,,62979000.0,EarningsPerShareDiluted,NetIncomeLoss,Revenues,,0.03,26295000.0,62954000.0,n/a,n/a,yes,True,ok,ok
IVT,1307748,2017-12-31,0001307748-18-000032,2018-03-07,revenue,2,revenue 2017-03-31: 10-Q 6.4092e+07 -> 10-K 6.2287e+07; revenue 2017-06-30: 10-Q 6.3359e+07 -> 10-K 6.2152e+07,,,64521000.0,EarningsPerShareDiluted,NetIncomeLoss,Revenues,,0.0,3812000.0,64519000.0,n/a,n/a,yes,True,ok,ok
JAZZ,1232524,2016-12-31,0001232524-17-000024,2017-02-28,"eps,net_income",6,net_income 2016-03-31: 10-Q 7.4121e+07 -> 10-K 7.5812e+07; net_income 2016-06-30: 10-Q 1.11282e+08 -> 10-K 1.14502e+08; net_income 2016-09-30: 10-Q 8.7145e+07 -> 10-K 8.9828e+07; eps 2016-03-31: 10-Q 1.19 -> 10-K 1.21; eps 2016-06-30: 10-Q 1.8 -> 10-K 1.85; eps 2016-09-30: 10-Q 1.41 -> 10-K 1.45,1.91,116689000.0,396621000.0,EarningsPerShareDiluted,NetIncomeLoss,Revenues,,1.9,116689000.0,396621000.0,yes,yes,yes,True,ok,ok
JJSF,785956,2016-09-24,0001437749-16-042541,2016-11-22,"eps,net_income",2,net_income 2015-12-26: 10-Q 1.2479e+07 -> 10-K 1.2978e+07; eps 2015-12-26: 10-Q 0.66 -> 10-K 0.69,1.1,20618000.0,,EarningsPerShareDiluted,NetIncomeLoss,Revenues,,1.1,20618000.0,262240000.0,yes,yes,n/a,True,ok,ok
KEX,56047,2020-12-31,0001140361-21-005871,2021-02-23,"eps,net_income",2,net_income 2020-03-31: 10-Q -2.48468e+08 -> 10-K -3.47241e+08; eps 2020-03-31: 10-Q -4.15 -> 10-K -5.8,0.37,22204000.0,489756000.0,EarningsPerShareDiluted,NetIncomeLoss,Revenues,,0.37,22204000.0,489756000.0,yes,yes,yes,True,ok,ok
KNX,1492691,2017-12-31,0001492691-18-000017,2018-03-01,"eps,net_income",4,net_income 2017-03-31: 10-Q 5.207e+06 -> 10-K 1.4876e+07; net_income 2017-06-30: 10-Q 2.6297e+07 -> 10-K 1.797e+07; eps 2017-03-31: 10-Q 0.04 -> 10-K 0.18; eps 2017-06-30: 10-Q 0.2 -> 10-K 0.22,2.5,447564000.0,,EarningsPerShareDiluted,NetIncomeLoss,Revenues,,2.5,447564000.0,1359420000.0,yes,yes,n/a,True,ok,"EPS_ONLY_large (NI agrees: share basis, or direct EPS is another line e.g. continuing ops)"
KTOS,1069258,2015-12-27,0001069258-16-000059,2016-03-11,net_income,2,net_income 2015-03-29: 10-Q -1.63e+07 -> 10-K -1.62e+07; net_income 2015-06-28: 10-Q -1.5e+07 -> 10-K -1.51e+07,-0.07,-4000000.0,,EarningsPerShareDiluted,NetIncomeLoss,Revenues,,-0.07,-4000000.0,177800000.0,yes,yes,n/a,True,ok,ok
LAUR,912766,2018-12-31,0001047469-19-000767,2019-02-28,revenue,2,revenue 2018-03-31: 10-Q 8.85288e+08 -> 10-K 6.32216e+08; revenue 2018-06-30: 10-Q 1.24792e+09 -> 10-K 1.0172e+09,0.31,71568000.0,913710000.0,EarningsPerShareDiluted,NetIncomeLoss,Revenues,,0.33,71568000.0,913710000.0,no,yes,yes,True,EPS_ONLY_small (<=0.03; rounding/dilution),EPS_ONLY_small (<=0.03; rounding/dilution)
LAUR,912766,2019-12-31,0001628280-20-002350,2020-02-27,revenue,2,revenue 2019-03-31: 10-Q 6.21796e+08 -> 10-K 6.01072e+08; revenue 2019-06-30: 10-Q 1.0018e+09 -> 10-K 9.92403e+08,0.28,60875000.0,883152000.0,EarningsPerShareDiluted,NetIncomeLoss,Revenues,,0.28,60875000.0,883152000.0,yes,yes,yes,True,ok,ok
LAUR,912766,2020-12-31,0001628280-21-003163,2021-02-25,revenue,2,revenue 2020-03-31: 10-Q 5.28557e+08 -> 10-K 1.92319e+08; revenue 2020-06-30: 10-Q 7.91678e+08 -> 10-K 3.03856e+08,,379319000.0,285219000.0,EarningsPerShareDiluted,NetIncomeLoss,Revenues,,1.82,379319000.0,285219000.0,n/a,yes,yes,True,ok,ok
LBRT,1694028,2017-12-31,0001694028-19-000015,2019-02-28,net_income,3,net_income 2017-03-31: 10-Q 0 -> 10-K 8.122e+06; net_income 2017-06-30: 10-Q 0 -> 10-K 3.9035e+07; net_income 2017-09-30: 10-Q 0 -> 10-K 6.3663e+07,,57681000.0,448883000.0,EarningsPerShareDiluted,NetIncomeLoss,Revenues,,,,,n/a,stored_missing,stored_missing,False,q4_row_not_in_store,q4_row_not_in_store
LGND,886163,2014-12-31,0000886163-14-000119,2014-12-01,"eps,net_income,revenue",9,revenue 2014-03-31: 10-Q 1.5958e+07 -> 10-K 1.1651e+07; revenue 2014-06-30: 10-Q 1.0608e+07 -> 10-K 9.58e+06; revenue 2014-09-30: 10-Q 1.4973e+07 -> 10-K 1.3005e+07; net_income 2014-03-31: 10-Q 2.097e+06 -> 10-K 1.495e+06; net_income 2014-06-30: 10-Q 1.592e+06 -> 10-K 6.091e+06; net_income 2014-09-30: 10-Q 1.28e+06 -> 10-K 1.965e+06; eps 2014-03-31: 10-Q 0.1 -> 10-K 0.07; eps 2014-06-30: 10-Q 0.07 -> 10-K 0.3; eps 2014-09-30: 10-Q 0.06 -> 10-K 0.09,0.09,1869000.0,14737000.0,EarningsPerShareDiluted,NetIncomeLoss,Revenues,,0.33,7055000.0,22999000.0,no,no,no,True,NI_and_EPS (or more) disagree: derivation/basis error candidate,NI_and_EPS (or more) disagree: derivation/basis error candidate
LGND,886163,2015-12-31,0000886163-16-000149,2016-02-26,"eps,net_income",2,net_income 2015-09-30: 10-Q 2.24539e+08 -> 10-K 2.26646e+08; eps 2015-09-30: 10-Q 10.46 -> 10-K 10.56,0.29,6341000.0,21193000.0,EarningsPerShareDiluted,NetIncomeLoss,Revenues,,0.29,8448000.0,21192000.0,yes,no,yes,True,"NI_ONLY (EPS agrees: NI definition, e.g. preferred / NCI / OP units)",NI_and_EPS (or more) disagree: derivation/basis error candidate
LGND,886163,2016-12-31,0000886163-17-000021,2017-02-28,"eps,net_income",2,net_income 2016-06-30: 10-Q -5.763e+06 -> 10-K -6.17e+06; eps 2016-06-30: 10-Q -0.28 -> 10-K -0.3,0.15,-3125000.0,38185000.0,EarningsPerShareDiluted,NetIncomeLoss,Revenues,,-0.18,-3125000.0,38186000.0,no,yes,yes,True,"EPS_ONLY_large (NI agrees: share basis, or direct EPS is another line)","EPS_ONLY_large (NI agrees: share basis, or direct EPS is another line e.g. continuing ops)"
LGND,886163,2018-12-31,0000886163-19-000041,2019-02-28,"eps,net_income",6,net_income 2018-03-31: 10-Q 4.5279e+07 -> 10-K 5.079e+06; net_income 2018-06-30: 10-Q 7.316e+07 -> 10-K 6.058e+06; net_income 2018-09-30: 10-Q 6.7362e+07 -> 10-K 8.426e+06; eps 2018-03-31: 10-Q 1.83 -> 10-K 0.22; eps 2018-06-30: 10-Q 2.99 -> 10-K 0.26; eps 2018-09-30: 10-Q 2.8 -> 10-K 0.36,-0.33,-7007000.0,,EarningsPerShareDiluted,NetIncomeLoss,Revenues,,-1.6,-42482000.0,59590000.0,no,no,n/a,True,NI_and_EPS (or more) disagree: derivation/basis error candidate,NI_and_EPS (or more) disagree: derivation/basis error candidate
LIVN,1639691,2021-12-31,0001639691-22-000013,2022-03-01,"eps,net_income",6,net_income 2021-03-31: 10-Q -2.9698e+07 -> 10-K -3.0761e+07; net_income 2021-06-30: 10-Q -5.5318e+07 -> 10-K -5.6487e+07; net_income 2021-09-30: 10-Q -4.2237e+07 -> 10-K -4.3443e+07; eps 2021-03-31: 10-Q -0.61 -> 10-K -0.63; eps 2021-06-30: 10-Q -1.13 -> 10-K -1.15; eps 2021-09-30: 10-Q -0.82 -> 10-K -0.84,-0.1,-5127000.0,,EarningsPerShareDiluted,NetIncomeLoss,Revenues,,-0.1,-5127000.0,270064000.0,yes,yes,n/a,True,ok,ok
LKQ,1065696,2016-12-31,0001065696-17-000005,2017-02-27,net_income,2,net_income 2016-03-31: 10-Q 1.07732e+08 -> 10-K 1.12171e+08; net_income 2016-06-30: 10-Q 1.40737e+08 -> 10-K 1.42785e+08,,86331000.0,,EarningsPerShareDiluted,NetIncomeLoss,Revenues,,0.28,86331000.0,2150406000.0,n/a,yes,n/a,True,ok,ok
LNC,59558,2016-12-31,0000059558-17-000012,2017-02-23,net_income,1,net_income 2016-03-31: 10-Q 2.08e+08 -> 10-K 2.11e+08,0.82,189000000.0,3255000000.0,EarningsPerShareDiluted,NetIncomeLoss,Revenues,,0.83,189000000.0,3254000000.0,yes,yes,yes,True,ok,ok
LTC,887905,2019-12-31,0001558370-20-001096,2020-02-20,revenue,1,revenue 2019-03-31: 10-Q 3.5856e+07 -> 10-K 4.5456e+07,0.31,,46463000.0,EarningsPerShareDiluted,NetIncomeLoss,Revenues,,0.32,12542000.0,46463000.0,yes,n/a,yes,True,ok,ok
LXP,910108,2014-12-31,0001444838-15-000008,2015-02-26,net_income,3,net_income 2014-03-31: 10-Q 886000 -> 10-K -839000; net_income 2014-06-30: 10-Q 1.445e+07 -> 10-K 1.2743e+07; net_income 2014-09-30: 10-Q 4.0405e+07 -> 10-K 3.872e+07,0.15,35700000.0,,EarningsPerShareDiluted,NetIncomeLoss,Revenues,,0.15,37363000.0,,yes,no,n/a,True,"NI_ONLY (EPS agrees: NI definition, e.g. preferred / NCI / OP units)","NI_ONLY (EPS agrees: NI definition, e.g. preferred / NCI / OP units)"
LXP,910108,2015-12-31,0001444838-16-000058,2016-02-25,net_income,3,net_income 2015-03-31: 10-Q 3.3505e+07 -> 10-K 3.1829e+07; net_income 2015-06-30: 10-Q 4.9332e+07 -> 10-K 4.7654e+07; net_income 2015-09-30: 10-Q -5.984e+06 -> 10-K -7.629e+06,0.14,33229000.0,,EarningsPerShareDiluted,NetIncomeLoss,Revenues,,0.15,34850000.0,,yes,no,n/a,True,"NI_ONLY (EPS agrees: NI definition, e.g. preferred / NCI / OP units)","NI_ONLY (EPS agrees: NI definition, e.g. preferred / NCI / OP units)"
LXP,910108,2016-12-31,0001444838-17-000010,2017-03-01,"eps,net_income",4,net_income 2016-03-31: 10-Q 4.9769e+07 -> 10-K 4.7781e+07; net_income 2016-06-30: 10-Q 4.8476e+07 -> 10-K 5.3875e+07; net_income 2016-09-30: 10-Q -2.503e+07 -> 10-K -2.6975e+07; eps 2016-06-30: 10-Q 0.2 -> 10-K 0.23,0.06,14391000.0,,EarningsPerShareDiluted,NetIncomeLoss,Revenues,,0.09,20943000.0,,no,no,n/a,True,NI_and_EPS (or more) disagree: derivation/basis error candidate,NI_and_EPS (or more) disagree: derivation/basis error candidate
LXP,910108,2017-12-31,0001444838-18-000006,2018-02-27,net_income,3,net_income 2017-03-31: 10-Q 4.204e+07 -> 10-K 4.0397e+07; net_income 2017-06-30: 10-Q 7.152e+06 -> 10-K 5.519e+06; net_income 2017-09-30: 10-Q 5.541e+06 -> 10-K 3.916e+06,0.12,29235000.0,,EarningsPerShareDiluted,NetIncomeLoss,Revenues,,0.12,30850000.0,,yes,no,n/a,True,"NI_ONLY (EPS agrees: NI definition, e.g. preferred / NCI / OP units)","NI_ONLY (EPS agrees: NI definition, e.g. preferred / NCI / OP units)"
LXP,910108,2018-12-31,0001444838-19-000010,2019-03-13,net_income,3,net_income 2018-03-31: 10-Q -1.4315e+07 -> 10-K -1.5957e+07; net_income 2018-06-30: 10-Q -1.694e+06 -> 10-K -3.327e+06; net_income 2018-09-30: 10-Q 2.18016e+08 -> 10-K 2.1619e+08,0.1,23796000.0,87251000.0,EarningsPerShareDiluted,NetIncomeLoss,Revenues,,0.08,25408000.0,87251000.0,no,no,yes,True,NI_and_EPS (or more) disagree: derivation/basis error candidate,NI_and_EPS (or more) disagree: derivation/basis error candidate
MAT,63276,2019-12-31,0001628280-20-002192,2020-02-25,"eps,net_income",2,net_income 2019-03-31: 10-Q -1.83718e+08 -> 10-K -1.76296e+08; eps 2019-03-31: 10-Q -0.53 -> 10-K -0.51,0.0,175000.0,1473705000.0,EarningsPerShareDiluted,NetIncomeLoss,RevenueFromContractWithCustomerExcludingAssessedTax,,0.0,175000.0,1473705000.0,yes,yes,yes,True,ok,ok
MATW,63296,2015-09-30,0000063296-15-000097,2015-11-24,"eps,net_income",4,net_income 2014-12-31: 10-Q 1.4951e+07 -> 10-K 1.436e+07; net_income 2015-03-31: 10-Q 9.576e+06 -> 10-K 8.975e+06; eps 2014-12-31: 10-Q 0.45 -> 10-K 0.43; eps 2015-03-31: 10-Q 0.29 -> 10-K 0.27,0.51,16974000.0,,EarningsPerShareDiluted,NetIncomeLoss,RevenueFromContractWithCustomerExcludingAssessedTax,,0.51,16974000.0,368338000.0,yes,yes,n/a,True,ok,ok
MATW,63296,2017-09-30,0000063296-17-000098,2017-11-21,"eps,net_income",2,net_income 2016-12-31: 10-Q 9.088e+06 -> 10-K 1.0322e+07; eps 2016-12-31: 10-Q 0.28 -> 10-K 0.32,0.6,19641000.0,,EarningsPerShareDiluted,NetIncomeLoss,RevenueFromContractWithCustomerExcludingAssessedTax,,0.6,19641000.0,396064000.0,yes,yes,n/a,True,ok,ok
MBIN,1629019,2021-12-31,0001558370-22-002893,2022-03-04,eps,3,eps 2021-03-31: 10-Q 2.02 -> 10-K 1.35; eps 2021-06-30: 10-Q 1.58 -> 10-K 1.06; eps 2021-09-30: 10-Q 1.83 -> 10-K 1.22,1.14,55201000.0,,EarningsPerShareDiluted,NetIncomeLoss,,,1.14,55201000.0,113014000.0,yes,yes,n/a,True,ok,"EPS_ONLY_large (NI agrees: share basis, or direct EPS is another line e.g. continuing ops)"
MD,893949,2020-12-31,0001193125-21-047064,2021-02-18,revenue,2,revenue 2020-03-31: 10-Q 8.45918e+08 -> 10-K 4.41245e+08; revenue 2020-06-30: 10-Q 5.09203e+08 -> 10-K 4.15441e+08,-0.76,-64296000.0,416630000.0,EarningsPerShareDiluted,NetIncomeLoss,RevenueFromContractWithCustomerIncludingAssessedTax,,-0.77,-64296000.0,416630000.0,yes,yes,yes,True,ok,ok
MKSI,1049502,2018-12-31,0001193125-19-051798,2019-02-26,revenue,1,revenue 2018-03-31: 10-Q 5.54275e+11 -> 10-K 5.54275e+08,1.32,71636000.0,460541000.0,EarningsPerShareDiluted,NetIncomeLoss,RevenueFromContractWithCustomerExcludingAssessedTax,,1.32,71636000.0,460541000.0,yes,yes,yes,True,ok,ok
MRCY,1049521,2014-06-30,0001049521-14-000020,2014-08-14,revenue,3,revenue 2013-09-30: 10-Q 5.394e+07 -> 10-K 5.0726e+07; revenue 2013-12-31: 10-Q 5.309e+07 -> 10-K 5.0932e+07; revenue 2014-03-31: 10-Q 5.55e+07 -> 10-K 5.3393e+07,-0.24,-7546000.0,53678000.0,EarningsPerShareDiluted,NetIncomeLoss,Revenues,,-0.24,-7546000.0,53678000.0,yes,yes,yes,True,ok,ok
MRCY,1049521,2016-06-30,0001049521-16-000094,2016-08-16,"eps,net_income",4,net_income 2015-09-30: 10-Q 1.96e+06 -> 10-K 2.856e+06; net_income 2015-12-31: 10-Q 4.793e+06 -> 10-K 5.04e+06; net_income 2016-03-31: 10-Q 4.526e+06 -> 10-K 4.357e+06; eps 2015-09-30: 10-Q 0.06 -> 10-K 0.08,0.19,7489000.0,85430000.0,EarningsPerShareDiluted,NetIncomeLoss,Revenues,,0.19,7489000.0,85430000.0,yes,yes,yes,True,ok,ok
MSA,66570,2021-12-31,0000066570-22-000007,2022-02-18,"eps,net_income",2,net_income 2021-09-30: 10-Q 1.8823e+07 -> 10-K 2.118e+07; eps 2021-09-30: 10-Q 0.48 -> 10-K 0.54,-1.57,-61476000.0,,EarningsPerShareDiluted,NetIncomeLoss,Revenues,,-1.55,-61379000.0,410268000.0,no,yes,n/a,True,EPS_ONLY_small (<=0.03; rounding/dilution),EPS_ONLY_small (<=0.03; rounding/dilution)
MSFT,789019,2016-06-30,0001193125-16-662209,2016-07-28,"eps,net_income",2,net_income 2015-09-30: 10-Q 4.62e+09 -> 10-K 4.902e+09; eps 2015-09-30: 10-Q 0.57 -> 10-K 0.61,0.39,3122000000.0,,EarningsPerShareDiluted,NetIncomeLoss,Revenues,,0.39,3122000000.0,20614000000.0,yes,yes,n/a,True,ok,ok
MTSI,1493594,2014-10-03,0001193125-14-437842,2014-12-09,"eps,net_income",2,net_income 2014-01-03: 10-Q -6.499e+06 -> 10-K -8.921e+06; eps 2014-01-03: 10-Q -0.14 -> 10-K -0.19,0.3,14537000.0,,EarningsPerShareDiluted,NetIncomeLoss,Revenues,,0.31,14537000.0,114317000.0,yes,yes,n/a,True,ok,ok
MTUS,1598428,2016-12-31,0001598428-17-000026,2017-03-16,"eps,net_income",6,net_income 2016-03-31: 10-Q -1.36e+07 -> 10-K -9.7e+06; net_income 2016-06-30: 10-Q -1.05e+07 -> 10-K -6.6e+06; net_income 2016-09-30: 10-Q -1.66e+07 -> 10-K -2.22e+07; eps 2016-03-31: 10-Q -0.31 -> 10-K -0.22; eps 2016-06-30: 10-Q -0.24 -> 10-K -0.15; eps 2016-09-30: 10-Q -0.38 -> 10-K -0.5,-1.52,-67000000.0,,EarningsPerShareDiluted,NetIncomeLoss,RevenueFromContractWithCustomerExcludingAssessedTax,,-1.52,-67000000.0,,yes,yes,n/a,True,ok,ok
MTUS,1598428,2019-12-31,0001598428-20-000017,2020-02-25,"eps,net_income",5,net_income 2019-03-31: 10-Q 4.2e+06 -> 10-K 3.5e+06; net_income 2019-06-30: 10-Q -4.4e+06 -> 10-K -1.19e+07; net_income 2019-09-30: 10-Q -4.6e+06 -> 10-K -1.7e+07; eps 2019-06-30: 10-Q -0.1 -> 10-K -0.27; eps 2019-09-30: 10-Q -0.1 -> 10-K -0.38,-1.89,-84600000.0,226900000.0,EarningsPerShareDiluted,NetIncomeLoss,RevenueFromContractWithCustomerExcludingAssessedTax,,-1.91,-84600000.0,226900000.0,no,yes,yes,True,EPS_ONLY_small (<=0.03; rounding/dilution),EPS_ONLY_small (<=0.03; rounding/dilution)
MTZ,15615,2014-12-31,0000015615-15-000053,2015-07-31,"eps,net_income,revenue",7,revenue 2014-03-31: 10-Q 9.64029e+08 -> 10-K 9.57818e+08; net_income 2014-03-31: 10-Q 1.6023e+07 -> 10-K 1.2097e+07; net_income 2014-06-30: 10-Q 3.205e+07 -> 10-K 3.3725e+07; net_income 2014-09-30: 10-Q 4.5271e+07 -> 10-K 4.8986e+07; eps 2014-03-31: 10-Q 0.19 -> 10-K 0.14; eps 2014-06-30: 10-Q 0.37 -> 10-K 0.39; eps 2014-09-30: 10-Q 0.53 -> 10-K 0.57,0.25,21100000.0,1231300000.0,EarningsPerShareDiluted,NetIncomeLoss,Revenues,,0.25,21115000.0,1233623000.0,yes,yes,yes,True,ok,ok
MUSA,1573516,2015-12-31,0001573516-16-000051,2016-02-26,revenue,2,revenue 2015-03-31: 10-Q 2.96252e+09 -> 10-K 2.9207e+09; revenue 2015-06-30: 10-Q 3.51722e+09 -> 10-K 3.468e+09,1.58,66700000.0,2928200000.0,EarningsPerShareDiluted,NetIncomeLoss,Revenues,,1.59,66686000.0,2928204000.0,yes,yes,yes,True,ok,ok
MXL,1288469,2016-12-31,0001288469-17-000004,2017-02-09,"eps,net_income",2,net_income 2016-03-31: 10-Q 1.9116e+07 -> 10-K 2.0681e+07; eps 2016-03-31: 10-Q 0.29 -> 10-K 0.31,0.12,8348000.0,,EarningsPerShareDiluted,NetIncomeLoss,Revenues,,0.12,8348000.0,87136000.0,yes,yes,n/a,True,ok,ok
NEOG,711377,2014-05-31,0001193125-14-286974,2014-07-30,eps,1,eps 2013-08-31: 10-Q 0.32 -> 10-K 0.21,0.2,7537000.0,,EarningsPerShareDiluted,NetIncomeLoss,RevenueFromContractWithCustomerExcludingAssessedTax,,0.2,7537000.0,67262000.0,yes,yes,n/a,True,ok,"EPS_ONLY_large (NI agrees: share basis, or direct EPS is another line e.g. continuing ops)"
NEOG,711377,2017-05-31,0001193125-17-240208,2017-07-28,net_income,1,net_income 2016-08-31: 10-Q 9.881e+06 -> 10-K 9.934e+06,0.32,12491000.0,,EarningsPerShareDiluted,NetIncomeLoss,RevenueFromContractWithCustomerExcludingAssessedTax,,0.32,12473000.0,98847000.0,yes,yes,n/a,True,ok,ok
NGVT,1653477,2015-12-31,0001653477-17-000029,2017-03-02,"eps,net_income",5,net_income 2015-03-31: 10-Q 2.3e+07 -> 10-K 2.2e+07; net_income 2015-06-30: 10-Q 2.59e+07 -> 10-K 2.53e+07; net_income 2015-09-30: 10-Q 2.34e+07 -> 10-K 2.38e+07; eps 2015-03-31: 10-Q 0.55 -> 10-K 0.52; eps 2015-06-30: 10-Q 0.62 -> 10-K 0.6,0.2,8600000.0,,EarningsPerShareDiluted,NetIncomeLoss,RevenueFromContractWithCustomerExcludingAssessedTax,,,,,stored_missing,stored_missing,n/a,False,q4_row_not_in_store,q4_row_not_in_store
NGVT,1653477,2016-12-31,0001653477-17-000029,2017-03-02,"eps,net_income",4,net_income 2016-03-31: 10-Q 8.2e+06 -> 10-K 9.2e+06; net_income 2016-06-30: 10-Q 2.37e+07 -> 10-K 2.41e+07; net_income 2016-09-30: 10-Q -7.1e+06 -> 10-K -7.2e+06; eps 2016-03-31: 10-Q 0.2 -> 10-K 0.22,0.22,9100000.0,,EarningsPerShareDiluted,NetIncomeLoss,RevenueFromContractWithCustomerExcludingAssessedTax,,0.21,9100000.0,,yes,yes,n/a,True,ok,ok
NHC,1047335,2019-12-31,0001437749-20-003248,2020-02-21,eps,1,eps 2019-06-30: 10-Q 0.89 -> 10-K 89,0.89,,253880000.0,EarningsPerShareDiluted,NetIncomeLoss,Revenues,,0.89,13770000.0,253880000.0,yes,n/a,yes,True,ok,ok
NJR,356309,2016-09-30,0000356309-16-000283,2016-11-22,"eps,net_income",2,net_income 2015-12-31: 10-Q 4.8647e+07 -> 10-K 5.0281e+07; eps 2015-12-31: 10-Q 0.56 -> 10-K 0.58,0.29,25400000.0,,EarningsPerShareDiluted,NetIncomeLoss,RevenueFromContractWithCustomerExcludingAssessedTax,,0.29,25400000.0,469241000.0,yes,yes,n/a,True,ok,ok
NSIT,932696,2018-12-31,0001564590-19-003901,2019-02-22,"net_income,revenue",2,revenue 2018-03-31: 10-Q 1.7629e+09 -> 10-K 1.74249e+09; net_income 2018-03-31: 10-Q 3.2745e+07 -> 10-K 3.3003e+07,1.31,47041000.0,1749046000.0,EarningsPerShareDiluted,NetIncomeLoss,RevenueFromContractWithCustomerExcludingAssessedTax,,1.31,47041000.0,1749046000.0,yes,yes,yes,True,ok,ok
NVDA,1045810,2017-01-29,0001045810-17-000027,2017-03-01,"eps,net_income",3,net_income 2016-05-01: 10-Q 1.96e+08 -> 10-K 2.08e+08; net_income 2016-07-31: 10-Q 2.53e+08 -> 10-K 2.61e+08; eps 2016-05-01: 10-Q 0.33 -> 10-K 0.35,0.99,655000000.0,2173000000.0,EarningsPerShareDiluted,NetIncomeLoss,Revenues,,0.92,655000000.0,2173000000.0,no,yes,yes,True,"EPS_ONLY_large (NI agrees: share basis, or direct EPS is another line)","EPS_ONLY_large (NI agrees: share basis, or direct EPS is another line e.g. continuing ops)"
NVST,1757073,2021-12-31,0001757073-22-000010,2022-02-24,eps,3,eps 2021-04-02: 10-Q 0.41 -> 10-K 0.35; eps 2021-07-02: 10-Q 0.51 -> 10-K 0.44; eps 2021-10-01: 10-Q 0.52 -> 10-K 0.45,0.24,,,EarningsPerShareDiluted,NetIncomeLoss,Revenues,,0.48,85800000.0,651800000.0,no,n/a,n/a,True,NI_and_EPS (or more) disagree: derivation/basis error candidate,NI_and_EPS (or more) disagree: derivation/basis error candidate
NXRT,1620393,2017-12-31,0001564590-18-002112,2018-02-15,eps,2,eps 2017-03-31: 10-Q 0.17 -> 10-K -0.17; eps 2017-09-30: 10-Q 2.51 -> 10-K 2.53,-0.21,-4330000.0,34913000.0,EarningsPerShareDiluted,NetIncomeLoss,Revenues,,-0.2,-4330000.0,34913000.0,yes,yes,yes,True,ok,ok
OPCH,1014739,2017-12-31,0001628280-18-003541,2018-03-26,net_income,3,net_income 2017-03-31: 10-Q -1.9428e+07 -> 10-K -1.9719e+07; net_income 2017-06-30: 10-Q -2.9198e+07 -> 10-K -2.9523e+07; net_income 2017-09-30: 10-Q -1.2517e+07 -> 10-K -1.2992e+07,,-1962000.0,,EarningsPerShareDiluted,NetIncomeLoss,Revenues,,-0.04,-1962000.0,,n/a,yes,n/a,True,ok,ok
OPCH,1014739,2019-12-31,0001014739-20-000013,2020-03-05,net_income,2,net_income 2019-03-31: 10-Q -1.0282e+07 -> 10-K -3.712e+06; net_income 2019-06-30: 10-Q -1.5666e+07 -> 10-K -1.3603e+07,,-15811000.0,,EarningsPerShareDiluted,NetIncomeLoss,Revenues,,-0.08,-15811000.0,720779000.0,n/a,yes,n/a,True,ok,ok
ORA,1296445,2015-12-31,0001437749-16-026139,2016-02-26,eps,1,eps 2015-09-30: 10-Q 1.47 -> 10-K 1.41,0.46,22988000.0,,EarningsPerShareDiluted,NetIncomeLoss,Revenues,,0.49,22988000.0,171074000.0,no,yes,n/a,True,EPS_ONLY_small (<=0.03; rounding/dilution),EPS_ONLY_small (<=0.03; rounding/dilution)
ORI,74260,2020-12-31,0000074260-21-000021,2021-03-01,revenue,3,revenue 2020-03-31: 10-Q 7.015e+08 -> 10-K 7.64e+08; revenue 2020-06-30: 10-Q 1.9706e+09 -> 10-K 2.027e+09; revenue 2020-09-30: 10-Q 1.8838e+09 -> 10-K 1.9517e+09,1.74,519700000.0,2423200000.0,EarningsPerShareDiluted,NetIncomeLoss,Revenues,,1.73,519700000.0,2423300000.0,yes,yes,yes,True,ok,ok
PAHC,1069899,2015-06-30,0001571049-15-007431,2015-09-10,"eps,net_income",6,net_income 2014-09-30: 10-Q 2.0481e+07 -> 10-K 1.8932e+07; net_income 2014-12-31: 10-Q 1.5405e+07 -> 10-K 1.4248e+07; net_income 2015-03-31: 10-Q 1.9425e+07 -> 10-K 1.6696e+07; eps 2014-09-30: 10-Q 0.52 -> 10-K 0.48; eps 2014-12-31: 10-Q 0.39 -> 10-K 0.36; eps 2015-03-31: 10-Q 0.49 -> 10-K 0.42,0.26,10404000.0,184950000.0,EarningsPerShareDiluted,NetIncomeLoss,Revenues,,0.26,10404000.0,184950000.0,yes,yes,yes,True,ok,ok
PANW,1327567,2017-07-31,0001327567-17-000027,2017-09-07,net_income,1,net_income 2016-10-31: 10-Q -6.18e+07 -> 10-K -5.69e+07,,-38200000.0,,EarningsPerShareDiluted,NetIncomeLoss,Revenues,,-0.42,-38200000.0,509100000.0,n/a,yes,n/a,True,ok,ok
PATK,76605,2016-12-31,0000076605-17-000036,2017-02-28,"eps,net_income",3,net_income 2016-03-27: 10-Q 1.2033e+07 -> 10-K 1.2975e+07; net_income 2016-06-26: 10-Q 1.6703e+07 -> 10-K 1.6969e+07; eps 2016-03-27: 10-Q 0.8 -> 10-K 0.85,0.89,13560000.0,,EarningsPerShareDiluted,NetIncomeLoss,Revenues,,0.89,13608000.0,,yes,yes,n/a,True,ok,ok
PBI,78814,2018-12-31,0000078814-19-000004,2019-02-20,revenue,2,revenue 2018-03-31: 10-Q 9.83182e+08 -> 10-K 8.80948e+08; revenue 2018-06-30: 10-Q 6.40003e+08 -> 10-K 8.61436e+08,0.24,44985000.0,947140000.0,EarningsPerShareDiluted,NetIncomeLoss,Revenues,,0.24,44985000.0,947140000.0,yes,yes,yes,True,ok,ok
PBI,78814,2019-12-31,0000078814-20-000009,2020-02-20,revenue,2,revenue 2019-03-31: 10-Q 8.68402e+08 -> 10-K 7.95084e+08; revenue 2019-06-30: 10-Q 8.60779e+08 -> 10-K 7.88573e+08,1.03,176696000.0,831343000.0,EarningsPerShareDiluted,NetIncomeLoss,Revenues,,1.01,176696000.0,831343000.0,no,yes,yes,True,EPS_ONLY_small (<=0.03; rounding/dilution),EPS_ONLY_small (<=0.03; rounding/dilution)
PDFS,1120914,2016-12-31,0001437749-17-004058,2017-03-09,net_income,2,net_income 2016-06-30: 10-Q 2.214e+06 -> 10-K 2.133e+06; net_income 2016-09-30: 10-Q 1.89e+06 -> 10-K 1.984e+06,0.09,2925000.0,28433000.0,EarningsPerShareDiluted,NetIncomeLoss,Revenues,,0.09,2924000.0,28433000.0,yes,yes,yes,True,ok,ok
PEGA,1013857,2016-12-31,0001193125-17-056299,2017-02-24,"eps,net_income",4,net_income 2016-03-31: 10-Q 9.005e+06 -> 10-K 1.04e+07; net_income 2016-06-30: 10-Q 3.647e+06 -> 10-K 4.536e+06; net_income 2016-09-30: 10-Q 2.418e+06 -> 10-K 3.301e+06; eps 2016-03-31: 10-Q 0.11 -> 10-K 0.13,0.11,8749000.0,,EarningsPerShareDiluted,NetIncomeLoss,Revenues,,0.11,8749000.0,199610000.0,yes,yes,n/a,True,ok,ok
PEN,1321732,2016-12-31,0001321732-17-000084,2017-02-28,"eps,net_income",6,net_income 2016-03-31: 10-Q 780000 -> 10-K 2.291e+06; net_income 2016-06-30: 10-Q 185000 -> 10-K 3.013e+06; net_income 2016-09-30: 10-Q -1.106e+06 -> 10-K 1.1906e+07; eps 2016-03-31: 10-Q 0.02 -> 10-K 0.07; eps 2016-06-30: 10-Q 0.01 -> 10-K 0.09; eps 2016-09-30: 10-Q -0.04 -> 10-K 0.35,,,,EarningsPerShareDiluted,NetIncomeLoss,Revenues,,,-2396000.0,73105000.0,n/a,n/a,n/a,True,no_direct_fact,no_direct_fact
PENN,921738,2015-12-31,0001047469-16-011168,2016-03-15,"eps,net_income",4,net_income 2015-03-31: 10-Q 1.0996e+07 -> 10-K 1.869e+06; net_income 2015-06-30: 10-Q 1.6886e+07 -> 10-K 2.983e+06; eps 2015-03-31: 10-Q 0.12 -> 10-K 0.02; eps 2015-06-30: 10-Q 0.19 -> 10-K 0.03,-0.11,-9066000.0,733967000.0,EarningsPerShareDiluted,NetIncomeLoss,Revenues,,-0.09,-9066000.0,733967000.0,no,yes,yes,True,EPS_ONLY_small (<=0.03; rounding/dilution),EPS_ONLY_small (<=0.03; rounding/dilution)
PGNY,1551306,2020-12-31,0001558370-21-002082,2021-03-01,net_income,3,net_income 2020-03-31: 10-Q 4.057e+06 -> 10-K 3.629e+06; net_income 2020-06-30: 10-Q -1.812e+06 -> 10-K -1.064e+06; net_income 2020-09-30: 10-Q 5.355e+06 -> 10-K 4.822e+06,0.39,39072000.0,,EarningsPerShareDiluted,NetIncomeLoss,RevenueFromContractWithCustomerExcludingAssessedTax,,0.35,39072000.0,100301000.0,no,yes,n/a,True,"EPS_ONLY_large (NI agrees: share basis, or direct EPS is another line)","EPS_ONLY_large (NI agrees: share basis, or direct EPS is another line e.g. continuing ops)"
PIPR,1230245,2019-12-31,0001230245-20-000031,2020-02-28,revenue,1,revenue 2019-03-31: 10-Q 1.94475e+08 -> 10-K 1.85185e+08,2.7,38658000.0,282791000.0,EarningsPerShareDiluted,NetIncomeLoss,Revenues,,2.67,38658000.0,282791000.0,no,yes,yes,True,EPS_ONLY_small (<=0.03; rounding/dilution),EPS_ONLY_small (<=0.03; rounding/dilution)
PRDO,1046568,2014-12-31,0001193125-15-075170,2015-03-03,revenue,3,revenue 2014-03-31: 10-Q 2.43105e+08 -> 10-K 1.98154e+08; revenue 2014-06-30: 10-Q 2.29292e+08 -> 10-K 1.86172e+08; revenue 2014-09-30: 10-Q 2.27452e+08 -> 10-K 1.82825e+08,,-25488000.0,174207000.0,EarningsPerShareDiluted,NetIncomeLoss,Revenues,,-0.38,-25488000.0,174207000.0,n/a,yes,yes,True,ok,ok
PRDO,1046568,2015-12-31,0001564590-16-013719,2016-02-29,revenue,3,revenue 2015-03-31: 10-Q 1.82302e+08 -> 10-K 2.27014e+08; revenue 2015-06-30: 10-Q 1.7478e+08 -> 10-K 2.16828e+08; revenue 2015-09-30: 10-Q 1.62074e+08 -> 10-K 2.03484e+08,2.08,142724000.0,199947000.0,EarningsPerShareDiluted,NetIncomeLoss,Revenues,,2.04,142724000.0,199947000.0,no,yes,yes,True,"EPS_ONLY_large (NI agrees: share basis, or direct EPS is another line)","EPS_ONLY_large (NI agrees: share basis, or direct EPS is another line e.g. continuing ops)"
PRG,1808834,2019-12-31,0001808834-21-000012,2021-02-26,revenue,1,revenue 2019-09-30: 10-Q 9.63808e+08 -> 10-K 5.37536e+08,-1.6,-107057000.0,568652000.0,EarningsPerShareDiluted,NetIncomeLoss,Revenues,,,,,stored_missing,stored_missing,stored_missing,False,q4_row_not_in_store,q4_row_not_in_store
PRG,1808834,2020-12-31,0001808834-21-000012,2021-02-26,revenue,1,revenue 2020-09-30: 10-Q 1.0523e+09 -> 10-K 6.11337e+08,0.6,40818000.0,605652000.0,EarningsPerShareDiluted,NetIncomeLoss,Revenues,,0.6,40818000.0,605652000.0,yes,yes,yes,True,ok,ok
QLYS,1107843,2014-12-31,0001107843-15-000003,2015-03-06,net_income,3,net_income 2014-03-31: 10-Q -440000 -> 10-K -431000; net_income 2014-06-30: 10-Q 1.706e+06 -> 10-K 1.657e+06; net_income 2014-09-30: 10-Q 3.208e+06 -> 10-K 3.105e+06,0.69,25913000.0,36573000.0,EarningsPerShareDiluted,NetIncomeLoss,Revenues,,0.69,25913000.0,36573000.0,yes,yes,yes,True,ok,"EPS_ONLY_large (NI agrees: share basis, or direct EPS is another line e.g. continuing ops)"
QRVO,1604778,2015-03-28,0001604778-15-000051,2015-05-27,net_income,2,net_income 2014-06-28: 10-Q 0 -> 10-K 3.8647e+07; net_income 2014-09-27: 10-Q 0 -> 10-K 6.3311e+07,0.04,6482000.0,,EarningsPerShareDiluted,NetIncomeLoss,Revenues,,0.07,6482000.0,634892000.0,no,yes,n/a,True,EPS_ONLY_small (<=0.03; rounding/dilution),EPS_ONLY_small (<=0.03; rounding/dilution)
RCL,884887,2016-12-31,0000884887-17-000020,2017-02-23,eps,1,eps 2016-09-30: 10-Q 3.21 -> 10-K 1.03,1.21,261086000.0,1909603000.0,EarningsPerShareDiluted,NetIncomeLoss,Revenues,,1.21,261086000.0,1909603000.0,yes,yes,yes,True,ok,ok
RDNT,790526,2018-12-31,0001628280-19-003087,2019-03-18,revenue,3,revenue 2018-03-31: 10-Q 2.04168e+08 -> 10-K 2.31392e+08; revenue 2018-06-30: 10-Q 2.19416e+08 -> 10-K 2.44395e+08; revenue 2018-09-30: 10-Q 2.17552e+08 -> 10-K 2.42148e+08,0.59,29136000.0,257211000.0,EarningsPerShareDiluted,NetIncomeLoss,Revenues,,0.59,29136000.0,257211000.0,yes,yes,yes,True,ok,ok
REXR,1571283,2014-12-31,0001564590-15-001415,2015-03-09,net_income,3,net_income 2014-03-31: 10-Q 1.277e+06 -> 10-K 1.261e+06; net_income 2014-06-30: 10-Q 73000 -> 10-K 49000; net_income 2014-09-30: 10-Q -599000 -> 10-K -623000,,107000.0,19858000.0,EarningsPerShareDiluted,NetIncomeLoss,Revenues,,0.0,225000.0,19858000.0,n/a,no,yes,True,"NI_ONLY (EPS agrees: NI definition, e.g. preferred / NCI / OP units)","NI_ONLY (EPS agrees: NI definition, e.g. preferred / NCI / OP units)"
REXR,1571283,2015-12-31,0001571283-16-000008,2016-02-25,net_income,1,net_income 2015-03-31: 10-Q 81000 -> 10-K 27000,,945000.0,26164000.0,EarningsPerShareDiluted,NetIncomeLoss,Revenues,,0.02,1168000.0,26164000.0,n/a,no,yes,True,"NI_ONLY (EPS agrees: NI definition, e.g. preferred / NCI / OP units)","NI_ONLY (EPS agrees: NI definition, e.g. preferred / NCI / OP units)"
REXR,1571283,2016-12-31,0001571283-17-000011,2017-02-23,net_income,3,net_income 2016-03-31: 10-Q 1.425e+06 -> 10-K 1.347e+06; net_income 2016-06-30: 10-Q 1.2374e+07 -> 10-K 1.2299e+07; net_income 2016-09-30: 10-Q 2.998e+06 -> 10-K 2.267e+06,0.1,6928000.0,34777000.0,EarningsPerShareDiluted,NetIncomeLoss,Revenues,,0.11,8329000.0,34777000.0,yes,no,yes,True,"NI_ONLY (EPS agrees: NI definition, e.g. preferred / NCI / OP units)","NI_ONLY (EPS agrees: NI definition, e.g. preferred / NCI / OP units)"
ROCK,912562,2016-12-31,0000912562-17-000008,2017-02-21,net_income,2,net_income 2016-03-31: 10-Q 6.493e+06 -> 10-K 9.029e+06; net_income 2016-06-30: 10-Q 1.6989e+07 -> 10-K 1.8612e+07,,-7752000.0,,EarningsPerShareDiluted,NetIncomeLoss,Revenues,,-0.24,-7752000.0,238471000.0,n/a,yes,n/a,True,ok,ok
ROCK,912562,2020-12-31,0000912562-21-000007,2021-02-25,revenue,3,revenue 2020-03-31: 10-Q 2.49439e+08 -> 10-K 2.15401e+08; revenue 2020-06-30: 10-Q 2.85814e+08 -> 10-K 2.55184e+08; revenue 2020-09-30: 10-Q 3.29665e+08 -> 10-K 2.96792e+08,,-8545000.0,265201000.0,EarningsPerShareDiluted,NetIncomeLoss,Revenues,,-0.26,-8545000.0,265201000.0,n/a,yes,yes,True,ok,ok
RRX,82811,2015-01-03,0000082811-15-000014,2015-03-04,eps,3,eps 2014-03-29: 10-Q 0.96 -> 10-K 960000; eps 2014-06-28: 10-Q 1.24 -> 10-K 1.24e+06; eps 2014-09-27: 10-Q 1.05 -> 10-K 1.05e+06,-2610000.0,-116500000.0,,EarningsPerShareDiluted,NetIncomeLoss,Revenues,,-2.58,-116500000.0,775700000.0,no,yes,n/a,True,DIRECT_FACT_UNRELIABLE (scaled EPS tag),DIRECT_FACT_UNRELIABLE (scaled EPS tag)
RYN,52827,2014-12-31,0000052827-15-000006,2015-03-02,"eps,net_income",4,net_income 2014-03-31: 10-Q 4.3375e+07 -> 10-K 4.1426e+07; net_income 2014-06-30: 10-Q 1.8385e+07 -> 10-K 1.6353e+07; eps 2014-03-31: 10-Q 0.34 -> 10-K 0.32; eps 2014-06-30: 10-Q 0.14 -> 10-K 0.12,0.07,8857000.0,,EarningsPerShareDiluted,NetIncomeLoss,Revenues,,0.07,8857000.0,147360000.0,yes,yes,n/a,True,ok,ok
SABR,1597033,2014-12-31,0001564590-15-001223,2015-03-03,revenue,3,revenue 2014-03-31: 10-Q 7.5541e+08 -> 10-K 6.66415e+08; revenue 2014-06-30: 10-Q 7.17573e+08 -> 10-K 6.4638e+08; revenue 2014-09-30: 10-Q 7.56303e+08 -> 10-K 6.7248e+08,0.17,46400000.0,646142000.0,EarningsPerShareDiluted,NetIncomeLoss,Revenues,,0.16,46400000.0,646142000.0,yes,yes,yes,True,ok,ok
SAFE,1095651,2017-12-31,0001095651-18-000004,2018-02-26,revenue,1,revenue 2017-03-31: 10-Q 1.13563e+08 -> 10-K 1.08319e+08,,,103144000.0,EarningsPerShareDiluted,NetIncomeLoss,Revenues,,-0.09,3214000.0,103144000.0,n/a,n/a,yes,True,ok,ok
SAFE,1095651,2021-12-31,0001095651-22-000004,2022-02-25,revenue,3,revenue 2021-03-31: 10-Q 1.1326e+08 -> 10-K 5.9984e+07; revenue 2021-06-30: 10-Q 1.05588e+08 -> 10-K 5.4254e+07; revenue 2021-09-30: 10-Q 1.95485e+08 -> 10-K 1.43632e+08,0.11,,50760000.0,EarningsPerShareDiluted,NetIncomeLoss,Revenues,,0.12,12951000.0,50760000.0,yes,n/a,yes,True,ok,ok
SAIC,1571123,2020-01-31,0001571123-20-000013,2020-03-27,net_income,2,net_income 2019-05-03: 10-Q 5.5e+07 -> 10-K 5.6e+07; net_income 2019-11-01: 10-Q 5.5e+07 -> 10-K 5.6e+07,1.01,60000000.0,,EarningsPerShareDiluted,NetIncomeLoss,Revenues,,1.01,59000000.0,1540000000.0,yes,no,n/a,True,"NI_ONLY (EPS agrees: NI definition, e.g. preferred / NCI / OP units)","NI_ONLY (EPS agrees: NI definition, e.g. preferred / NCI / OP units)"
SCL,94049,2016-12-31,0001564590-17-002324,2017-02-24,"eps,net_income",5,net_income 2016-03-31: 10-Q 2.7654e+07 -> 10-K 2.7916e+07; net_income 2016-06-30: 10-Q 2.7865e+07 -> 10-K 2.8496e+07; net_income 2016-09-30: 10-Q 2.0427e+07 -> 10-K 2.1362e+07; eps 2016-06-30: 10-Q 1.21 -> 10-K 1.24; eps 2016-09-30: 10-Q 0.89 -> 10-K 0.92,0.36,8417000.0,,EarningsPerShareDiluted,NetIncomeLoss,Revenues,,0.36,8417000.0,420636000.0,yes,yes,n/a,True,ok,ok
SFBS,1430723,2016-12-31,0001144204-17-011710,2017-02-28,eps,1,eps 2016-03-31: 10-Q 0.66 -> 10-K 0.37,0.4,,,EarningsPerShareDiluted,NetIncomeLoss,,,,21738000.0,55148000.0,stored_missing,n/a,n/a,True,no_direct_fact,no_direct_fact
SHEN,354963,2018-12-31,0001628280-19-002261,2019-02-28,"eps,net_income,revenue",6,revenue 2018-03-31: 10-Q 1.51732e+08 -> 10-K 1.54138e+08; revenue 2018-06-30: 10-Q 1.5403e+08 -> 10-K 1.56501e+08; net_income 2018-03-31: 10-Q 4.829e+06 -> 10-K 6.583e+06; net_income 2018-06-30: 10-Q 7.824e+06 -> 10-K 9.626e+06; eps 2018-03-31: 10-Q 0.1 -> 10-K 0.13; eps 2018-06-30: 10-Q 0.16 -> 10-K 0.19,0.3,14852000.0,161484000.0,EarningsPerShareDiluted,NetIncomeLoss,RevenueFromContractWithCustomerExcludingAssessedTax,,0.3,14852000.0,161484000.0,yes,yes,yes,True,ok,ok
SHEN,354963,2020-12-31,0001628280-21-003177,2021-02-25,revenue,2,revenue 2020-03-31: 10-Q 1.53188e+08 -> 10-K 5.3134e+07; revenue 2020-06-30: 10-Q 1.69526e+08 -> 10-K 5.4336e+07,0.98,49275000.0,58132000.0,EarningsPerShareDiluted,NetIncomeLoss,RevenueFromContractWithCustomerExcludingAssessedTax,,0.99,49275000.0,58132000.0,yes,yes,yes,True,ok,ok
SHOO,913241,2019-12-31,0001628280-20-002674,2020-03-02,revenue,3,revenue 2019-03-31: 10-Q 4.1094e+08 -> 10-K 4.15788e+08; revenue 2019-06-30: 10-Q 4.44974e+08 -> 10-K 4.49629e+08; revenue 2019-09-30: 10-Q 4.97308e+08 -> 10-K 5.02114e+08,0.21,17751000.0,419625000.0,EarningsPerShareDiluted,NetIncomeLoss,Revenues,,0.21,17751000.0,419626000.0,yes,yes,yes,True,ok,ok
SIG,832988,2017-01-28,0001628280-17-002652,2017-03-16,net_income,1,net_income 2016-10-29: 10-Q 1.7e+07 -> 10-K 1.48e+07,3.92,287800000.0,,EarningsPerShareDiluted,NetIncomeLoss,Revenues,,3.85,297500000.0,2269900000.0,no,no,n/a,True,NI_and_EPS (or more) disagree: derivation/basis error candidate,NI_and_EPS (or more) disagree: derivation/basis error candidate
SIG,832988,2018-02-03,0001628280-18-003906,2018-04-02,net_income,3,net_income 2017-04-29: 10-Q 7.85e+07 -> 10-K 7.03e+07; net_income 2017-07-29: 10-Q 9.34e+07 -> 10-K 8.52e+07; net_income 2017-10-28: 10-Q -3.9e+06 -> 10-K -1.21e+07,5.24,343000000.0,,EarningsPerShareDiluted,NetIncomeLoss,Revenues,,5.24,351300000.0,2293100000.0,yes,no,n/a,True,"NI_ONLY (EPS agrees: NI definition, e.g. preferred / NCI / OP units)",NI_and_EPS (or more) disagree: derivation/basis error candidate
SIG,832988,2019-02-02,0000832988-19-000003,2019-04-03,net_income,3,net_income 2018-05-05: 10-Q -4.966e+08 -> 10-K -5.048e+08; net_income 2018-08-04: 10-Q -2.3e+07 -> 10-K -3.12e+07; net_income 2018-11-03: 10-Q -2.99e+07 -> 10-K -3.81e+07,-2.25,-116200000.0,2154700000.0,EarningsPerShareDiluted,NetIncomeLoss,Revenues,,-2.25,-107900000.0,2154700000.0,yes,no,yes,True,"NI_ONLY (EPS agrees: NI definition, e.g. preferred / NCI / OP units)","NI_ONLY (EPS agrees: NI definition, e.g. preferred / NCI / OP units)"
SIG,832988,2020-02-01,0000832988-20-000018,2020-03-26,net_income,3,net_income 2019-05-04: 10-Q -1e+07 -> 10-K -1.82e+07; net_income 2019-08-03: 10-Q -3.61e+07 -> 10-K -4.43e+07; net_income 2019-11-02: 10-Q -3.55e+07 -> 10-K -4.37e+07,3.14,178800000.0,,EarningsPerShareDiluted,NetIncomeLoss,Revenues,,3.43,187100000.0,2153300000.0,no,no,n/a,True,NI_and_EPS (or more) disagree: derivation/basis error candidate,NI_and_EPS (or more) disagree: derivation/basis error candidate
SIRI,908937,2016-12-31,0000908937-17-000009,2017-02-02,net_income,2,net_income 2016-03-31: 10-Q 1.71339e+08 -> 10-K 1.7244e+08; net_income 2016-06-30: 10-Q 1.73015e+08 -> 10-K 1.74965e+08,0.04,204627000.0,1302998000.0,EarningsPerShareDiluted,NetIncomeLoss,Revenues,,0.04,204627000.0,1302998000.0,yes,yes,yes,True,ok,ok
SLG,1040971,2014-12-31,0001040971-15-000003,2015-02-24,revenue,2,revenue 2014-03-31: 10-Q 3.81128e+08 -> 10-K 3.62446e+08; revenue 2014-06-30: 10-Q 3.87227e+08 -> 10-K 3.80631e+08,0.59,60525000.0,386627000.0,EarningsPerShareDiluted,NetIncomeLoss,Revenues,,0.59,60523000.0,386627000.0,yes,yes,yes,True,ok,ok
SLM,1032033,2014-12-31,0001628280-15-001094,2015-02-26,"eps,net_income",2,net_income 2014-03-31: 10-Q 2.19e+08 -> 10-K 4.7448e+07; eps 2014-03-31: 10-Q 0.49 -> 10-K 0.11,0.03,19717000.0,,EarningsPerShareDiluted,NetIncomeLoss,,,0.03,19717000.0,150676000.0,yes,yes,n/a,True,ok,ok
SMCI,1375365,2017-06-30,0001375365-19-000039,2019-05-17,"eps,net_income",5,net_income 2016-09-30: 10-Q 1.3532e+07 -> 10-K 1.5373e+07; net_income 2016-12-31: 10-Q 2.1996e+07 -> 10-K 2.2876e+07; net_income 2017-03-31: 10-Q 1.6666e+07 -> 10-K 1.535e+07; eps 2016-09-30: 10-Q 0.26 -> 10-K 0.3; eps 2017-03-31: 10-Q 0.32 -> 10-K 0.3,0.25,13255000.0,678168000.0,EarningsPerShareDiluted,NetIncomeLoss,Revenues,,,,,stored_missing,stored_missing,stored_missing,False,q4_row_not_in_store,q4_row_not_in_store
SMG,825542,2015-09-30,0001546380-15-000033,2015-11-24,eps,1,eps 2014-12-27: 10-Q -1.23 -> 10-K 1.23,-0.38,-23600000.0,,EarningsPerShareDiluted,NetIncomeLoss,Revenues,,-0.37,-23600000.0,483200000.0,yes,yes,n/a,True,ok,ok
SNEX,913760,2019-09-30,0000913760-20-000206,2020-12-14,revenue,1,revenue 2018-12-31: 10-Q 6552.2 -> 10-K 6.5522e+09,1.4,27200000.0,11279600000.0,EarningsPerShareDiluted,NetIncomeLoss,Revenues,,1.43,27200000.0,11279600000.0,no,yes,yes,True,EPS_ONLY_small (<=0.03; rounding/dilution),EPS_ONLY_small (<=0.03; rounding/dilution)
SON,91767,2015-12-31,0001193125-16-485573,2016-02-29,"eps,net_income",2,net_income 2015-03-29: 10-Q 8.792e+07 -> 10-K 8.578e+07; eps 2015-03-29: 10-Q 0.86 -> 10-K 0.84,0.55,56063000.0,,EarningsPerShareDiluted,NetIncomeLoss,Revenues,,0.55,56063000.0,1267135000.0,yes,yes,n/a,True,ok,ok
SPNT,1576018,2021-12-31,0001576018-22-000021,2022-03-01,"eps,net_income,revenue",3,revenue 2021-03-31: 10-Q 4.511e+08 -> 10-K 4.886e+08; net_income 2021-03-31: 10-Q 1.324e+08 -> 10-K 1.699e+08; eps 2021-03-31: 10-Q 1.05 -> 10-K 1.35,-0.88,-136300000.0,398000000.0,EarningsPerShareDiluted,NetIncomeLoss,Revenues,,-0.88,-136300000.0,398000000.0,yes,yes,yes,True,ok,"EPS_ONLY_large (NI agrees: share basis, or direct EPS is another line e.g. continuing ops)"
SPXC,88205,2021-12-31,0000088205-22-000013,2022-02-25,"eps,revenue",2,revenue 2021-04-03: 10-Q 3.985e+08 -> 10-K 2.872e+08; eps 2021-10-02: 10-Q 7.1 -> 10-K 7.08,0.14,,350000000.0,EarningsPerShareDiluted,NetIncomeLoss,RevenueFromContractWithCustomerExcludingAssessedTax,,0.13,6000000.0,349800000.0,yes,n/a,yes,True,ok,ok
STAG,1479094,2014-12-31,0001558370-15-000135,2015-02-23,net_income,3,net_income 2014-03-31: 10-Q 385000 -> 10-K -2.415e+06; net_income 2014-06-30: 10-Q -2.356e+06 -> 10-K -5.151e+06; net_income 2014-09-30: 10-Q 341000 -> 10-K -2.458e+06,,-5244000.0,,EarningsPerShareDiluted,NetIncomeLoss,Revenues,,-0.08,-2414000.0,,n/a,no,n/a,True,"NI_ONLY (EPS agrees: NI definition, e.g. preferred / NCI / OP units)","NI_ONLY (EPS agrees: NI definition, e.g. preferred / NCI / OP units)"
STC,94344,2014-12-31,0001628280-15-001257,2015-02-27,revenue,1,revenue 2014-03-31: 10-Q 3.91438e+08 -> 10-K 3.93576e+08,0.49,11863000.0,522319000.0,EarningsPerShareDiluted,NetIncomeLoss,Revenues,,0.44,11863000.0,522319000.0,no,yes,yes,True,"EPS_ONLY_large (NI agrees: share basis, or direct EPS is another line)","EPS_ONLY_large (NI agrees: share basis, or direct EPS is another line e.g. continuing ops)"
SXI,310354,2014-06-30,0000310354-14-000040,2014-08-28,eps,1,eps 2013-09-30: 10-Q 0.71 -> 10-K 0.96,1.07,10047000.0,,EarningsPerShareDiluted,NetIncomeLoss,Revenues,,1.07,10047000.0,197340000.0,yes,yes,n/a,True,ok,"EPS_ONLY_large (NI agrees: share basis, or direct EPS is another line e.g. continuing ops)"
SXI,310354,2015-06-30,0000310354-15-000025,2015-08-27,eps,1,eps 2014-09-30: 10-Q 1.13 -> 10-K 1.16,1.27,16381000.0,,EarningsPerShareDiluted,NetIncomeLoss,Revenues,,1.28,16381000.0,199779000.0,yes,yes,n/a,True,ok,ok
SXI,310354,2017-06-30,0000310354-17-000023,2017-08-28,"eps,net_income",4,net_income 2016-09-30: 10-Q 1.3901e+07 -> 10-K 1.4344e+07; net_income 2016-12-31: 10-Q 1.0264e+07 -> 10-K 1.0442e+07; eps 2016-09-30: 10-Q 1.09 -> 10-K 1.12; eps 2016-12-31: 10-Q 0.8 -> 10-K 0.82,1.11,14131000.0,,EarningsPerShareDiluted,NetIncomeLoss,Revenues,,1.1,14114000.0,217089000.0,yes,yes,n/a,True,ok,ok
TBBK,1295401,2014-12-31,0001295401-15-000005,2015-09-28,eps,3,eps 2014-03-31: 10-Q 0.01 -> 10-K 0.04; eps 2014-06-30: 10-Q 0.01 -> 10-K 0.27; eps 2014-09-30: 10-Q -0.45 -> 10-K 0.66,0.52,,,EarningsPerShareDiluted,NetIncomeLoss,RevenueFromContractWithCustomerIncludingAssessedTax,,1.9,73278000.0,33115000.0,no,n/a,n/a,True,NI_and_EPS (or more) disagree: derivation/basis error candidate,NI_and_EPS (or more) disagree: derivation/basis error candidate
THG,944695,2018-12-31,0001564590-19-003788,2019-02-22,revenue,2,revenue 2018-03-31: 10-Q 1.3309e+09 -> 10-K 1.0915e+09; revenue 2018-06-30: 10-Q 1.3628e+09 -> 10-K 1.1334e+09,2.88,123600000.0,1102800000.0,EarningsPerShareDiluted,NetIncomeLoss,Revenues,,2.89,123600000.0,1102800000.0,yes,yes,yes,True,ok,ok
TMP,1005817,2016-12-31,0001005817-17-000004,2017-02-28,"eps,net_income",5,net_income 2016-03-31: 10-Q 1.418e+07 -> 10-K 1.4251e+07; net_income 2016-06-30: 10-Q 1.4571e+07 -> 10-K 1.4833e+07; net_income 2016-09-30: 10-Q 1.4864e+07 -> 10-K 1.5138e+07; eps 2016-06-30: 10-Q 0.96 -> 10-K 0.98; eps 2016-09-30: 10-Q 0.97 -> 10-K 1,0.99,15118000.0,,EarningsPerShareDiluted,NetIncomeLoss,RevenueFromContractWithCustomerExcludingAssessedTax,,1.06,15118000.0,62690000.0,no,yes,n/a,True,"EPS_ONLY_large (NI agrees: share basis, or direct EPS is another line)","EPS_ONLY_large (NI agrees: share basis, or direct EPS is another line e.g. continuing ops)"
TREX,1069878,2014-12-31,0001193125-15-059388,2015-02-24,eps,1,eps 2014-03-31: 10-Q 0.73 -> 10-K 0.37,0.16,5153000.0,,EarningsPerShareDiluted,NetIncomeLoss,RevenueFromContractWithCustomerExcludingAssessedTax,,0.11,5153000.0,74202000.0,no,yes,n/a,True,"EPS_ONLY_large (NI agrees: share basis, or direct EPS is another line)","EPS_ONLY_large (NI agrees: share basis, or direct EPS is another line e.g. continuing ops)"
TREX,1069878,2016-12-31,0001193125-17-049572,2017-02-21,"eps,net_income",4,net_income 2016-03-31: 10-Q 2.3402e+07 -> 10-K 2.3706e+07; net_income 2016-06-30: 10-Q 2.3279e+07 -> 10-K 2.3725e+07; net_income 2016-09-30: 10-Q 6.898e+06 -> 10-K 7.787e+06; eps 2016-09-30: 10-Q 0.23 -> 10-K 0.26,0.43,12629000.0,,EarningsPerShareDiluted,NetIncomeLoss,RevenueFromContractWithCustomerExcludingAssessedTax,,0.43,12629000.0,95322000.0,yes,yes,n/a,True,ok,ok
TRIP,1526520,2016-12-31,0001564590-17-001783,2017-02-17,"eps,net_income",2,net_income 2016-03-31: 10-Q 2.7e+07 -> 10-K 2.9e+07; eps 2016-03-31: 10-Q 0.18 -> 10-K 0.2,0.01,1000000.0,316000000.0,EarningsPerShareDiluted,NetIncomeLoss,Revenues,,0.01,1000000.0,316000000.0,yes,yes,yes,True,ok,ok
TRN,99780,2018-12-31,0000099780-19-000019,2019-02-21,revenue,1,revenue 2018-09-30: 10-Q 9.309e+08 -> 10-K 6.069e+08,0.19,27300000.0,735000000.0,EarningsPerShareDiluted,NetIncomeLoss,Revenues,,-0.19,27300000.0,735000000.0,no,yes,yes,True,"EPS_ONLY_large (NI agrees: share basis, or direct EPS is another line)","EPS_ONLY_large (NI agrees: share basis, or direct EPS is another line e.g. continuing ops)"
TRN,99780,2021-12-31,0000099780-22-000013,2022-02-17,revenue,3,revenue 2021-03-31: 10-Q 3.988e+08 -> 10-K 3.307e+08; revenue 2021-06-30: 10-Q 3.715e+08 -> 10-K 2.933e+08; revenue 2021-09-30: 10-Q 5.035e+08 -> 10-K 4.198e+08,1.37,134000000.0,472200000.0,EarningsPerShareDiluted,NetIncomeLoss,Revenues,,1.37,134000000.0,472200000.0,yes,yes,yes,True,ok,ok
TRU,1552033,2014-12-31,0001552033-16-000079,2016-02-19,eps,1,eps 2014-03-31: 10-Q -0.13 -> 10-K -0.1,-0.09,-13100000.0,,EarningsPerShareDiluted,NetIncomeLoss,RevenueFromContractWithCustomerExcludingAssessedTax,,,,,stored_missing,stored_missing,n/a,False,q4_row_not_in_store,q4_row_not_in_store
TRU,1552033,2015-12-31,0001552033-16-000079,2016-02-19,eps,1,eps 2015-03-31: 10-Q -0.06 -> 10-K -0.04,0.1,19200000.0,,EarningsPerShareDiluted,NetIncomeLoss,RevenueFromContractWithCustomerExcludingAssessedTax,,0.09,19200000.0,386100000.0,yes,yes,n/a,True,ok,ok
TRU,1552033,2021-12-31,0001552033-22-000008,2022-02-22,revenue,3,revenue 2021-03-31: 10-Q 7.453e+08 -> 10-K 6.989e+08; revenue 2021-06-30: 10-Q 7.742e+08 -> 10-K 7.282e+08; revenue 2021-09-30: 10-Q 7.916e+08 -> 10-K 7.434e+08,5.27,1017400000.0,789800000.0,EarningsPerShareDiluted,NetIncomeLoss,RevenueFromContractWithCustomerExcludingAssessedTax,,5.26,1017400000.0,789700000.0,yes,yes,yes,True,ok,ok
UE,1611547,2017-12-31,0001611547-18-000009,2018-02-14,eps,1,eps 2017-09-30: 10-Q 0 -> 10-K 0.15,-0.13,-14277000.0,97376000.0,EarningsPerShareDiluted,NetIncomeLoss,Revenues,,-0.1,-14277000.0,97376000.0,no,yes,yes,True,EPS_ONLY_small (<=0.03; rounding/dilution),EPS_ONLY_small (<=0.03; rounding/dilution)
UFCS,101199,2017-12-31,0000101199-18-000040,2018-02-28,revenue,2,revenue 2017-03-31: 10-Q 2.83059e+08 -> 10-K 2.51278e+08; revenue 2017-06-30: 10-Q 2.86979e+08 -> 10-K 2.58487e+08,,,273355000.0,EarningsPerShareDiluted,NetIncomeLoss,Revenues,,1.76,45993000.0,273355000.0,n/a,n/a,yes,True,ok,ok
UFPT,914156,2020-12-31,0001171843-21-001724,2021-03-12,eps,1,eps 2020-09-30: 10-Q 0.4 -> 10-K 0,0.55,,,EarningsPerShareDiluted,NetIncomeLoss,RevenueFromContractWithCustomerExcludingAssessedTax,,0.55,4172000.0,45153000.0,yes,n/a,n/a,True,ok,ok
UMBF,101382,2016-12-31,0001193125-17-053195,2017-02-23,net_income,1,net_income 2016-06-30: 10-Q 3.7297e+07 -> 10-K 3.7518e+07,0.87,42934000.0,,EarningsPerShareDiluted,NetIncomeLoss,,,0.87,42934000.0,247786000.0,yes,yes,n/a,True,ok,ok
UNF,717954,2018-08-25,0001284084-18-000061,2018-10-22,eps,2,eps 2018-02-24: 10-Q 2.85 -> 10-K 0.98; eps 2018-05-26: 10-Q 1.85 -> 10-K -0.25,,34952000.0,434063000.0,EarningsPerShareDiluted,NetIncomeLoss,Revenues,,1.81,34952000.0,434063000.0,n/a,yes,yes,True,ok,ok
UPBD,933036,2014-12-31,0000933036-15-000006,2015-03-02,"eps,net_income,revenue",7,revenue 2014-03-31: 10-Q 8.33746e+08 -> 10-K 8.28473e+08; revenue 2014-06-30: 10-Q 7.73217e+08 -> 10-K 7.68426e+08; revenue 2014-09-30: 10-Q 7.69525e+08 -> 10-K 7.64363e+08; net_income 2014-03-31: 10-Q 2.8857e+07 -> 10-K 2.7266e+07; net_income 2014-06-30: 10-Q 1.7533e+07 -> 10-K 1.7681e+07; net_income 2014-09-30: 10-Q 2.5306e+07 -> 10-K 2.5925e+07; eps 2014-03-31: 10-Q 0.54 -> 10-K 0.51,,,,EarningsPerShareDiluted,NetIncomeLoss,Revenues,,0.46,24726000.0,781308000.0,n/a,n/a,n/a,True,no_direct_fact,no_direct_fact
UTI,1261654,2014-09-30,0001261654-14-000047,2014-12-03,net_income,3,net_income 2013-12-31: 10-Q 1.66e+06 -> 10-K 1.707e+06; net_income 2014-03-31: 10-Q -1.505e+06 -> 10-K -1.62e+06; net_income 2014-06-30: 10-Q 370000 -> 10-K 366000,0.06,1584000.0,,EarningsPerShareDiluted,NetIncomeLoss,RevenueFromContractWithCustomerExcludingAssessedTax,,0.06,1584000.0,95346000.0,yes,yes,n/a,True,ok,ok
VAC,1524358,2016-12-30,0001524358-17-000004,2017-02-23,revenue,3,revenue 2016-03-25: 10-Q 4.25043e+08 -> 10-K 4.19171e+08; revenue 2016-06-17: 10-Q 4.29945e+08 -> 10-K 4.25414e+08; revenue 2016-09-09: 10-Q 4.06991e+08 -> 10-K 4.01911e+08,,,,EarningsPerShareDiluted,NetIncomeLoss,Revenues,,1.81,49824000.0,564739000.0,n/a,n/a,n/a,True,no_direct_fact,no_direct_fact
VAC,1524358,2018-12-31,0001524358-19-000008,2019-03-01,"eps,net_income",2,net_income 2018-09-30: 10-Q -5.8e+07 -> 10-K -3.6e+07; eps 2018-09-30: 10-Q -1.75 -> 10-K -1.08,0.91,44000000.0,1052000000.0,EarningsPerShareDiluted,NetIncomeLoss,Revenues,,0.9,44019000.0,1052000000.0,yes,yes,yes,True,ok,ok
VFC,103379,2016-12-31,0001628280-17-002027,2017-03-01,revenue,1,revenue 2016-04-02: 10-Q 2.8393e+09 -> 10-K 2.76494e+09,0.63,264333000.0,3320574000.0,EarningsPerShareDiluted,NetIncomeLoss,Revenues,,0.67,264333000.0,3320574000.0,no,yes,yes,True,"EPS_ONLY_large (NI agrees: share basis, or direct EPS is another line)","EPS_ONLY_large (NI agrees: share basis, or direct EPS is another line e.g. continuing ops)"
VFC,103379,2017-12-30,0000103379-18-000003,2018-02-28,revenue,3,revenue 2017-04-01: 10-Q 2.58168e+09 -> 10-K 2.50034e+09; revenue 2017-07-01: 10-Q 2.35958e+09 -> 10-K 2.26862e+09; revenue 2017-09-30: 10-Q 3.50882e+09 -> 10-K 3.39293e+09,-0.23,-90269000.0,3649283000.0,EarningsPerShareDiluted,NetIncomeLoss,Revenues,,-0.24,-90269000.0,3649283000.0,yes,yes,yes,True,ok,ok
VIAV,912093,2016-07-02,0000912093-16-000035,2016-08-30,net_income,3,net_income 2015-10-03: 10-Q -6.7e+07 -> 10-K -6.91e+07; net_income 2016-01-02: 10-Q 6.3e+06 -> 10-K 4e+06; net_income 2016-04-02: 10-Q 3.24e+07 -> 10-K 3.38e+07,-0.29,-67900000.0,,EarningsPerShareDiluted,NetIncomeLoss,RevenueFromContractWithCustomerExcludingAssessedTax,,-0.3,-67900000.0,224100000.0,yes,yes,n/a,True,ok,ok
VOYA,1535929,2015-12-31,0001535929-16-000059,2016-02-25,net_income,1,net_income 2015-03-31: 10-Q 1.855e+08 -> 10-K 1.896e+08,,-106800000.0,1996800000.0,EarningsPerShareDiluted,NetIncomeLoss,Revenues,,-0.5,-106800000.0,1996800000.0,n/a,yes,yes,True,ok,ok
VOYA,1535929,2017-12-31,0001535929-18-000006,2018-02-23,revenue,3,revenue 2017-03-31: 10-Q 2.2134e+09 -> 10-K 2.057e+09; revenue 2017-06-30: 10-Q 2.5888e+09 -> 10-K 2.191e+09; revenue 2017-09-30: 10-Q 2.5502e+09 -> 10-K 2.184e+09,-17.64,-3165000000.0,2186000000.0,EarningsPerShareDiluted,NetIncomeLoss,Revenues,,-18.12,-3164300000.0,2186000000.0,no,yes,yes,True,"EPS_ONLY_large (NI agrees: share basis, or direct EPS is another line)","EPS_ONLY_large (NI agrees: share basis, or direct EPS is another line e.g. continuing ops)"
VOYA,1535929,2019-12-31,0001535929-20-000012,2020-02-21,"net_income,revenue",4,revenue 2019-03-31: 10-Q 2.197e+09 -> 10-K 1.822e+09; revenue 2019-06-30: 10-Q 2.346e+09 -> 10-K 1.969e+09; revenue 2019-09-30: 10-Q 2.237e+09 -> 10-K 1.875e+09; net_income 2019-09-30: 10-Q 1.2e+08 -> 10-K 1.21e+08,-5.45,-772000000.0,1810000000.0,EarningsPerShareDiluted,NetIncomeLoss,Revenues,,-5.44,-772000000.0,1810000000.0,yes,yes,yes,True,ok,ok
VOYA,1535929,2020-12-31,0001535929-21-000025,2021-03-01,"eps,net_income",4,net_income 2020-03-31: 10-Q -8.4e+07 -> 10-K -8.6e+07; net_income 2020-06-30: 10-Q -6.7e+07 -> 10-K -6.2e+07; eps 2020-03-31: 10-Q -0.71 -> 10-K -0.73; eps 2020-06-30: 10-Q -0.55 -> 10-K -0.51,1.94,261000000.0,2224000000.0,EarningsPerShareDiluted,NetIncomeLoss,Revenues,,1.92,261000000.0,2230000000.0,no,yes,yes,True,EPS_ONLY_small (<=0.03; rounding/dilution),EPS_ONLY_small (<=0.03; rounding/dilution)
VRRM,1682745,2018-12-31,0001564590-19-008329,2019-03-18,net_income,3,net_income 2018-03-31: 10-Q 801904 -> 10-K -2.21578e+07; net_income 2018-06-30: 10-Q -1.54829e+06 -> 10-K -4.79502e+06; net_income 2018-09-30: 10-Q -692489 -> 10-K 6.51271e+06,,-37954403.0,,EarningsPerShareDiluted,NetIncomeLoss,Revenues,,-0.43,-37954403.0,95105412.0,n/a,yes,n/a,True,ok,ok
VVV,1674910,2016-09-30,0001674910-17-000042,2017-11-17,eps,2,eps 2015-12-31: 10-Q 0.32 -> 10-K 0.38; eps 2016-03-31: 10-Q 0.33 -> 10-K 0.4,0.38,65000000.0,494000000.0,EarningsPerShareDiluted,NetIncomeLoss,Revenues,,,,,stored_missing,stored_missing,stored_missing,False,q4_row_not_in_store,q4_row_not_in_store
VVX,1601548,2014-12-31,0001601548-15-000012,2015-03-16,net_income,1,net_income 2014-09-30: 10-Q 2e+06 -> 10-K 2.115e+06,0.31,3331000.0,,EarningsPerShareDiluted,NetIncomeLoss,RevenueFromContractWithCustomerExcludingAssessedTax,,0.29,3331000.0,,no,yes,n/a,True,EPS_ONLY_small (<=0.03; rounding/dilution),EPS_ONLY_small (<=0.03; rounding/dilution)
VYX,70866,2016-12-31,0000070866-17-000013,2017-02-24,net_income,3,net_income 2016-03-31: 10-Q 3.2e+07 -> 10-K 2.1e+07; net_income 2016-06-30: 10-Q 7.6e+07 -> 10-K 6.3e+07; net_income 2016-09-30: 10-Q 1.05e+08 -> 10-K 9.2e+07,0.35,45000000.0,1802000000.0,EarningsPerShareDiluted,NetIncomeLoss,Revenues,,0.35,57000000.0,1802000000.0,yes,no,yes,True,"NI_ONLY (EPS agrees: NI definition, e.g. preferred / NCI / OP units)",NI_and_EPS (or more) disagree: derivation/basis error candidate
VYX,70866,2017-12-31,0000070866-18-000010,2018-02-26,net_income,3,net_income 2017-03-31: 10-Q 5.7e+07 -> 10-K -1.7e+07; net_income 2017-06-30: 10-Q 1.02e+08 -> 10-K 9e+07; net_income 2017-09-30: 10-Q 1.18e+08 -> 10-K 1.06e+08,-0.46,-56000000.0,1782000000.0,EarningsPerShareDiluted,NetIncomeLoss,Revenues,,-0.46,-45000000.0,1782000000.0,yes,no,yes,True,"NI_ONLY (EPS agrees: NI definition, e.g. preferred / NCI / OP units)",NI_and_EPS (or more) disagree: derivation/basis error candidate
VYX,70866,2018-12-31,0000070866-19-000007,2019-02-28,net_income,3,net_income 2018-03-31: 10-Q 2e+07 -> 10-K 8e+06; net_income 2018-06-30: 10-Q -1.45e+08 -> 10-K -1.57e+08; net_income 2018-09-30: 10-Q 8.4e+07 -> 10-K 7.2e+07,-0.51,-60000000.0,1801000000.0,EarningsPerShareDiluted,NetIncomeLoss,Revenues,,-0.51,-47000000.0,1801000000.0,yes,no,yes,True,"NI_ONLY (EPS agrees: NI definition, e.g. preferred / NCI / OP units)",NI_and_EPS (or more) disagree: derivation/basis error candidate
VYX,70866,2019-12-31,0000070866-20-000007,2020-02-28,net_income,3,net_income 2019-03-31: 10-Q 3.7e+07 -> 10-K 2.4e+07; net_income 2019-06-30: 10-Q 8.8e+07 -> 10-K 7.6e+07; net_income 2019-09-30: 10-Q 9e+07 -> 10-K 1.1e+07,2.43,343000000.0,1886000000.0,EarningsPerShareDiluted,NetIncomeLoss,Revenues,,2.43,349000000.0,1886000000.0,yes,no,yes,True,"NI_ONLY (EPS agrees: NI definition, e.g. preferred / NCI / OP units)",NI_and_EPS (or more) disagree: derivation/basis error candidate
WAFD,936528,2020-09-30,0000936528-20-000045,2020-11-23,net_income,2,net_income 2019-12-31: 10-Q 6.5703e+07 -> 10-K 6.7866e+07; net_income 2020-03-31: 10-Q 3.795e+07 -> 10-K 3.6377e+07,0.45,34343000.0,,EarningsPerShareDiluted,NetIncomeLoss,RevenueFromContractWithCustomerExcludingAssessedTax,,0.45,34343000.0,125903000.0,yes,yes,n/a,True,ok,ok
WAL,1212545,2015-12-31,0001212545-16-000325,2016-02-16,"eps,net_income",4,net_income 2015-06-30: 10-Q 3.4719e+07 -> 10-K 3.9475e+07; net_income 2015-09-30: 10-Q 5.9134e+07 -> 10-K 5.586e+07; eps 2015-06-30: 10-Q 0.39 -> 10-K 0.44; eps 2015-09-30: 10-Q 0.58 -> 10-K 0.55,0.57,58526000.0,,EarningsPerShareDiluted,NetIncomeLoss,RevenueFromContractWithCustomerExcludingAssessedTax,,0.59,58719000.0,155543000.0,no,yes,n/a,True,EPS_ONLY_small (<=0.03; rounding/dilution),EPS_ONLY_small (<=0.03; rounding/dilution)
WD,1497770,2018-12-31,0001558370-19-001390,2019-03-01,eps,3,eps 2018-03-31: 10-Q 1.16 -> 10-K 1.14; eps 2018-06-30: 10-Q 1.28 -> 10-K 1.26; eps 2018-09-30: 10-Q 1.17 -> 10-K 1.15,1.41,45750000.0,214933000.0,EarningsPerShareDiluted,NetIncomeLoss,Revenues,,1.41,45750000.0,214933000.0,yes,yes,yes,True,ok,"EPS_ONLY_large (NI agrees: share basis, or direct EPS is another line e.g. continuing ops)"
WEN,30697,2016-01-03,0000030697-16-000011,2016-03-03,revenue,1,revenue 2015-03-29: 10-Q 4.66246e+08 -> 10-K 4.51769e+08,0.31,85856000.0,464365000.0,EarningsPerShareDiluted,NetIncomeLoss,Revenues,,0.31,85856000.0,464365000.0,yes,yes,yes,True,ok,ok
WEX,1309108,2015-12-31,0001309108-16-000146,2016-02-26,net_income,1,net_income 2015-09-30: 10-Q 4.1579e+07 -> 10-K 3.2166e+07,0.54,20901000.0,,EarningsPerShareDiluted,NetIncomeLoss,Revenues,,0.54,20901000.0,212642000.0,yes,yes,n/a,True,ok,ok
WEX,1309108,2018-12-31,0001309108-20-000024,2020-02-28,"eps,revenue",3,revenue 2018-09-30: 10-Q 3.8269e+08 -> 10-K 3.86617e+08; eps 2018-03-31: 10-Q 1.12 -> 10-K 1.2; eps 2018-06-30: 10-Q 0.9 -> 10-K 0.88,0.49,,381196000.0,EarningsPerShareDiluted,NetIncomeLoss,Revenues,,0.52,22738000.0,381118000.0,no,n/a,yes,True,NI_and_EPS (or more) disagree: derivation/basis error candidate,NI_and_EPS (or more) disagree: derivation/basis error candidate
WINA,908315,2017-12-30,0000908315-19-000008,2019-03-08,"eps,revenue",6,revenue 2017-04-01: 10-Q 1.76238e+07 -> 10-K 1.78109e+07; revenue 2017-07-01: 10-Q 1.67495e+07 -> 10-K 1.64297e+07; revenue 2017-09-30: 10-Q 1.75679e+07 -> 10-K 1.77309e+07; eps 2017-04-01: 10-Q 1.22 -> 10-K 1.25; eps 2017-07-01: 10-Q 1.29 -> 10-K 1.23; eps 2017-09-30: 10-Q 1.33 -> 10-K 1.36,1.86,7638400.0,17785800.0,EarningsPerShareDiluted,NetIncomeLoss,Revenues,,1.86,7656500.0,17804700.0,yes,yes,yes,True,ok,ok
WMS,1604028,2014-03-31,0001193125-16-521419,2016-03-29,"eps,net_income",6,net_income 2013-06-30: 10-Q 1.6296e+07 -> 10-K 1.2974e+07; net_income 2013-09-30: 10-Q 1.7322e+07 -> 10-K 1.474e+07; net_income 2013-12-31: 10-Q -1.0324e+07 -> 10-K -4.877e+06; eps 2013-06-30: 10-Q 0.27 -> 10-K 0.21; eps 2013-09-30: 10-Q 0.26 -> 10-K 0.21; eps 2013-12-31: 10-Q -0.32 -> 10-K -0.21,-0.41,-14210000.0,,EarningsPerShareDiluted,NetIncomeLoss,RevenueFromContractWithCustomerExcludingAssessedTax,,,,,stored_missing,stored_missing,n/a,False,q4_row_not_in_store,q4_row_not_in_store
WMS,1604028,2015-03-31,0001193125-16-521419,2016-03-29,"eps,net_income",6,net_income 2014-06-30: 10-Q 1.4241e+07 -> 10-K 8.566e+06; net_income 2014-09-30: 10-Q 2.239e+07 -> 10-K 1.6844e+07; net_income 2014-12-31: 10-Q -367000 -> 10-K -3.325e+06; eps 2014-06-30: 10-Q -0.09 -> 10-K -0.21; eps 2014-09-30: 10-Q 0.51 -> 10-K 0.41; eps 2014-12-31: 10-Q -0.01 -> 10-K -0.07,-0.26,-13465000.0,,EarningsPerShareDiluted,NetIncomeLoss,RevenueFromContractWithCustomerExcludingAssessedTax,,,,,stored_missing,stored_missing,n/a,False,q4_row_not_in_store,q4_row_not_in_store
WMS,1604028,2016-03-31,0001193125-16-711072,2016-09-15,"eps,net_income",4,net_income 2015-06-30: 10-Q 1.071e+07 -> 10-K 1.1824e+07; net_income 2015-09-30: 10-Q 1.0899e+07 -> 10-K 1.2589e+07; net_income 2015-12-31: 10-Q 7.976e+06 -> 10-K 8.632e+06; eps 2015-09-30: 10-Q 0.17 -> 10-K 0.2,-0.29,-15091000.0,,EarningsPerShareDiluted,NetIncomeLoss,RevenueFromContractWithCustomerExcludingAssessedTax,,-0.2,-12119000.0,,no,no,n/a,True,NI_and_EPS (or more) disagree: derivation/basis error candidate,NI_and_EPS (or more) disagree: derivation/basis error candidate
WOR,108516,2016-05-31,0001193125-16-666636,2016-08-01,net_income,3,net_income 2015-08-31: 10-Q 3.141e+07 -> 10-K 3.1968e+07; net_income 2015-11-30: 10-Q 2.3241e+07 -> 10-K 2.3376e+07; net_income 2016-02-29: 10-Q 2.9576e+07 -> 10-K 2.9847e+07,0.92,58523000.0,,EarningsPerShareDiluted,NetIncomeLoss,Revenues,,0.9,58524000.0,714671000.0,no,yes,n/a,True,EPS_ONLY_small (<=0.03; rounding/dilution),EPS_ONLY_small (<=0.03; rounding/dilution)
WPC,1025378,2014-12-31,0001025378-15-000010,2015-03-02,"eps,net_income",2,net_income 2014-03-31: 10-Q 1.12892e+08 -> 10-K 1.15478e+08; eps 2014-03-31: 10-Q 1.25 -> 10-K 1.27,0.3,32272000.0,248333000.0,EarningsPerShareDiluted,NetIncomeLoss,Revenues,,0.31,32272000.0,248332000.0,yes,yes,yes,True,ok,ok
WRLD,108385,2015-03-31,0000108385-15-000036,2015-06-02,"eps,revenue",4,revenue 2014-06-30: 10-Q 1.50312e+08 -> 10-K 1.45926e+08; revenue 2014-09-30: 10-Q 1.52555e+08 -> 10-K 1.48185e+08; revenue 2014-12-31: 10-Q 1.53647e+08 -> 10-K 1.48704e+08; eps 2014-06-30: 10-Q 2.19 -> 10-K 2.32,5.34,48515000.0,167398000.0,EarningsPerShareDiluted,NetIncomeLoss,Revenues,,5.7,48514783.0,167397876.0,no,yes,yes,True,"EPS_ONLY_large (NI agrees: share basis, or direct EPS is another line)","EPS_ONLY_large (NI agrees: share basis, or direct EPS is another line e.g. continuing ops)"
WRLD,108385,2020-03-31,0000108385-20-000014,2020-05-29,"eps,net_income",4,net_income 2019-09-30: 10-Q 4.22e+06 -> 10-K 2.513e+06; net_income 2019-12-31: 10-Q -5.82407e+06 -> 10-K -6.267e+06; eps 2019-09-30: 10-Q 0.51 -> 10-K 0.31; eps 2019-12-31: 10-Q -0.81 -> 10-K -0.87,3.18,23303000.0,163018000.0,EarningsPerShareDiluted,NetIncomeLoss,Revenues,,3.18,21153146.0,162934708.0,yes,no,yes,True,"NI_ONLY (EPS agrees: NI definition, e.g. preferred / NCI / OP units)",NI_and_EPS (or more) disagree: derivation/basis error candidate
WSC,1647088,2017-12-31,0001647088-18-000006,2018-03-16,"net_income,revenue",6,revenue 2017-03-31: 10-Q 0 -> 10-K 9.9321e+07; revenue 2017-06-30: 10-Q 0 -> 10-K 1.10077e+08; revenue 2017-09-30: 10-Q 0 -> 10-K 1.16162e+08; net_income 2017-03-31: 10-Q 194728 -> 10-K -1.0179e+07; net_income 2017-06-30: 10-Q -75467 -> 10-K -5.896e+06; net_income 2017-09-30: 10-Q 116321 -> 10-K -8.357e+06,,-123270000.0,120382000.0,EarningsPerShareDiluted,NetIncomeLoss,Revenues,,-6.24,-123270000.0,120382000.0,n/a,yes,yes,True,ok,ok
WSC,1647088,2019-12-31,0001647088-20-000010,2020-03-02,"net_income,revenue",6,revenue 2019-03-31: 10-Q 2.55008e+08 -> 10-K 2.53685e+08; revenue 2019-06-30: 10-Q 2.66125e+08 -> 10-K 2.63713e+08; revenue 2019-09-30: 10-Q 2.7234e+08 -> 10-K 2.68222e+08; net_income 2019-03-31: 10-Q -1.0301e+07 -> 10-K -9.271e+06; net_income 2019-06-30: 10-Q -1.0913e+07 -> 10-K -1.0606e+07; net_income 2019-09-30: 10-Q 489000 -> 10-K 701000,0.07,8054000.0,278045000.0,EarningsPerShareDiluted,NetIncomeLoss,Revenues,,0.08,8054000.0,278045000.0,yes,yes,yes,True,ok,ok
WSC,1647088,2021-12-31,0001647088-23-000014,2023-02-22,revenue,3,revenue 2021-03-31: 10-Q 4.25323e+08 -> 10-K 3.73971e+08; revenue 2021-06-30: 10-Q 4.61102e+08 -> 10-K 4.05177e+08; revenue 2021-09-30: 10-Q 4.90552e+08 -> 10-K 4.32947e+08,0.32,74223000.0,460885000.0,EarningsPerShareDiluted,NetIncomeLoss,Revenues,,0.33,74223000.0,517920000.0,yes,yes,no,True,REVENUE_ONLY (concept/basis),REVENUE_ONLY (concept/basis)
WWD,108312,2016-09-30,0000108312-16-000038,2016-11-16,net_income,1,net_income 2015-12-31: 10-Q 2.5611e+07 -> 10-K 2.582e+07,0.99,63147000.0,,EarningsPerShareDiluted,NetIncomeLoss,RevenueFromContractWithCustomerExcludingAssessedTax,,0.99,63147000.0,590922000.0,yes,yes,n/a,True,ok,ok
XPO,1166003,2014-12-31,0001628280-15-000923,2015-02-23,net_income,2,net_income 2014-03-31: 10-Q -2.8135e+07 -> 10-K -2.83e+07; net_income 2014-09-30: 10-Q -1.1699e+07 -> 10-K -1.16e+07,-0.77,-9900000.0,830700000.0,EarningsPerShareDiluted,NetIncomeLoss,Revenues,,-0.78,-9938000.0,830718000.0,yes,yes,yes,True,ok,ok
XPO,1166003,2015-12-31,0001628280-16-011979,2016-02-29,net_income,2,net_income 2015-06-30: 10-Q -7.44e+07 -> 10-K -7.88e+07; net_income 2015-09-30: 10-Q -4.04e+07 -> 10-K -3.5e+07,-0.58,-63100000.0,3342300000.0,EarningsPerShareDiluted,NetIncomeLoss,Revenues,,-0.57,-62600000.0,3342200000.0,yes,no,yes,True,"NI_ONLY (EPS agrees: NI definition, e.g. preferred / NCI / OP units)","NI_ONLY (EPS agrees: NI definition, e.g. preferred / NCI / OP units)"
XPO,1166003,2016-12-31,0001628280-17-001912,2017-02-28,net_income,3,net_income 2016-03-31: 10-Q -2.25e+07 -> 10-K -1.93e+07; net_income 2016-06-30: 10-Q 4.66e+07 -> 10-K 5.04e+07; net_income 2016-09-30: 10-Q 1.51e+07 -> 10-K 2.13e+07,0.22,32100000.0,3676600000.0,EarningsPerShareDiluted,NetIncomeLoss,Revenues,,0.21,29800000.0,3676600000.0,yes,no,yes,True,"NI_ONLY (EPS agrees: NI definition, e.g. preferred / NCI / OP units)","NI_ONLY (EPS agrees: NI definition, e.g. preferred / NCI / OP units)"
ZD,1084048,2021-12-31,0001084048-22-000015,2022-03-15,revenue,3,revenue 2021-03-31: 10-Q 3.98185e+08 -> 10-K 3.11656e+08; revenue 2021-06-30: 10-Q 4.29044e+08 -> 10-K 3.41293e+08; revenue 2021-09-30: 10-Q 4.44252e+08 -> 10-K 3.55145e+08,7.43,360506000.0,408628000.0,EarningsPerShareDiluted,NetIncomeLoss,Revenues,,7.42,360505000.0,408628000.0,yes,yes,yes,True,ok,ok
