ticker,quarter_end_date,q4_eps,sum_4q,fy_eps,gap,flag
AA,2017-12-31,-1.04,1.17,1.16,0.01,False
AA,2018-12-31,0.22,1.19,1.2,0.01,False
AA,2019-12-31,-1.66,-6.09,-6.07,0.02,False
AA,2020-12-31,-0.02,-0.91,-0.91,0.0,False
AA,2021-12-31,-2.06,2.26,2.26,0.0,False
AA,2022-12-31,-2.31,-1.04,-0.68,0.36,True
AA,2023-12-31,-0.84,-3.65,-3.65,0.0,False
AA,2024-12-31,0.77,-0.15,0.26,0.41,True
AA,2025-12-31,0.81,4.38,4.37,0.01,False
AAL,2014-12-31,0.82,3.92,3.93,0.01,False
AAL,2015-12-31,5.09,11.29,11.07,0.22,False
AAL,2016-12-31,0.56,4.78,4.81,0.03,False
AAL,2017-12-31,0.54,3.91,3.9,0.01,False
AAL,2018-12-31,0.7,3.05,3.03,0.02,False
AAL,2019-12-31,0.95,3.81,3.79,0.02,False
AAL,2020-12-31,-3.81,-18.6,-18.36,0.24,False
AAL,2021-12-31,-1.65,-3.34,-3.09,0.25,True
AAL,2022-12-31,1.5,0.35,0.19,0.16,True
AAL,2023-12-31,0.04,1.11,1.21,0.1,True
AAL,2024-12-31,0.75,1.05,1.24,0.19,True
AAL,2025-12-31,0.15,0.17,0.17,0.0,False
AAMI,2019-12-31,0.79,2.48,2.45,0.03,False
AAMI,2020-12-31,2.42,3.49,3.49,0.0,False
AAMI,2021-12-31,0.53,10.04,10.29,0.25,False
AAMI,2022-12-31,0.72,2.34,2.33,0.01,False
AAMI,2023-12-31,0.54,1.55,1.55,0.0,False
AAMI,2024-12-31,1.13,2.24,2.22,0.02,False
AAMI,2025-12-31,0.97,2.21,2.21,0.0,False
AAON,2015-12-31,0.24,0.83,0.84,0.01,False
AAON,2016-12-31,0.21,0.97,1.0,0.03,False
AAON,2017-12-31,0.3,1.03,1.03,0.0,False
AAON,2018-12-31,0.24,0.81,0.81,0.0,False
AAON,2019-12-31,0.33,1.01,1.02,0.01,False
AAON,2020-12-31,0.35,1.48,1.49,0.01,False
AAON,2021-12-31,0.11,1.08,1.09,0.01,False
AAON,2022-12-31,0.71,1.85,1.86,0.01,False
AAON,2024-12-31,0.3,2.01,2.02,0.01,False
AAON,2025-12-31,0.39,1.3,1.29,0.01,False
AAP,2015-01-03,1.15,6.71,6.71,0.0,False
AAP,2016-01-02,0.74,6.4,6.4,0.0,False
AAP,2016-12-31,0.84,6.19,6.2,0.01,False
AAP,2017-12-30,2.49,6.42,6.42,0.0,False
AAP,2018-12-29,0.73,5.72,5.73,0.01,False
AAP,2019-12-28,1.37,6.83,6.84,0.01,False
AAP,2021-01-02,1.65,7.15,7.14,0.01,False
AAP,2022-01-01,1.29,9.52,9.55,0.03,False
AAP,2022-12-31,1.78,8.26,8.27,0.01,False
AAP,2023-12-30,-1.01,0.08,0.5,0.42,True
AAP,2024-12-28,-6.92,-5.6,-5.61,0.01,False
AAP,2026-01-03,0.1,0.73,0.73,0.0,False
AAPL,2015-09-26,1.96,9.2,9.22,0.02,False
AAPL,2016-09-24,1.67,8.27,8.31,0.04,False
AAPL,2017-09-30,2.07,9.2,9.21,0.01,False
AAPL,2018-09-29,2.91,11.87,11.91,0.04,False
AAPL,2019-09-28,3.03,11.85,11.89,0.04,False
AAPL,2021-09-25,1.24,5.62,5.61,0.01,False
AAPL,2022-09-24,1.29,6.11,6.11,0.0,False
AAPL,2023-09-30,1.46,6.12,6.13,0.01,False
AAPL,2024-09-28,0.97,6.08,6.08,0.0,False
AAPL,2025-09-27,1.85,7.47,7.46,0.01,False
AAT,2014-12-31,0.16,0.51,0.51,0.0,False
AAT,2015-12-31,0.18,0.86,0.86,0.0,False
AAT,2016-12-31,0.19,0.72,0.72,0.0,False
AAT,2017-12-31,0.15,0.62,0.62,0.0,False
AAT,2018-12-31,0.11,0.39,0.42,0.03,False
AAT,2019-12-31,0.21,0.85,0.84,0.01,False
AAT,2020-12-31,0.05,0.46,0.46,0.0,False
AAT,2021-12-31,0.14,0.48,0.47,0.01,False
AAT,2022-12-31,0.16,0.73,0.72,0.01,False
AAT,2023-12-31,0.17,0.84,0.84,0.0,False
AAT,2024-12-31,0.15,0.95,0.94,0.01,False
AAT,2025-12-31,0.05,0.91,0.92,0.01,False
ABCB,2014-12-31,0.4,1.47,1.46,0.01,False
ABCB,2015-12-31,0.43,1.27,1.27,0.0,False
ABCB,2016-12-31,0.51,2.06,2.08,0.02,False
ABCB,2017-12-31,0.24,1.99,1.98,0.01,False
ABCB,2018-12-31,0.92,2.73,2.8,0.07,False
ABCB,2019-12-31,0.87,2.84,2.75,0.09,False
ABCB,2020-12-31,1.36,3.78,3.77,0.01,False
ABCB,2021-12-31,1.17,5.4,5.4,0.0,False
ABCB,2022-12-31,1.19,5.0,4.99,0.01,False
ABCB,2023-12-31,0.95,3.89,3.89,0.0,False
ABCB,2024-12-31,1.36,5.2,5.19,0.01,False
ABCB,2025-12-31,1.59,6.0,6.0,0.0,False
ABG,2014-12-31,0.4,3.68,3.71,0.03,False
ABG,2015-12-31,1.66,6.44,6.41,0.03,False
ABG,2016-12-31,3.09,7.48,7.4,0.08,False
ABG,2017-12-31,2.01,6.62,6.62,0.0,False
ABG,2018-12-31,2.06,8.28,8.28,0.0,False
ABG,2019-12-31,2.27,9.55,9.55,0.0,False
ABG,2020-12-31,4.64,13.18,13.18,0.0,False
ABG,2021-12-31,6.39,26.51,26.49,0.02,False
ABG,2022-12-31,15.84,44.52,44.61,0.09,False
ABG,2023-12-31,2.69,28.59,28.74,0.15,False
ABG,2024-12-31,6.57,21.54,21.5,0.04,False
ABG,2025-12-31,3.09,25.08,25.13,0.05,False
ABM,2014-10-31,0.49,1.33,1.32,0.01,False
ABM,2015-10-31,0.68,1.34,1.33,0.01,False
ABM,2016-10-31,0.14,1.01,1.01,0.0,False
ABM,2017-10-31,-0.06,0.07,0.07,0.0,False
ABM,2018-10-31,0.15,1.48,1.47,0.01,False
ABM,2019-10-31,0.72,1.91,1.9,0.01,False
ABM,2020-10-31,0.78,-0.02,0.0,0.02,False
ABM,2021-10-31,0.5,1.86,1.86,0.0,False
ABM,2022-10-31,0.73,3.41,3.41,0.0,False
ABM,2023-10-31,0.96,3.79,3.79,0.0,False
ABM,2024-10-31,-0.18,1.28,1.28,0.0,False
ABM,2025-10-31,0.56,2.59,2.59,0.0,False
ABR,2014-12-31,0.1,1.71,1.7,0.01,False
ABR,2015-12-31,0.1,0.91,0.9,0.01,False
ABR,2016-12-31,0.4,0.83,0.83,0.0,False
ABR,2017-12-31,0.35,1.12,1.12,0.0,False
ABR,2018-12-31,0.46,1.49,1.5,0.01,False
ABR,2019-12-31,0.34,1.26,1.27,0.01,False
ABR,2020-12-31,0.8,1.38,1.41,0.03,False
ABR,2021-12-31,0.87,2.44,2.28,0.16,True
ABR,2022-12-31,0.51,1.68,1.67,0.01,False
ABR,2023-12-31,0.49,1.77,1.75,0.02,False
ABR,2024-12-31,0.32,1.19,1.18,0.01,False
ABR,2025-12-31,0.07,0.55,0.56,0.01,False
ACA,2018-12-31,0.57,1.55,1.54,0.01,False
ACA,2019-12-31,0.43,2.31,2.32,0.01,False
ACA,2020-12-31,0.21,2.18,2.18,0.0,False
ACA,2021-12-31,0.19,1.43,1.42,0.01,False
ACA,2022-12-31,3.2,5.06,5.05,0.01,False
ACA,2023-12-31,0.56,3.26,3.26,0.0,False
ACA,2024-12-31,-0.16,1.91,1.91,0.0,False
ACA,2025-12-31,1.07,4.25,4.24,0.01,False
ACAD,2020-12-31,-0.42,-1.8,-1.79,0.01,False
ACAD,2021-12-31,-0.27,-1.05,-1.05,0.0,False
ACAD,2022-12-31,-0.26,-1.34,-1.34,0.0,False
ACAD,2023-12-31,0.28,-0.38,-0.37,0.01,False
ACAD,2024-12-31,0.86,1.36,1.36,0.0,False
ACAD,2025-12-31,1.58,2.27,2.3,0.03,False
ACHC,2014-12-31,0.37,1.49,1.5,0.01,False
ACHC,2015-12-31,0.49,1.63,1.64,0.01,False
ACHC,2016-12-31,0.48,0.08,0.07,0.01,False
ACHC,2017-12-31,0.8,2.29,2.3,0.01,False
ACHC,2018-12-31,-3.82,-2.04,-2.01,0.03,False
ACHC,2019-12-31,-0.13,1.24,1.24,0.0,False
ACHC,2020-12-31,-8.81,-7.55,-7.59,0.04,False
ACHC,2021-12-31,0.77,2.1,2.1,0.0,False
ACHC,2022-12-31,0.66,2.99,2.98,0.01,False
ACHC,2023-12-31,0.64,-0.24,-0.24,0.0,False
ACHC,2024-12-31,0.35,2.77,2.78,0.01,False
ACHC,2025-12-31,-13.12,-12.3,-12.16,0.14,False
ACI,2020-02-29,0.12,0.8,1.67,0.87,True
ACI,2021-02-27,-0.37,1.32,1.47,0.15,True
ACI,2022-02-26,2.0,4.04,2.7,1.34,True
ACI,2023-02-25,0.67,2.3,2.27,0.03,False
ACI,2024-02-24,0.43,2.23,2.23,0.0,False
ACI,2025-02-22,0.29,1.64,1.64,0.0,False
ACI,2026-02-28,-0.93,0.33,0.4,0.07,True
ACIW,2015-12-31,0.36,0.71,0.72,0.01,False
ACIW,2016-12-31,0.54,1.06,1.09,0.03,False
ACIW,2017-12-31,0.27,0.04,0.04,0.0,False
ACIW,2018-12-31,0.72,0.55,0.59,0.04,False
ACIW,2019-12-31,0.46,0.56,0.57,0.01,False
ACIW,2020-12-31,0.55,0.59,0.62,0.03,False
ACIW,2021-12-31,0.92,1.07,1.08,0.01,False
ACIW,2022-12-31,0.81,1.26,1.24,0.02,False
ACIW,2023-12-31,1.12,1.11,1.12,0.01,False
ACIW,2024-12-31,0.92,1.91,1.91,0.0,False
ACIW,2025-12-31,0.62,2.17,2.16,0.01,False
ACLS,2014-12-31,0.0,-0.1,-0.1,0.0,False
ACLS,2015-12-31,0.01,0.13,0.12,0.01,False
ACLS,2017-12-31,2.63,3.69,3.8,0.11,False
ACLS,2018-12-31,0.25,1.35,1.35,0.0,False
ACLS,2019-12-31,0.29,0.51,0.5,0.01,False
ACLS,2020-12-31,0.43,1.47,1.46,0.01,False
ACLS,2021-12-31,1.05,2.89,2.88,0.01,False
ACLS,2022-12-31,1.71,5.46,5.46,0.0,False
ACLS,2023-12-31,2.15,7.43,7.43,0.0,False
ACLS,2024-12-31,1.54,6.15,6.15,0.0,False
ACLS,2025-12-31,1.11,3.8,3.8,0.0,False
ACM,2015-09-30,0.01,-1.08,-1.04,0.04,False
ACM,2016-09-30,0.05,0.62,0.62,0.0,False
ACM,2017-09-30,0.55,2.14,2.13,0.01,False
ACM,2018-09-30,0.51,0.82,0.84,0.02,False
ACM,2019-09-30,-3.15,-1.82,-1.66,0.16,True
ACM,2020-09-30,-1.42,-1.16,-1.16,0.0,False
ACM,2021-09-30,0.66,1.17,1.16,0.01,False
ACM,2022-09-30,0.75,2.19,2.18,0.01,False
ACM,2023-09-30,0.18,0.39,0.39,0.0,False
ACM,2024-09-30,1.28,2.96,2.95,0.01,False
ACM,2025-09-30,0.9,4.21,4.21,0.0,False
ACMR,2017-12-31,0.28,-0.45,-0.05,0.4,True
ACMR,2018-12-31,0.11,0.32,0.37,0.05,False
ACMR,2019-12-31,0.19,0.97,0.99,0.02,False
ACMR,2020-12-31,0.34,0.82,0.89,0.07,True
ACMR,2021-12-31,0.73,1.74,1.73,0.01,False
ACMR,2023-12-31,0.27,1.18,1.16,0.02,False
ACMR,2024-12-31,0.47,1.53,1.53,0.0,False
ACMR,2025-12-31,0.11,1.37,1.37,0.0,False
ACT,2021-12-31,0.94,3.35,3.36,0.01,False
ACT,2022-12-31,0.88,4.31,4.31,0.0,False
ACT,2023-12-31,0.98,4.12,4.11,0.01,False
ACT,2024-12-31,1.05,4.37,4.37,0.0,False
ACT,2025-12-31,1.22,4.51,4.52,0.01,False
ADAM,2014-12-31,0.42,1.47,1.48,0.01,False
ADAM,2015-12-31,0.01,0.62,0.62,0.0,False
ADAM,2016-12-31,0.09,0.5,0.5,0.0,False
ADAM,2017-12-31,0.18,0.63,0.66,0.03,False
ADAM,2018-12-31,0.04,0.64,0.61,0.03,False
ADAM,2019-12-31,0.18,0.62,0.64,0.02,False
ADAM,2020-12-31,0.21,-0.99,-0.89,0.1,True
ADAM,2021-12-31,0.06,0.38,0.38,0.0,False
ADAM,2022-12-31,-0.13,-0.9,-0.9,0.0,False
ADAM,2024-12-31,-0.46,-1.14,-1.14,0.0,False
ADAM,2025-12-31,0.45,1.1,1.1,0.0,False
ADC,2014-12-31,0.36,1.24,1.24,0.0,False
ADC,2015-12-31,0.41,2.17,2.16,0.01,False
ADC,2016-12-31,0.5,1.95,1.97,0.02,False
ADC,2017-12-31,0.56,2.1,2.08,0.02,False
ADC,2018-12-31,0.37,1.79,1.78,0.01,False
ADC,2019-12-31,0.52,1.93,1.93,0.0,False
ADC,2020-12-31,0.42,1.74,1.74,0.0,False
ADC,2021-12-31,0.44,1.78,1.78,0.0,False
ADC,2022-12-31,0.44,1.83,1.83,0.0,False
ADC,2023-12-31,0.44,1.71,1.7,0.01,False
ADC,2024-12-31,0.41,1.78,1.78,0.0,False
ADC,2025-12-31,0.47,1.77,1.77,0.0,False
ADEA,2020-12-31,1.66,1.44,1.75,0.31,True
ADEA,2021-12-31,-0.14,-0.53,-0.53,0.0,False
ADEA,2022-12-31,0.65,-2.83,-2.75,0.08,False
ADEA,2023-12-31,0.11,0.59,0.6,0.01,False
ADEA,2024-12-31,0.32,0.57,0.57,0.0,False
ADEA,2025-12-31,0.65,0.98,0.99,0.01,False
ADM,2014-12-31,1.08,3.43,3.43,0.0,False
ADM,2015-12-31,1.19,2.99,2.98,0.01,False
ADM,2016-12-31,0.73,2.18,2.16,0.02,False
ADM,2017-12-31,1.39,2.8,2.79,0.01,False
ADM,2018-12-31,0.55,3.19,3.19,0.0,False
ADM,2019-12-31,0.89,2.44,2.44,0.0,False
ADM,2020-12-31,1.22,3.15,3.15,0.0,False
ADM,2021-12-31,1.38,4.79,4.79,0.0,False
ADM,2022-12-31,1.84,7.71,7.71,0.0,False
ADM,2023-12-31,1.06,6.4,6.43,0.03,False
ADM,2024-12-31,1.18,3.62,3.65,0.03,False
ADM,2025-12-31,0.94,2.22,2.23,0.01,False
ADMA,2020-12-31,-0.2,-0.88,-0.88,0.0,False
ADMA,2021-12-31,-0.09,-0.53,-0.51,0.02,False
ADMA,2022-12-31,-0.06,-0.34,-0.33,0.01,False
ADMA,2023-12-31,-0.08,-0.13,-0.13,0.0,False
ADMA,2024-12-31,0.45,0.81,0.81,0.0,False
ADMA,2025-12-31,0.2,0.6,0.6,0.0,False
ADNT,2017-09-30,3.54,9.34,9.34,0.0,False
ADNT,2018-09-30,-14.59,-18.13,-18.06,0.07,False
ADNT,2019-09-30,-0.04,-5.24,-5.25,0.01,False
ADNT,2020-09-30,-0.38,-5.82,-5.83,0.01,False
ADNT,2021-09-30,9.82,11.37,11.58,0.21,False
ADNT,2022-09-30,0.47,-1.27,-1.27,0.0,False
ADNT,2023-09-30,1.41,2.15,2.15,0.0,False
ADNT,2024-09-30,0.9,0.22,0.2,0.02,False
ADNT,2025-09-30,0.23,-3.33,-3.39,0.06,False
ADT,2018-12-31,-0.2,-0.82,-0.81,0.01,False
ADT,2019-12-31,-0.1,-0.58,-0.57,0.01,False
ADUS,2014-12-31,0.35,1.1,1.1,0.0,False
ADUS,2015-12-31,0.3,1.04,1.04,0.0,False
ADUS,2016-12-31,0.66,1.05,1.06,0.01,False
ADUS,2017-12-31,0.28,1.17,1.17,0.0,False
ADUS,2018-12-31,0.35,1.41,1.41,0.0,False
ADUS,2019-12-31,0.67,1.72,1.77,0.05,False
ADUS,2020-12-31,0.53,2.07,2.08,0.01,False
ADUS,2021-12-31,0.81,2.8,2.81,0.01,False
ADUS,2022-12-31,0.9,2.84,2.84,0.0,False
ADUS,2023-12-31,1.2,3.84,3.83,0.01,False
ADUS,2024-12-31,1.06,4.23,4.23,0.0,False
ADUS,2025-12-31,1.61,5.21,5.22,0.01,False
AEIS,2014-12-31,0.23,1.14,1.14,0.0,False
AEIS,2015-12-31,0.89,-3.87,-3.89,0.02,False
AEIS,2016-12-31,1.1,3.18,3.18,0.0,False
AEIS,2018-12-31,0.5,3.72,3.74,0.02,False
AEIS,2019-12-31,0.27,1.69,1.69,0.0,False
AEIS,2020-12-31,1.08,3.5,3.5,0.0,False
AEIS,2021-12-31,1.05,3.52,3.51,0.01,False
AEIS,2022-12-31,1.16,5.29,5.29,0.0,False
AEIS,2023-12-31,1.0,3.4,3.4,0.0,False
AEIS,2024-12-31,1.27,1.41,1.43,0.02,False
AEIS,2025-12-31,1.31,3.83,3.84,0.01,False
AEO,2015-01-31,0.31,0.41,0.42,0.01,False
AEO,2016-01-30,0.42,1.12,1.11,0.01,False
AEO,2017-01-28,0.3,1.16,1.16,0.0,False
AEO,2018-02-03,0.52,1.14,1.13,0.01,False
AEO,2019-02-02,0.43,1.47,1.47,0.0,False
AEO,2020-02-01,0.03,1.12,1.12,0.0,False
AEO,2021-01-30,0.02,-1.28,-1.26,0.02,False
AEO,2022-01-29,0.25,2.03,2.03,0.0,False
AEO,2023-01-28,0.24,0.58,0.64,0.06,True
AEO,2024-02-03,0.03,0.86,0.86,0.0,False
AEO,2025-02-01,0.55,1.69,1.68,0.01,False
AEO,2026-01-31,0.49,1.11,1.09,0.02,False
AES,2014-12-31,0.29,1.06,1.06,0.0,False
AES,2015-12-31,-0.13,0.43,0.44,0.01,False
AES,2016-12-31,-1.43,-1.71,-1.71,0.0,False
AES,2017-12-31,-2.05,-1.7,-1.76,0.06,False
AES,2018-12-31,0.19,1.81,1.81,0.0,False
AES,2019-12-31,-0.12,0.45,0.45,0.0,False
AES,2020-12-31,0.47,0.07,0.07,0.0,False
AES,2021-12-31,-1.02,-0.72,-0.61,0.11,True
AES,2022-12-31,-1.35,-0.87,-0.82,0.05,True
AES,2023-12-31,-0.12,0.35,0.35,0.0,False
AES,2024-12-31,0.78,2.48,2.36,0.12,True
AES,2025-12-31,0.45,1.26,1.26,0.0,False
AESI,2023-12-31,0.32,1.53,1.48,0.05,False
AESI,2024-12-31,0.13,0.56,0.55,0.01,False
AESI,2025-12-31,-0.18,-0.4,-0.41,0.01,False
AFG,2014-12-31,1.41,4.97,4.97,0.0,False
AFG,2015-12-31,1.44,3.93,3.94,0.01,False
AFG,2016-12-31,4.35,7.34,7.33,0.01,False
AFG,2017-12-31,1.84,5.3,5.28,0.02,False
AFG,2018-12-31,-0.32,5.85,5.85,0.0,False
AFG,2019-12-31,2.31,9.87,9.85,0.02,False
AFG,2020-12-31,7.86,8.35,8.2,0.15,False
AFG,2021-12-31,4.18,23.28,23.3,0.02,False
AFG,2022-12-31,3.24,10.53,10.53,0.0,False
AFG,2023-12-31,3.13,10.05,10.05,0.0,False
AFG,2024-12-31,3.04,10.58,10.57,0.01,False
AFG,2025-12-31,3.59,10.08,10.08,0.0,False
AGCO,2014-12-31,0.85,4.34,4.36,0.02,False
AGCO,2015-12-31,0.73,3.06,3.06,0.0,False
AGCO,2016-12-31,0.77,1.97,1.96,0.01,False
AGCO,2017-12-31,0.55,2.32,2.32,0.0,False
AGCO,2018-12-31,1.26,3.59,3.58,0.01,False
AGCO,2019-12-31,-1.15,1.61,1.63,0.02,False
AGCO,2020-12-31,1.78,5.65,5.65,0.0,False
AGCO,2021-12-31,3.74,11.86,11.85,0.01,False
AGCO,2022-12-31,4.3,11.88,11.87,0.01,False
AGCO,2023-12-31,4.54,15.64,15.63,0.01,False
AGCO,2024-12-31,-3.42,-5.69,-5.69,0.0,False
AGCO,2025-12-31,1.29,9.74,9.75,0.01,False
AGNT,2014-12-31,0.0,0.0,0.0,0.0,False
AGNT,2015-12-31,-0.02,-0.09,-0.09,0.0,False
AGNT,2016-12-31,-0.09,-0.51,-0.51,0.0,False
AGNT,2017-12-31,-0.25,-0.45,-0.42,0.03,False
AGNT,2018-12-31,-0.09,-0.39,-0.39,0.0,False
AGNT,2019-12-31,0.01,-0.16,-0.15,0.01,False
AGNT,2020-12-31,0.05,0.21,0.21,0.0,False
AGNT,2022-12-31,-0.05,0.1,0.1,0.0,False
AGNT,2023-12-31,-0.15,-0.07,-0.06,0.01,False
AGNT,2024-12-31,-0.06,-0.14,-0.14,0.0,False
AGNT,2025-12-31,-0.08,-0.14,-0.14,0.0,False
AGO,2014-12-31,3.28,6.49,6.26,0.23,False
AGO,2015-12-31,3.03,7.15,7.08,0.07,False
AGO,2016-12-31,1.49,6.61,6.56,0.05,False
AGO,2017-12-31,0.44,5.89,5.96,0.07,False
AGO,2018-12-31,0.83,4.65,4.68,0.03,False
AGO,2019-12-31,1.42,4.03,4.0,0.03,False
AGO,2020-12-31,1.81,4.34,4.19,0.15,False
AGO,2021-12-31,3.75,5.4,5.23,0.17,False
AGO,2022-12-31,1.51,1.93,1.92,0.01,False
AGO,2023-12-31,6.4,12.4,12.3,0.1,False
AGO,2024-12-31,0.35,6.82,6.87,0.05,False
AGO,2025-12-31,2.51,10.21,10.26,0.05,False
AGX,2015-01-31,0.4,2.06,2.05,0.01,False
AGX,2016-01-31,0.44,2.41,2.42,0.01,False
AGX,2017-01-31,1.23,4.49,4.5,0.01,False
AGX,2018-01-31,0.45,4.57,4.56,0.01,False
AGX,2019-01-31,-0.14,3.32,3.32,0.0,False
AGX,2020-01-31,-0.46,-2.74,-2.73,0.01,False
AGX,2021-01-31,0.6,1.51,1.51,0.0,False
AGX,2022-01-31,0.14,2.4,2.4,0.0,False
AGX,2023-01-31,1.0,2.36,2.33,0.03,False
AGX,2024-01-31,0.89,2.39,2.39,0.0,False
AGX,2025-01-31,2.22,6.11,6.15,0.04,False
AGX,2026-01-31,3.47,9.74,9.74,0.0,False
AGYS,2021-03-31,-1.07,-1.03,-1.01,0.02,False
AGYS,2022-03-31,0.06,0.18,0.18,0.0,False
AGYS,2023-03-31,0.14,0.49,0.49,0.0,False
AGYS,2024-03-31,0.11,3.16,3.17,0.01,False
AGYS,2025-03-31,0.14,0.83,0.82,0.01,False
AGYS,2026-03-31,0.43,1.36,1.37,0.01,False
AHCO,2020-12-31,-2.6,-4.23,-3.08,1.15,True
AHCO,2021-12-31,0.38,0.62,0.67,0.05,True
AHCO,2022-12-31,-0.02,0.26,0.33,0.07,True
AHCO,2023-12-31,-1.97,-5.37,-5.31,0.06,False
AHCO,2024-12-31,0.34,0.6,0.61,0.01,False
AHCO,2025-12-31,-0.76,-0.55,-0.52,0.03,False
AHR,2019-12-31,0.02,-0.23,-0.03,0.2,True
AHR,2020-12-31,-0.05,-0.22,0.01,0.23,True
AHR,2021-12-31,-0.17,-0.34,-0.24,0.1,True
AHR,2023-12-31,-0.42,-1.09,-1.08,0.01,False
AHR,2024-12-31,-0.21,-0.27,-0.29,0.02,False
AHR,2025-12-31,0.06,0.41,0.42,0.01,False
AIN,2014-12-31,0.25,1.3,1.3,0.0,False
AIN,2015-12-31,1.16,1.77,1.79,0.02,False
AIN,2016-12-31,0.49,1.64,1.64,0.0,False
AIN,2017-12-31,0.18,1.02,1.03,0.01,False
AIN,2018-12-31,0.54,2.59,2.57,0.02,False
AIN,2019-12-31,0.9,4.09,4.1,0.01,False
AIN,2020-12-31,0.85,3.04,3.05,0.01,False
AIN,2021-12-31,0.88,3.65,3.65,0.0,False
AIN,2022-12-31,0.58,3.04,3.04,0.0,False
AIN,2023-12-31,0.97,3.55,3.55,0.0,False
AIN,2024-12-31,0.56,2.79,2.8,0.01,False
AIN,2025-12-31,0.49,-2.01,-1.94,0.07,False
AIR,2015-05-31,0.39,0.24,0.24,0.0,False
AIR,2016-05-31,0.35,1.37,1.37,0.0,False
AIR,2017-05-31,0.61,1.64,1.64,0.0,False
AIR,2018-05-31,0.34,0.43,0.41,0.02,False
AIR,2019-05-31,0.66,0.21,0.21,0.0,False
AIR,2020-05-31,-0.47,0.12,0.13,0.01,False
AIR,2021-05-31,0.39,0.99,1.0,0.01,False
AIR,2022-05-31,0.65,2.18,2.17,0.01,False
AIR,2023-05-31,0.65,2.54,2.53,0.01,False
AIR,2024-05-31,1.46,2.5,1.29,1.21,True
AIR,2025-05-31,0.92,0.3,0.35,0.05,False
AIR,2026-05-31,1.26,4.82,4.86,0.04,False
AIT,2015-06-30,0.7,2.82,2.8,0.02,False
AIT,2016-06-30,0.66,0.74,0.75,0.01,False
AIT,2017-06-30,1.34,3.4,3.4,0.0,False
AIT,2018-06-30,1.03,3.61,3.61,0.0,False
AIT,2019-06-30,1.02,3.67,3.68,0.01,False
AIT,2020-06-30,0.76,0.59,0.62,0.03,False
AIT,2021-06-30,1.48,3.65,3.68,0.03,False
AIT,2022-06-30,2.02,6.59,6.58,0.01,False
AIT,2023-06-30,2.35,8.84,8.84,0.0,False
AIT,2024-06-30,2.64,9.83,9.83,0.0,False
AIT,2025-06-30,2.8,10.12,10.12,0.0,False
AIT,2026-06-30,3.17,10.96,10.95,0.01,False
AKR,2014-12-31,0.16,1.2,1.18,0.02,False
AKR,2015-12-31,0.14,0.96,0.94,0.02,False
AKR,2020-12-31,-0.12,-0.09,-0.11,0.02,False
AKR,2021-12-31,0.03,0.28,0.26,0.02,False
AKR,2022-12-31,0.04,-0.39,-0.4,0.01,False
AKR,2023-12-31,-0.01,0.2,0.2,0.0,False
AKR,2024-12-31,0.07,0.18,0.19,0.01,False
AKR,2025-12-31,0.06,0.11,0.1,0.01,False
ALG,2014-12-31,1.0,3.44,3.42,0.02,False
ALG,2015-12-31,0.99,3.75,3.76,0.01,False
ALG,2016-12-31,0.65,3.46,3.46,0.0,False
ALG,2017-12-31,0.28,3.8,3.79,0.01,False
ALG,2018-12-31,1.41,6.25,6.25,0.0,False
ALG,2019-12-31,0.81,5.33,5.33,0.0,False
ALG,2020-12-31,0.68,4.78,4.78,0.0,False
ALG,2021-12-31,1.62,6.75,6.75,0.0,False
ALG,2022-12-31,2.44,8.54,8.54,0.0,False
ALG,2023-12-31,2.63,11.36,11.36,0.0,False
ALG,2024-12-31,2.33,9.63,9.63,0.0,False
ALG,2025-12-31,1.28,8.59,8.59,0.0,False
ALGM,2021-03-26,0.05,1.45,0.1,1.35,True
ALGM,2022-03-25,0.13,0.61,0.62,0.01,False
ALGM,2023-03-31,0.32,0.96,0.97,0.01,False
ALGM,2024-03-29,-0.04,0.78,0.78,0.0,False
ALGM,2025-03-28,-0.08,-0.39,-0.39,0.0,False
ALGM,2026-03-27,-0.09,-0.09,-0.08,0.01,False
ALGT,2014-12-31,0.27,4.79,4.86,0.07,False
ALGT,2015-12-31,3.39,12.93,12.94,0.01,False
ALGT,2016-12-31,2.52,13.24,13.21,0.03,False
ALGT,2017-12-31,5.12,11.95,11.93,0.02,False
ALGT,2018-12-31,2.55,10.01,10.0,0.01,False
ALGT,2019-12-31,3.71,14.26,14.26,0.0,False
ALGT,2020-12-31,-1.79,-11.54,-11.53,0.01,False
ALGT,2021-12-31,0.61,8.7,8.68,0.02,False
ALGT,2022-12-31,2.88,0.1,0.14,0.04,False
ALGT,2023-12-31,-0.09,6.36,6.29,0.07,False
ALGT,2024-12-31,-12.01,-13.38,-13.49,0.11,False
ALGT,2025-12-31,1.76,-2.54,-2.48,0.06,False
ALHC,2021-12-31,-3.8,-8.81,-1.14,7.67,True
ALHC,2022-12-31,-2.94,-5.74,-0.83,4.91,True
ALHC,2023-12-31,-0.25,-0.79,-0.79,0.0,False
ALHC,2024-12-31,-0.16,-0.68,-0.67,0.01,False
ALHC,2025-12-31,-0.06,-0.02,0.0,0.02,False
ALK,2015-12-31,1.51,6.56,6.56,0.0,False
ALK,2016-12-31,0.92,6.55,6.54,0.01,False
ALK,2017-12-31,3.04,8.35,8.35,0.0,False
ALK,2018-12-31,0.18,3.52,3.52,0.0,False
ALK,2019-12-31,1.45,6.19,6.19,0.0,False
ALK,2020-12-31,-3.66,-10.75,-10.72,0.03,False
ALK,2021-12-31,0.14,3.75,3.77,0.02,False
ALK,2022-12-31,0.17,0.43,0.45,0.02,False
ALK,2023-12-31,-0.02,1.81,1.83,0.02,False
ALK,2024-12-31,0.54,3.04,3.08,0.04,False
ALK,2025-12-31,0.18,0.87,0.83,0.04,False
ALKS,2015-12-31,-0.46,-1.52,-1.52,0.0,False
ALKS,2020-12-31,-0.27,-0.7,-0.7,0.0,False
ALKS,2021-12-31,0.01,-0.3,-0.3,0.0,False
ALKS,2022-12-31,-0.17,-0.96,-0.97,0.01,False
ALKS,2023-12-31,0.66,2.07,2.1,0.03,False
ALKS,2024-12-31,0.88,2.17,2.17,0.0,False
ALKS,2025-12-31,0.29,1.43,1.43,0.0,False
ALLY,2014-12-31,0.23,1.84,1.83,0.01,False
ALLY,2015-12-31,-1.98,-2.67,-2.66,0.01,False
ALLY,2016-12-31,0.52,2.15,2.15,0.0,False
ALLY,2017-12-31,0.41,2.05,2.04,0.01,False
ALLY,2018-12-31,0.7,2.96,2.95,0.01,False
ALLY,2019-12-31,0.99,4.34,4.34,0.0,False
ALLY,2020-12-31,1.81,2.86,2.88,0.02,False
ALLY,2021-12-31,1.87,8.28,8.22,0.06,False
ALLY,2022-12-31,0.83,4.97,5.03,0.06,False
ALLY,2023-12-31,0.16,2.99,2.98,0.01,False
ALLY,2025-12-31,0.95,2.35,2.37,0.02,False
ALRM,2015-12-31,0.07,-5.91,-0.3,5.61,True
ALRM,2016-12-31,0.06,0.21,0.21,0.0,False
ALRM,2017-12-31,0.01,0.6,0.59,0.01,False
ALRM,2018-12-31,0.15,0.42,0.43,0.01,False
ALRM,2019-12-31,0.26,1.06,1.06,0.0,False
ALRM,2020-12-31,0.28,1.51,1.53,0.02,False
ALRM,2021-12-31,0.17,1.0,1.01,0.01,False
ALRM,2022-12-31,0.34,1.08,1.07,0.01,False
ALRM,2023-12-31,0.58,1.53,1.53,0.0,False
ALRM,2024-12-31,0.56,2.29,2.29,0.0,False
ALRM,2025-12-31,0.66,2.46,2.46,0.0,False
ALSN,2014-12-31,0.28,1.25,1.25,0.0,False
ALSN,2015-12-31,0.08,1.03,1.03,0.0,False
ALSN,2016-12-31,0.37,1.28,1.27,0.01,False
ALSN,2017-12-31,1.51,3.41,3.36,0.05,False
ALSN,2018-12-31,1.13,4.77,4.78,0.01,False
ALSN,2019-12-31,0.89,4.9,4.91,0.01,False
ALSN,2020-12-31,0.54,2.62,2.62,0.0,False
ALSN,2021-12-31,1.17,4.14,4.13,0.01,False
ALSN,2022-12-31,1.53,5.54,5.53,0.01,False
ALSN,2023-12-31,1.87,7.4,7.4,0.0,False
ALSN,2024-12-31,2.01,8.31,8.31,0.0,False
ALSN,2025-12-31,1.16,7.31,7.33,0.02,False
ALV,2014-12-31,1.65,5.08,5.06,0.02,False
ALV,2015-12-31,2.1,5.17,5.17,0.0,False
ALV,2016-12-31,1.67,6.42,6.42,0.0,False
ALV,2017-12-31,0.72,4.85,4.87,0.02,False
ALV,2018-12-31,-1.04,4.32,2.18,2.14,True
ALV,2019-12-31,1.78,5.28,5.29,0.01,False
ALV,2020-12-31,2.15,2.13,2.14,0.01,False
ALV,2021-12-31,1.31,4.97,4.96,0.01,False
ALV,2022-12-31,1.8,4.86,4.85,0.01,False
ALV,2023-12-31,2.71,5.75,5.72,0.03,False
ALV,2024-12-31,3.11,8.08,8.04,0.04,False
ALV,2025-12-31,2.99,9.57,9.55,0.02,False
AM,2019-12-31,-0.29,-0.68,-0.8,0.12,True
AM,2020-12-31,0.16,-0.25,-0.26,0.01,False
AM,2021-12-31,0.16,0.69,0.69,0.0,False
AM,2022-12-31,0.17,0.68,0.68,0.0,False
AM,2023-12-31,0.21,0.77,0.77,0.0,False
AM,2024-12-31,0.23,0.83,0.83,0.0,False
AM,2025-12-31,0.11,0.86,0.86,0.0,False
AMG,2014-12-31,2.83,7.8,8.01,0.21,False
AMG,2015-12-31,2.73,9.3,9.28,0.02,False
AMG,2016-12-31,2.66,8.55,8.57,0.02,False
AMG,2017-12-31,5.48,12.05,12.03,0.02,False
AMG,2018-12-31,-2.88,4.39,4.52,0.13,False
AMG,2019-12-31,0.46,0.41,0.31,0.1,True
AMG,2020-12-31,2.56,4.41,4.33,0.08,False
AMG,2021-12-31,4.08,13.04,13.05,0.01,False
AMG,2022-12-31,13.43,22.35,25.35,3.0,True
AMG,2023-12-31,4.82,17.02,17.42,0.4,False
AMG,2024-12-31,5.44,15.62,15.13,0.49,False
AMG,2025-12-31,10.24,22.11,22.74,0.63,False
AMH,2016-12-31,0.01,-0.14,-0.14,0.0,False
AMH,2017-12-31,-0.07,-0.08,-0.08,0.0,False
AMH,2018-12-31,0.06,0.08,0.08,0.0,False
AMH,2019-12-31,0.08,0.29,0.29,0.0,False
AMH,2020-12-31,0.09,0.28,0.28,0.0,False
AMH,2021-12-31,0.14,0.4,0.41,0.01,False
AMH,2022-12-31,0.25,0.71,0.71,0.0,False
AMH,2023-12-31,0.21,1.0,1.01,0.01,False
AMH,2024-12-31,0.33,1.08,1.08,0.0,False
AMH,2025-12-31,0.33,1.18,1.18,0.0,False
AMKR,2014-12-31,0.06,0.56,0.55,0.01,False
AMKR,2015-12-31,-0.04,0.24,0.24,0.0,False
AMKR,2016-12-31,0.42,0.69,0.69,0.0,False
AMKR,2017-12-31,0.42,1.09,1.09,0.0,False
AMKR,2018-12-31,0.12,0.54,0.53,0.01,False
AMKR,2019-12-31,0.41,0.5,0.5,0.0,False
AMKR,2020-12-31,0.52,1.39,1.4,0.01,False
AMKR,2021-12-31,0.88,2.62,2.62,0.0,False
AMKR,2022-12-31,0.67,3.11,3.11,0.0,False
AMKR,2023-12-31,0.47,1.45,1.46,0.01,False
AMKR,2024-12-31,0.43,1.43,1.43,0.0,False
AMKR,2025-12-31,0.69,1.51,1.5,0.01,False
AMN,2014-12-31,0.2,0.69,0.69,0.0,False
AMN,2015-12-31,0.41,1.67,1.68,0.01,False
AMN,2016-12-31,0.54,2.15,2.15,0.0,False
AMN,2017-12-31,0.84,2.69,2.68,0.01,False
AMN,2018-12-31,0.74,2.92,2.91,0.01,False
AMN,2019-12-31,0.58,2.39,2.4,0.01,False
AMN,2020-12-31,0.19,1.48,1.48,0.0,False
AMN,2021-12-31,2.41,6.81,6.81,0.0,False
AMN,2022-12-31,1.88,9.84,9.9,0.06,False
AMN,2023-12-31,0.33,5.29,5.36,0.07,False
AMN,2024-12-31,-4.93,-3.88,-3.85,0.03,False
AMN,2025-12-31,-0.2,-2.49,-2.48,0.01,False
AMPH,2014-12-31,-0.06,-0.25,-0.25,0.0,False
AMPH,2015-12-31,0.17,-0.06,-0.06,0.0,False
AMPH,2016-12-31,-0.06,0.22,0.22,0.0,False
AMPH,2017-12-31,0.03,0.09,0.09,0.0,False
AMPH,2018-12-31,0.04,-0.13,-0.12,0.01,False
AMPH,2019-12-31,-0.02,0.99,0.98,0.01,False
AMPH,2020-12-31,-0.12,0.04,0.03,0.01,False
AMPH,2021-12-31,0.39,1.24,1.25,0.01,False
AMPH,2022-12-31,0.66,1.76,1.74,0.02,False
AMPH,2023-12-31,0.68,2.58,2.6,0.02,False
AMPH,2024-12-31,0.74,3.06,3.06,0.0,False
AMPH,2025-12-31,0.52,2.04,2.03,0.01,False
AMR,2018-12-31,9.87,23.71,25.54,1.83,True
AMR,2019-12-31,-8.17,-17.27,-16.82,0.45,False
AMR,2020-12-31,-5.47,-24.42,-24.42,0.0,False
AMR,2021-12-31,13.02,14.6,15.3,0.7,False
AMR,2022-12-31,13.4,78.16,79.49,1.33,False
AMR,2023-12-31,12.91,48.73,49.3,0.57,False
AMR,2024-12-31,-0.16,14.21,14.28,0.07,False
AMR,2025-12-31,-1.34,-4.74,-4.75,0.01,False
AMRX,2018-12-31,-0.07,-0.17,-0.16,0.01,False
AMRX,2019-12-31,-0.23,-2.76,-2.74,0.02,False
AMRX,2020-12-31,-0.02,0.62,0.61,0.01,False
AMRX,2021-12-31,-0.04,0.07,0.07,0.0,False
AMRX,2022-12-31,-0.03,-0.86,-0.86,0.0,False
AMRX,2023-12-31,-0.41,-0.32,-0.48,0.16,True
AMRX,2024-12-31,-0.1,-0.38,-0.38,0.0,False
AMRX,2025-12-31,0.11,0.23,0.22,0.01,False
AMSF,2014-12-31,0.89,2.84,2.84,0.0,False
AMSF,2015-12-31,1.2,3.68,3.69,0.01,False
AMSF,2016-12-31,0.99,4.06,4.05,0.01,False
AMSF,2017-12-31,0.03,2.4,2.4,0.0,False
AMSF,2018-12-31,0.97,3.71,3.71,0.0,False
AMSF,2019-12-31,1.75,4.8,4.8,0.0,False
AMSF,2020-12-31,1.47,4.48,4.47,0.01,False
AMSF,2021-12-31,0.18,3.39,3.39,0.0,False
AMSF,2022-12-31,1.08,2.88,2.88,0.0,False
AMSF,2023-12-31,1.0,3.23,3.23,0.0,False
AMSF,2024-12-31,0.69,2.89,2.89,0.0,False
AMSF,2025-12-31,0.55,2.47,2.47,0.0,False
AMTM,2024-09-27,0.28,-0.93,-0.9,0.03,False
AMTM,2025-10-03,0.16,0.27,0.27,0.0,False
AMZN,2014-12-31,0.47,-0.52,-0.52,0.0,False
AMZN,2015-12-31,0.99,1.23,1.25,0.02,False
AMZN,2016-12-31,1.54,4.91,4.9,0.01,False
AMZN,2017-12-31,3.74,6.14,6.15,0.01,False
AMZN,2018-12-31,6.04,20.13,20.14,0.01,False
AMZN,2019-12-31,6.45,22.99,23.01,0.02,False
AMZN,2020-12-31,14.08,41.76,41.83,0.07,False
AMZN,2021-12-31,27.65,64.68,64.81,0.13,False
AMZN,2023-12-31,1.0,2.9,2.9,0.0,False
AMZN,2024-12-31,1.86,5.53,5.53,0.0,False
AMZN,2025-12-31,1.95,7.17,7.17,0.0,False
AN,2014-12-31,1.01,3.52,3.52,0.0,False
AN,2015-12-31,0.87,3.88,3.89,0.01,False
AN,2016-12-31,1.13,4.15,4.15,0.0,False
AN,2017-12-31,1.64,4.47,4.43,0.04,False
AN,2018-12-31,1.02,4.33,4.34,0.01,False
AN,2019-12-31,1.74,4.97,4.97,0.0,False
AN,2020-12-31,1.73,4.38,4.3,0.08,False
AN,2021-12-31,5.89,18.69,18.31,0.38,False
AN,2022-12-31,5.71,24.28,24.29,0.01,False
AN,2023-12-31,5.06,22.69,22.74,0.05,False
AN,2024-12-31,4.62,16.92,16.92,0.0,False
AN,2025-12-31,4.7,17.06,17.04,0.02,False
ANDE,2015-12-31,-1.68,-0.49,-0.46,0.03,False
ANDE,2016-12-31,0.35,0.4,0.41,0.01,False
ANDE,2017-12-31,2.48,1.52,1.5,0.02,False
ANDE,2018-12-31,0.82,1.45,1.46,0.01,False
ANDE,2019-12-31,0.19,0.54,0.55,0.01,False
ANDE,2020-12-31,0.47,0.21,0.23,0.02,False
ANDE,2021-12-31,0.86,3.07,3.07,0.0,False
ANDE,2022-12-31,0.26,3.8,3.81,0.01,False
ANDE,2023-12-31,1.44,2.89,2.94,0.05,False
ANDE,2024-12-31,1.31,3.32,3.32,0.0,False
ANF,2015-01-31,0.62,0.72,0.71,0.01,False
ANF,2016-01-30,0.83,0.51,0.51,0.0,False
ANF,2017-01-28,0.7,0.04,0.06,0.02,False
ANF,2018-02-03,1.04,0.05,0.1,0.05,True
ANF,2019-02-02,1.41,1.08,1.08,0.0,False
ANF,2020-02-01,1.31,0.64,0.6,0.04,False
ANF,2021-01-30,1.45,-1.7,-1.82,0.12,True
ANF,2022-01-29,1.22,4.32,4.2,0.12,False
ANF,2023-01-28,0.8,0.11,0.05,0.06,True
ANF,2024-02-03,2.87,6.12,6.22,0.1,False
ANF,2025-02-01,3.57,10.71,10.69,0.02,False
ANF,2026-01-31,3.68,10.54,10.46,0.08,False
ANIP,2014-12-31,1.79,2.5,2.59,0.09,False
ANIP,2016-12-31,-0.09,0.35,0.34,0.01,False
ANIP,2017-12-31,-0.85,-0.12,-0.09,0.03,False
ANIP,2018-12-31,0.46,1.3,1.3,0.0,False
ANIP,2019-12-31,-0.4,0.49,0.5,0.01,False
ANIP,2020-12-31,-0.3,-1.88,-1.88,0.0,False
ANIP,2021-12-31,-1.72,-3.25,-3.4,0.15,False
ANIP,2022-12-31,-0.28,-3.04,-3.05,0.01,False
ANIP,2023-12-31,0.04,0.84,0.85,0.01,False
ANIP,2024-12-31,-0.56,-1.15,-1.04,0.11,True
ANIP,2025-12-31,1.17,3.35,3.32,0.03,False
AORT,2014-12-31,0.06,0.26,0.25,0.01,False
AORT,2015-12-31,0.09,0.13,0.14,0.01,False
AORT,2016-12-31,0.08,0.32,0.32,0.0,False
AORT,2017-12-31,-0.08,0.11,0.11,0.0,False
AORT,2018-12-31,-0.02,-0.08,-0.08,0.0,False
AORT,2019-12-31,-0.02,0.04,0.05,0.01,False
AORT,2020-12-31,-0.09,-0.45,-0.44,0.01,False
AORT,2021-12-31,-0.59,-0.47,-0.38,0.09,True
AORT,2022-12-31,0.05,-0.48,-0.48,0.0,False
AORT,2023-12-31,-0.1,-0.75,-0.75,0.0,False
AORT,2024-12-31,-0.47,-0.39,-0.32,0.07,True
AORT,2025-12-31,0.05,0.2,0.21,0.01,False
AOSL,2015-06-30,-0.12,-0.31,-0.3,0.01,False
AOSL,2016-06-30,0.08,-0.14,-0.13,0.01,False
AOSL,2017-06-30,0.17,0.56,0.56,0.0,False
AOSL,2018-06-30,0.04,0.57,0.57,0.0,False
AOSL,2019-06-30,0.1,0.08,0.08,0.0,False
AOSL,2020-06-30,-0.0,-0.26,-0.27,0.01,False
AOSL,2021-06-30,0.71,2.12,2.13,0.01,False
AOSL,2022-06-30,0.53,16.03,16.07,0.04,False
AOSL,2023-06-30,-0.04,0.37,0.42,0.05,False
AOSL,2024-06-30,-0.1,-0.4,-0.39,0.01,False
AOSL,2025-06-30,-2.58,-3.27,-3.3,0.03,False
AOSL,2026-06-30,-0.43,-1.41,-1.41,0.0,False
APAM,2018-12-31,0.58,2.82,2.84,0.02,False
APAM,2020-12-31,1.2,3.38,3.4,0.02,False
APAM,2021-12-31,1.25,5.07,5.09,0.02,False
APAM,2022-12-31,0.77,2.94,2.94,0.0,False
APAM,2023-12-31,0.92,3.16,3.19,0.03,False
APAM,2024-12-31,0.97,3.64,3.66,0.02,False
APAM,2025-12-31,1.32,4.01,4.05,0.04,False
APG,2020-12-31,-1.58,-2.42,-2.21,0.21,True
APG,2021-12-31,-0.76,-0.63,-0.67,0.04,False
APG,2022-12-31,0.03,0.07,0.1,0.03,False
APG,2023-12-31,-1.84,-1.52,-0.68,0.84,True
APG,2024-12-31,-0.1,-0.99,-0.84,0.15,True
APLE,2020-12-31,-0.23,-0.77,-0.77,0.0,False
APLE,2021-12-31,0.06,0.08,0.08,0.0,False
APLE,2022-12-31,0.01,0.64,0.63,0.01,False
APLE,2023-12-31,0.09,0.78,0.77,0.01,False
APLE,2024-12-31,0.12,0.88,0.89,0.01,False
APLE,2025-12-31,0.13,0.74,0.74,0.0,False
APOG,2015-02-28,0.47,1.72,1.72,0.0,False
APOG,2016-02-27,0.69,2.23,2.22,0.01,False
APOG,2017-03-04,0.8,2.96,2.97,0.01,False
APOG,2018-03-03,0.78,2.76,2.76,0.0,False
APOG,2019-03-02,-0.43,1.61,1.63,0.02,False
APOG,2020-02-29,0.45,2.32,2.32,0.0,False
APOG,2021-02-27,-1.63,0.57,0.59,0.02,False
APOG,2022-02-26,-0.65,0.13,0.14,0.01,False
APOG,2023-02-25,0.9,4.65,4.64,0.01,False
APOG,2024-03-02,0.72,4.52,4.51,0.01,False
APOG,2025-03-01,0.11,3.88,3.89,0.01,False
APOG,2026-02-28,0.77,2.51,2.52,0.01,False
APP,2021-12-31,0.07,0.06,0.09,0.03,False
APP,2022-12-31,-0.22,-0.53,-0.52,0.01,False
APP,2023-12-31,0.48,0.99,0.98,0.01,False
APP,2024-12-31,1.73,4.54,4.53,0.01,False
APP,2025-12-31,3.24,9.75,9.75,0.0,False
APPF,2015-12-31,-0.12,-1.03,-0.73,0.3,True
APPF,2016-12-31,-0.04,-0.25,-0.25,0.0,False
APPF,2017-12-31,0.07,0.27,0.28,0.01,False
APPF,2018-12-31,0.07,0.56,0.56,0.0,False
APPF,2019-12-31,0.12,1.02,1.02,0.0,False
APPF,2020-12-31,-0.01,4.45,4.44,0.01,False
APPF,2021-12-31,-0.04,0.03,0.03,0.0,False
APPF,2022-12-31,-0.56,-1.95,-1.95,0.0,False
APPF,2023-12-31,0.79,-0.01,0.07,0.08,True
APPF,2024-12-31,2.78,5.54,5.55,0.01,False
APPF,2025-12-31,1.1,3.88,3.88,0.0,False
AR,2014-12-31,2.32,2.58,2.57,0.01,False
AR,2015-12-31,0.57,3.47,3.43,0.04,False
AR,2016-12-31,-1.56,-2.93,-2.88,0.05,False
AR,2017-12-31,1.53,1.93,1.94,0.01,False
AR,2018-12-31,-0.39,-1.26,-1.26,0.0,False
AR,2019-12-31,-1.61,-1.16,-1.11,0.05,False
AR,2020-12-31,0.26,-4.65,-4.65,0.0,False
AR,2021-12-31,2.87,-0.63,-0.61,0.02,False
AR,2022-12-31,2.14,5.65,5.78,0.13,False
AR,2023-12-31,0.29,0.76,0.78,0.02,False
AR,2024-12-31,0.34,0.18,0.18,0.0,False
AR,2025-12-31,0.62,2.02,2.03,0.01,False
ARCB,2014-12-31,0.53,1.68,1.69,0.01,False
ARCB,2015-12-31,0.19,1.68,1.67,0.01,False
ARCB,2016-12-31,0.06,0.7,0.71,0.01,False
ARCB,2017-12-31,1.33,2.2,2.25,0.05,False
ARCB,2018-12-31,0.57,2.51,2.51,0.0,False
ARCB,2019-12-31,-0.21,1.51,1.51,0.0,False
ARCB,2020-12-31,0.9,2.69,2.69,0.0,False
ARCB,2021-12-31,2.47,7.99,7.98,0.01,False
ARCB,2022-12-31,1.49,11.67,11.69,0.02,False
ARCB,2023-12-31,2.01,7.91,7.93,0.02,False
ARCB,2024-12-31,1.2,7.29,7.3,0.01,False
ARCB,2025-12-31,-0.36,2.61,2.62,0.01,False
ARLO,2019-12-31,0.26,-1.15,-1.14,0.01,False
ARLO,2020-12-31,-0.19,-1.3,-1.3,0.0,False
ARLO,2021-12-31,-0.08,-0.67,-0.68,0.01,False
ARLO,2022-12-31,-0.25,-0.64,-0.65,0.01,False
ARLO,2023-12-31,0.01,-0.24,-0.24,0.0,False
ARLO,2024-12-31,-0.05,-0.31,-0.31,0.0,False
ARLO,2025-12-31,0.05,0.13,0.14,0.01,False
ARMK,2015-10-02,0.23,0.96,0.96,0.0,False
ARMK,2021-10-01,0.14,-0.35,-0.36,0.01,False
ARMK,2022-09-30,0.29,0.76,0.75,0.01,False
ARMK,2023-09-29,0.78,2.56,2.57,0.01,False
ARMK,2024-09-27,0.46,0.99,0.99,0.0,False
ARMK,2025-10-03,0.33,1.22,1.22,0.0,False
AROC,2014-12-31,0.26,1.4,1.4,0.0,False
AROC,2015-12-31,-1.9,-1.94,-1.55,0.39,True
AROC,2016-12-31,-0.56,-0.8,-0.8,0.0,False
AROC,2019-12-31,0.3,0.68,0.7,0.02,False
AROC,2020-12-31,0.03,-0.46,-0.46,0.0,False
AROC,2021-12-31,0.04,0.19,0.18,0.01,False
AROC,2022-12-31,0.07,0.29,0.28,0.01,False
AROC,2023-12-31,0.21,0.67,0.67,0.0,False
AROC,2024-12-31,0.35,1.05,1.05,0.0,False
AROC,2025-12-31,0.67,1.83,1.83,0.0,False
ARR,2014-12-31,-0.41,-0.55,-0.54,0.01,False
ARR,2016-12-31,2.46,-1.68,-1.67,0.01,False
ARR,2017-12-31,1.53,4.14,4.17,0.03,False
ARR,2018-12-31,-5.22,-3.02,-2.92,0.1,False
ARR,2019-12-31,1.78,-4.66,-4.59,0.07,False
ARR,2020-12-31,1.24,-4.08,-3.57,0.51,True
ARR,2021-12-31,-0.25,0.19,0.05,0.14,True
ARR,2022-12-31,0.25,-2.25,-2.05,0.2,True
ARR,2024-12-31,-0.84,-0.44,-0.51,0.07,True
ARR,2025-12-31,1.84,2.71,3.3,0.59,True
ARW,2014-12-31,1.19,4.99,4.98,0.01,False
ARW,2015-12-31,1.69,5.21,5.2,0.01,False
ARW,2016-12-31,1.81,5.68,5.68,0.0,False
ARW,2017-12-31,0.6,4.47,4.48,0.01,False
ARW,2018-12-31,2.64,8.11,8.1,0.01,False
ARW,2019-12-31,1.4,-2.35,-2.44,0.09,False
ARW,2020-12-31,3.1,7.52,7.43,0.09,False
ARW,2021-12-31,5.26,15.21,15.1,0.11,False
ARW,2022-12-31,5.71,21.83,21.8,0.03,False
ARW,2023-12-31,3.54,15.79,15.84,0.05,False
ARW,2024-12-31,1.88,7.3,7.29,0.01,False
ARW,2025-12-31,3.75,10.94,10.93,0.01,False
ARWR,2017-09-30,-0.14,-0.46,-0.47,0.01,False
ARWR,2018-09-30,-0.12,-0.66,-0.65,0.01,False
ARWR,2019-09-30,0.11,0.69,0.69,0.0,False
ARWR,2020-09-30,-0.47,-0.83,-0.84,0.01,False
ARWR,2021-09-30,-0.61,-1.36,-1.36,0.0,False
ARWR,2022-09-30,-0.83,-1.7,-1.67,0.03,False
ARWR,2023-09-30,-1.04,-1.94,-1.92,0.02,False
ARWR,2024-09-30,-1.37,-5.01,-5.0,0.01,False
ARWR,2025-09-30,-0.17,-0.07,-0.01,0.06,True
ASB,2014-12-31,0.31,1.17,1.16,0.01,False
ASB,2015-12-31,0.27,1.19,1.19,0.0,False
ASB,2016-12-31,0.35,1.27,1.26,0.01,False
ASB,2017-12-31,0.31,1.43,1.42,0.01,False
ASB,2018-12-31,0.51,1.89,1.89,0.0,False
ASB,2019-12-31,0.43,1.91,1.91,0.0,False
ASB,2020-12-31,0.4,1.87,1.86,0.01,False
ASB,2021-12-31,0.49,2.19,2.18,0.01,False
ASB,2022-12-31,0.7,2.35,2.34,0.01,False
ASB,2023-12-31,-0.62,1.13,1.13,0.0,False
ASB,2024-12-31,-1.03,0.79,0.72,0.07,True
ASB,2025-12-31,0.8,2.77,2.77,0.0,False
ASH,2016-09-30,-4.31,-0.45,-0.46,0.01,False
ASH,2017-09-30,-0.93,-0.01,0.01,0.02,False
ASH,2018-09-30,0.15,1.79,1.79,0.0,False
ASH,2019-09-30,6.52,8.0,8.03,0.03,False
ASH,2020-09-30,0.08,-8.39,-8.39,0.0,False
ASH,2021-09-30,0.75,3.61,3.59,0.02,False
ASH,2022-09-30,1.06,16.23,16.41,0.18,False
ASH,2023-09-30,-0.08,3.26,3.31,0.05,False
ASH,2024-09-30,0.34,3.36,3.36,0.0,False
ASH,2025-09-30,0.73,-18.33,-18.23,0.1,False
ASO,2021-01-30,0.93,3.78,3.79,0.01,False
ASO,2022-01-29,1.56,7.11,7.12,0.01,False
ASO,2023-01-28,1.95,7.48,7.49,0.01,False
ASO,2024-02-03,2.2,6.71,6.7,0.01,False
ASO,2025-02-01,1.87,5.75,5.73,0.02,False
ASO,2026-01-31,1.96,5.54,5.54,0.0,False
ASTE,2014-12-31,0.37,1.49,1.49,0.0,False
ASTE,2015-12-31,0.16,1.42,1.42,0.0,False
ASTE,2016-12-31,0.53,2.39,2.38,0.01,False
ASTE,2017-12-31,0.47,1.62,1.63,0.01,False
ASTE,2018-12-31,-2.12,-2.71,-2.64,0.07,False
ASTE,2019-12-31,-0.81,0.98,0.98,0.0,False
ASTE,2020-12-31,0.67,2.06,2.05,0.01,False
ASTE,2021-12-31,-0.4,0.78,0.78,0.0,False
ASTE,2022-12-31,-0.04,-0.0,0.0,0.0,False
ASTE,2023-12-31,0.65,1.47,1.47,0.0,False
ASTE,2024-12-31,0.92,0.19,0.19,0.0,False
ASTE,2025-12-31,0.51,1.67,1.68,0.01,False
ASTH,2018-12-31,-0.08,0.29,0.29,0.0,False
ASTH,2019-12-31,0.21,0.4,0.39,0.01,False
ASTH,2020-12-31,0.27,1.02,1.01,0.01,False
ASTH,2021-12-31,0.3,1.62,1.63,0.01,False
ASTH,2022-12-31,-0.08,0.98,1.08,0.1,True
ASTH,2023-12-31,0.26,1.29,1.29,0.0,False
ASTH,2024-12-31,-0.14,0.9,0.9,0.0,False
ASTH,2025-12-31,0.12,0.46,0.46,0.0,False
ATEN,2014-12-31,-0.26,-0.94,-0.74,0.2,True
ATEN,2018-12-31,-0.02,-0.37,-0.38,0.01,False
ATEN,2019-12-31,0.0,-0.24,-0.23,0.01,False
ATEN,2020-12-31,0.1,0.23,0.22,0.01,False
ATEN,2021-12-31,0.13,1.18,1.19,0.01,False
ATEN,2022-12-31,0.24,0.61,0.6,0.01,False
ATEN,2023-12-31,0.24,0.53,0.53,0.0,False
ATEN,2024-12-31,0.24,0.67,0.67,0.0,False
ATEN,2025-12-31,0.13,0.57,0.57,0.0,False
ATI,2014-12-31,0.21,-0.02,-0.03,0.01,False
ATI,2015-12-31,-2.13,-3.54,-3.53,0.01,False
ATI,2016-12-31,0.09,-5.98,-5.97,0.01,False
ATI,2017-12-31,0.02,-0.85,-0.83,0.02,False
ATI,2018-12-31,0.3,1.61,1.61,0.0,False
ATI,2019-12-31,0.36,1.8,1.85,0.05,False
ATI,2020-12-31,-8.85,-12.43,-12.43,0.0,False
ATI,2021-12-31,-0.29,-0.39,-0.3,0.09,True
ATI,2022-12-31,0.51,0.85,0.96,0.11,True
ATI,2023-12-31,0.99,2.51,2.81,0.3,True
ATI,2024-12-29,0.94,2.55,2.55,0.0,False
ATI,2025-12-28,0.69,2.84,2.85,0.01,False
ATMU,2023-12-31,0.42,2.05,2.05,0.0,False
ATMU,2024-12-31,0.48,2.21,2.22,0.01,False
ATMU,2025-12-31,0.58,2.5,2.5,0.0,False
ATR,2014-12-31,0.62,2.85,2.85,0.0,False
ATR,2015-12-31,0.67,3.1,3.09,0.01,False
ATR,2016-12-31,0.76,3.16,3.17,0.01,False
ATR,2017-12-31,0.77,3.42,3.41,0.01,False
ATR,2018-12-31,0.62,3.0,3.0,0.0,False
ATR,2019-12-31,0.73,3.66,3.66,0.0,False
ATR,2020-12-31,0.79,3.21,3.21,0.0,False
ATR,2021-12-31,0.86,3.61,3.61,0.0,False
ATR,2022-12-31,0.89,3.58,3.59,0.01,False
ATR,2023-12-31,0.93,4.25,4.25,0.0,False
ATR,2024-12-31,1.48,5.53,5.53,0.0,False
ATR,2025-12-31,1.13,5.89,5.89,0.0,False
AUB,2014-12-31,0.33,1.15,1.14,0.01,False
AUB,2015-12-31,0.4,1.49,1.49,0.0,False
AUB,2016-12-31,0.48,1.77,1.77,0.0,False
AUB,2017-12-31,0.35,1.67,1.67,0.0,False
AUB,2018-12-31,0.67,2.22,2.22,0.0,False
AUB,2019-12-31,0.69,2.4,2.41,0.01,False
AUB,2020-12-31,0.72,1.94,1.93,0.01,False
AUB,2021-12-31,0.59,3.25,3.26,0.01,False
AUB,2022-12-31,0.9,2.97,2.97,0.0,False
AUB,2023-12-31,0.72,2.54,2.53,0.01,False
AUB,2024-12-31,0.57,2.26,2.24,0.02,False
AUB,2025-12-31,0.76,2.03,2.03,0.0,False
AVA,2014-12-31,0.51,3.15,3.1,0.05,False
AVA,2015-12-31,0.61,1.96,1.97,0.01,False
AVA,2016-12-31,0.62,2.16,2.15,0.01,False
AVA,2017-12-31,0.42,1.79,1.79,0.0,False
AVA,2018-12-31,0.7,2.07,2.07,0.0,False
AVA,2019-12-31,0.76,2.98,2.97,0.01,False
AVA,2020-12-31,0.85,1.9,1.9,0.0,False
AVA,2021-12-31,0.71,2.09,2.1,0.01,False
AVA,2022-12-31,1.05,2.12,2.12,0.0,False
AVA,2023-12-31,1.08,2.23,2.24,0.01,False
AVA,2024-12-31,0.84,2.27,2.29,0.02,False
AVA,2025-12-31,0.87,2.38,2.38,0.0,False
AVAV,2015-04-30,0.3,0.11,0.13,0.02,False
AVAV,2016-04-30,0.23,0.39,0.39,0.0,False
AVAV,2017-04-30,1.26,0.48,0.54,0.06,True
AVAV,2018-04-30,0.75,0.81,0.84,0.03,False
AVAV,2019-04-30,0.24,1.98,1.97,0.01,False
AVAV,2020-04-30,0.72,1.7,1.71,0.01,False
AVAV,2021-04-30,0.44,0.96,0.96,0.0,False
AVAV,2022-04-30,0.3,-0.17,-0.17,0.0,False
AVAV,2023-04-30,-6.3,-6.94,-7.04,0.1,False
AVAV,2024-04-30,0.21,2.21,2.18,0.03,False
AVAV,2025-04-30,0.59,1.55,1.55,0.0,False
AVAV,2026-04-30,1.26,-5.42,-5.4,0.02,False
AVNT,2014-12-31,-0.16,0.84,0.85,0.01,False
AVNT,2015-12-31,0.04,1.62,1.63,0.01,False
AVNT,2016-12-31,0.4,1.95,1.95,0.0,False
AVNT,2017-12-31,0.47,-0.69,-0.7,0.01,False
AVNT,2018-12-31,0.14,1.97,1.99,0.02,False
AVNT,2019-12-31,6.0,7.59,7.58,0.01,False
AVNT,2020-12-31,0.81,1.46,1.45,0.01,False
AVNT,2021-12-31,0.33,2.5,2.51,0.01,False
AVNT,2022-12-31,5.82,7.54,7.63,0.09,False
AVNT,2023-12-31,0.31,0.83,0.83,0.0,False
AVNT,2024-12-31,0.53,1.84,1.84,0.0,False
AVNT,2025-12-31,0.18,0.89,0.89,0.0,False
AVT,2015-06-27,1.15,4.12,4.12,0.0,False
AVT,2016-07-02,0.75,3.81,3.8,0.01,False
AVT,2017-07-01,0.65,4.07,4.08,0.01,False
AVT,2018-06-30,0.51,-1.31,-1.3,0.01,False
AVT,2019-06-29,-0.3,1.56,1.59,0.03,False
AVT,2020-06-27,0.54,-0.31,-0.31,0.0,False
AVT,2021-07-03,0.84,1.91,1.93,0.02,False
AVT,2022-07-02,2.51,6.95,6.94,0.01,False
AVT,2023-07-01,1.68,8.27,8.26,0.01,False
AVT,2024-06-29,0.91,5.41,5.43,0.02,False
AVT,2025-06-28,0.07,2.73,2.75,0.02,False
AVT,2026-06-27,1.52,4.02,4.01,0.01,False
AVTR,2019-12-31,0.09,-1.47,-0.84,0.63,True
AVTR,2020-12-31,0.06,0.09,0.09,0.0,False
AVTR,2021-12-31,0.13,0.86,0.85,0.01,False
AVTR,2022-12-31,0.21,1.02,1.01,0.01,False
AVTR,2023-12-31,0.14,0.47,0.47,0.0,False
AVTR,2024-12-31,0.74,1.05,1.04,0.01,False
AVTR,2025-12-31,0.08,-0.78,-0.78,0.0,False
AWI,2014-12-31,-0.06,1.15,1.14,0.01,False
AWI,2015-12-31,-0.25,1.68,1.68,0.0,False
AWI,2016-12-31,0.49,1.87,1.87,0.0,False
AWI,2017-12-31,0.63,2.88,2.86,0.02,False
AWI,2018-12-31,0.69,3.55,3.56,0.01,False
AWI,2019-12-31,0.97,4.32,4.32,0.0,False
AWI,2020-12-31,0.48,-2.05,-2.07,0.02,False
AWI,2021-12-31,0.88,3.82,3.82,0.0,False
AWI,2022-12-31,1.07,4.37,4.37,0.0,False
AWI,2023-12-31,1.06,5.0,4.99,0.01,False
AWI,2024-12-31,1.41,6.02,6.02,0.0,False
AWI,2025-12-31,1.51,7.08,7.08,0.0,False
AWR,2014-12-31,0.35,1.56,1.57,0.01,False
AWR,2015-12-31,0.31,1.6,1.6,0.0,False
AWR,2016-12-31,0.3,1.62,1.62,0.0,False
AWR,2017-12-31,0.35,1.88,1.88,0.0,False
AWR,2018-12-31,0.37,1.72,1.72,0.0,False
AWR,2019-12-31,0.45,2.28,2.28,0.0,False
AWR,2020-12-31,0.54,2.33,2.33,0.0,False
AWR,2021-12-31,0.55,2.55,2.55,0.0,False
AWR,2022-12-31,0.5,2.11,2.11,0.0,False
AWR,2023-12-31,0.55,3.37,3.36,0.01,False
AWR,2024-12-31,0.74,3.16,3.17,0.01,False
AWR,2025-12-31,0.74,3.37,3.37,0.0,False
AX,2015-06-30,1.54,5.35,5.37,0.02,False
AX,2017-06-30,0.5,2.08,2.07,0.01,False
AX,2018-06-30,0.59,2.38,2.37,0.01,False
AX,2019-06-30,0.66,2.49,2.48,0.01,False
AX,2020-06-30,0.76,3.0,2.98,0.02,False
AX,2021-06-30,0.92,3.6,3.56,0.04,False
AX,2022-06-30,0.97,3.98,3.97,0.01,False
AX,2023-06-30,1.48,5.12,5.07,0.05,False
AX,2024-06-30,1.84,7.75,7.66,0.09,False
AX,2025-06-30,1.96,7.5,7.43,0.07,False
AX,2026-06-30,2.2,8.51,8.48,0.03,False
AXON,2014-12-31,0.09,0.36,0.37,0.01,False
AXON,2015-12-31,0.09,0.36,0.36,0.0,False
AXON,2016-12-31,0.12,0.32,0.32,0.0,False
AXON,2017-12-31,-0.04,0.1,0.1,0.0,False
AXON,2018-12-31,0.03,0.52,0.5,0.02,False
AXON,2019-12-31,-0.21,0.01,0.01,0.0,False
AXON,2020-12-31,0.41,-0.04,-0.03,0.01,False
AXON,2021-12-31,-0.21,-1.01,-0.91,0.1,True
AXON,2022-12-31,0.4,2.04,2.03,0.01,False
AXON,2023-12-31,0.75,2.3,2.31,0.01,False
AXON,2024-12-31,1.66,4.78,4.8,0.02,False
AXON,2025-12-31,0.03,1.52,1.51,0.01,False
AXTA,2016-12-31,-0.14,0.16,0.17,0.01,False
AXTA,2017-12-31,-0.24,0.15,0.15,0.0,False
AXTA,2018-12-31,0.31,0.85,0.85,0.0,False
AXTA,2019-12-31,0.18,1.06,1.06,0.0,False
AXTA,2020-12-31,0.29,0.51,0.52,0.01,False
AXTA,2021-12-31,0.23,1.13,1.14,0.01,False
AXTA,2022-12-31,0.2,0.86,0.86,0.0,False
AXTA,2023-12-31,0.33,1.2,1.21,0.01,False
AXTA,2024-12-31,0.62,1.77,1.78,0.01,False
AXTA,2025-12-31,0.28,1.74,1.74,0.0,False
AYI,2015-08-31,1.38,5.1,5.09,0.01,False
AYI,2016-08-31,1.88,6.63,6.63,0.0,False
AYI,2017-08-31,2.16,7.45,7.43,0.02,False
AYI,2018-08-31,2.71,8.54,8.52,0.02,False
AYI,2019-08-31,2.42,8.29,8.29,0.0,False
AYI,2020-08-31,1.87,6.27,6.27,0.0,False
AYI,2021-08-31,2.71,8.4,8.38,0.02,False
AYI,2022-08-31,3.47,11.14,11.08,0.06,False
AYI,2023-08-31,2.63,10.77,10.76,0.01,False
AYI,2024-08-31,3.77,13.44,13.44,0.0,False
AYI,2025-08-31,3.62,12.54,12.53,0.01,False
AZTA,2015-09-30,0.09,0.2,0.21,0.01,False
AZTA,2016-09-30,0.15,-1.02,-1.01,0.01,False
AZTA,2017-09-30,0.24,0.89,0.89,0.0,False
AZTA,2018-09-30,0.15,1.65,1.64,0.01,False
AZTA,2019-09-30,5.68,6.03,6.04,0.01,False
AZTA,2020-09-30,0.39,0.88,0.88,0.0,False
AZTA,2021-09-30,0.29,1.49,1.49,0.0,False
AZTA,2022-09-30,-0.28,28.45,28.48,0.03,False
AZTA,2023-09-30,0.06,-0.18,-0.22,0.04,False
AZTA,2024-09-30,-0.1,-2.97,-3.09,0.12,False
AZTA,2025-09-30,1.1,-1.24,-1.22,0.02,False
AZZ,2015-02-28,0.63,2.51,2.52,0.01,False
AZZ,2016-02-29,0.62,2.97,2.96,0.01,False
AZZ,2017-02-28,0.46,2.33,2.33,0.0,False
AZZ,2018-02-28,0.9,1.73,1.73,0.0,False
AZZ,2019-02-28,0.34,1.96,1.96,0.0,False
AZZ,2020-02-29,-0.4,1.84,1.84,0.0,False
AZZ,2021-02-28,0.63,1.53,1.52,0.01,False
AZZ,2022-02-28,0.87,3.36,3.35,0.01,False
AZZ,2023-02-28,0.05,-1.87,-2.45,0.58,True
AZZ,2024-02-29,0.26,3.13,3.46,0.33,True
AZZ,2025-02-28,0.66,1.58,1.79,0.21,True
AZZ,2026-02-28,0.53,10.5,10.5,0.0,False
BAH,2015-03-31,0.29,1.53,1.52,0.01,False
BAH,2016-03-31,0.44,1.95,1.94,0.01,False
BAH,2017-03-31,0.44,1.67,1.67,0.0,False
BAH,2018-03-31,0.57,2.04,2.05,0.01,False
BAH,2019-03-31,0.63,2.91,2.91,0.0,False
BAH,2020-03-31,0.98,3.4,3.41,0.01,False
BAH,2021-03-31,1.44,4.37,4.37,0.0,False
BAH,2022-03-31,0.67,3.43,3.44,0.01,False
BAH,2023-03-31,-0.52,2.02,2.03,0.01,False
BAH,2024-03-31,0.98,4.6,4.59,0.01,False
BAH,2025-03-31,1.52,7.25,7.25,0.0,False
BAH,2026-03-31,1.7,6.91,6.9,0.01,False
BANC,2014-12-31,0.26,0.82,0.91,0.09,True
BANC,2015-12-31,0.45,1.35,1.34,0.01,False
BANC,2016-12-31,0.54,1.92,1.94,0.02,False
BANC,2017-12-31,0.12,0.72,0.71,0.01,False
BANC,2018-12-31,0.13,0.44,0.45,0.01,False
BANC,2019-12-31,0.21,0.04,0.05,0.01,False
BANC,2021-12-31,0.07,0.98,7.76,6.78,True
BANC,2022-12-31,0.36,1.88,5.14,3.26,True
BANC,2023-12-31,-23.19,-21.8,-22.71,0.91,False
BANC,2024-12-31,0.28,0.51,0.52,0.01,False
BANC,2025-12-31,0.42,1.18,1.17,0.01,False
BANF,2014-12-31,0.99,4.04,4.04,0.0,False
BANF,2015-12-31,0.99,4.17,4.17,0.0,False
BANF,2016-12-31,1.16,4.44,4.44,0.0,False
BANF,2018-12-31,0.98,3.76,3.76,0.0,False
BANF,2019-12-31,1.06,4.04,4.05,0.01,False
BANF,2020-12-31,1.06,3.0,3.0,0.0,False
BANF,2021-12-31,1.15,5.03,5.03,0.0,False
BANF,2022-12-31,1.71,5.78,5.77,0.01,False
BANF,2023-12-31,1.46,6.34,6.34,0.0,False
BANF,2024-12-31,1.67,6.43,6.44,0.01,False
BANF,2025-12-31,1.75,7.11,7.11,0.0,False
BANR,2014-12-31,0.61,2.79,2.79,0.0,False
BANR,2015-12-31,0.2,2.07,1.89,0.18,True
BANR,2016-12-31,0.69,2.52,2.52,0.0,False
BANR,2017-12-31,-0.41,1.84,1.84,0.0,False
BANR,2018-12-31,1.09,4.15,4.15,0.0,False
BANR,2019-12-31,0.95,4.19,4.18,0.01,False
BANR,2020-12-31,1.09,3.26,3.26,0.0,False
BANR,2021-12-31,1.44,5.77,5.76,0.01,False
BANR,2022-12-31,1.58,5.67,5.67,0.0,False
BANR,2023-12-31,1.24,5.33,5.33,0.0,False
BANR,2024-12-31,1.33,4.87,4.88,0.01,False
BANR,2025-12-31,1.49,5.64,5.64,0.0,False
BBT,2014-12-31,0.46,1.36,1.36,0.0,False
BBT,2015-12-31,0.52,1.71,1.73,0.02,False
BBT,2016-12-31,0.32,1.89,1.88,0.01,False
BBT,2017-12-31,-0.07,1.47,1.39,0.08,True
BBT,2018-12-31,0.31,2.3,2.29,0.01,False
BBT,2019-12-31,0.51,1.98,1.97,0.01,False
BBT,2020-12-31,0.3,-10.61,-10.6,0.01,False
BBT,2021-12-31,0.42,2.42,2.39,0.03,False
BBT,2022-12-31,0.69,2.03,2.02,0.01,False
BBT,2023-12-31,-0.03,1.6,1.6,0.0,False
BBT,2024-12-31,0.46,1.44,1.43,0.01,False
BBT,2025-12-31,0.64,1.05,1.03,0.02,False
BBWI,2015-01-31,1.88,3.48,3.5,0.02,False
BBWI,2016-01-30,2.15,4.22,4.22,0.0,False
BBWI,2017-01-28,2.18,3.99,3.98,0.01,False
BBWI,2018-02-03,2.33,3.44,3.42,0.02,False
BBWI,2019-02-02,1.93,2.3,2.31,0.01,False
BBWI,2020-02-01,-0.71,-1.34,-1.33,0.01,False
BBWI,2021-01-30,3.01,2.93,3.0,0.07,False
BBWI,2022-01-29,2.28,4.92,4.88,0.04,False
BBWI,2023-01-28,1.9,3.46,3.43,0.03,False
BBWI,2024-02-03,2.53,3.83,3.84,0.01,False
BBWI,2025-02-01,2.1,3.65,3.61,0.04,False
BBWI,2026-01-31,1.98,3.14,3.11,0.03,False
BC,2014-12-31,-0.05,2.58,2.58,0.0,False
BC,2015-12-31,-0.1,2.56,2.56,0.0,False
BC,2016-12-31,0.19,2.99,3.0,0.01,False
BC,2017-12-31,-1.31,1.6,1.62,0.02,False
BC,2018-12-31,0.49,3.01,3.01,0.0,False
BC,2019-12-31,0.81,-1.54,-1.53,0.01,False
BC,2020-12-31,1.21,4.69,4.68,0.01,False
BC,2021-12-31,1.3,7.57,7.57,0.0,False
BC,2022-12-31,1.95,8.99,9.0,0.01,False
BC,2023-12-31,0.88,5.95,5.96,0.01,False
BC,2024-12-31,-1.23,1.91,1.93,0.02,False
BC,2025-12-31,0.29,-2.11,-2.08,0.03,False
BCC,2014-12-31,0.4,2.03,2.03,0.0,False
BCC,2015-12-31,0.06,1.32,1.33,0.01,False
BCC,2016-12-31,0.11,0.99,0.98,0.01,False
BCC,2017-12-31,0.49,2.13,2.12,0.01,False
BCC,2018-12-31,-1.84,0.51,0.52,0.01,False
BCC,2019-12-31,0.37,2.06,2.06,0.0,False
BCC,2020-12-31,0.66,4.43,4.44,0.01,False
BCC,2021-12-31,4.27,17.96,17.97,0.01,False
BCC,2022-12-31,2.95,21.57,21.56,0.01,False
BCC,2023-12-31,2.44,12.12,12.12,0.0,False
BCC,2024-12-31,1.78,9.56,9.57,0.01,False
BCC,2025-12-31,0.24,3.52,3.53,0.01,False
BCO,2014-12-31,-0.98,-1.74,-1.71,0.03,False
BCO,2015-12-31,-0.07,-0.24,-0.24,0.0,False
BCO,2016-12-31,0.25,0.68,0.68,0.0,False
BCO,2017-12-31,-1.0,0.33,0.32,0.01,False
BCO,2018-12-31,0.72,-0.62,-0.65,0.03,False
BCO,2019-12-31,-0.05,0.57,0.57,0.0,False
BCO,2020-12-31,0.5,0.3,0.31,0.01,False
BCO,2021-12-31,1.01,2.11,2.1,0.01,False
BCO,2022-12-31,0.95,3.56,3.57,0.01,False
BCO,2023-12-31,-0.11,1.86,1.87,0.01,False
BCO,2024-12-31,0.88,3.64,3.63,0.01,False
BCO,2025-12-31,1.62,4.69,4.69,0.0,False
BCPC,2014-12-31,0.61,1.7,1.69,0.01,False
BCPC,2015-12-31,0.49,1.88,1.89,0.01,False
BCPC,2016-12-31,0.5,1.75,1.75,0.0,False
BCPC,2017-12-31,1.3,2.79,2.79,0.0,False
BCPC,2018-12-31,0.63,2.43,2.42,0.01,False
BCPC,2019-12-31,0.63,2.46,2.45,0.01,False
BCPC,2020-12-31,0.68,2.6,2.6,0.0,False
BCPC,2021-12-31,0.76,2.95,2.94,0.01,False
BCPC,2022-12-31,0.66,3.25,3.25,0.0,False
BCPC,2023-12-31,0.82,3.35,3.35,0.0,False
BCPC,2024-12-31,1.02,3.92,3.93,0.01,False
BCPC,2025-12-31,1.21,4.75,4.75,0.0,False
BDC,2014-12-31,0.37,1.7,1.69,0.01,False
BDC,2015-12-31,1.15,1.53,1.54,0.01,False
BDC,2016-12-31,0.59,2.64,2.65,0.01,False
BDC,2017-12-31,0.51,1.37,1.37,0.0,False
BDC,2018-12-31,0.78,2.92,3.08,0.16,True
BDC,2019-12-31,-3.21,-8.65,-9.37,0.72,True
BDC,2020-12-31,0.15,-1.24,-1.23,0.01,False
BDC,2021-12-31,-1.09,1.43,1.41,0.02,False
BDC,2022-12-31,1.42,5.75,5.72,0.03,False
BDC,2023-12-31,0.91,5.66,5.66,0.0,False
BDC,2024-12-31,1.42,4.81,4.8,0.01,False
BDC,2025-12-31,1.7,5.91,5.91,0.0,False
BFAM,2014-12-31,0.28,1.07,1.07,0.0,False
BFAM,2015-12-31,0.39,1.5,1.5,0.0,False
BFAM,2016-12-31,0.28,1.55,1.55,0.0,False
BFAM,2017-12-31,0.86,2.59,2.59,0.0,False
BFAM,2018-12-31,0.79,2.66,2.66,0.0,False
BFAM,2019-12-31,0.81,3.04,3.05,0.01,False
BFAM,2020-12-31,0.04,0.46,0.45,0.01,False
BFAM,2021-12-31,0.29,1.16,1.15,0.01,False
BFAM,2022-12-31,0.31,1.37,1.37,0.0,False
BFAM,2023-12-31,0.09,1.27,1.28,0.01,False
BFAM,2024-12-31,0.5,2.4,2.4,0.0,False
BFAM,2025-12-31,0.38,3.36,3.36,0.0,False
BFH,2014-12-31,0.86,7.87,7.87,0.0,False
BFH,2015-12-31,2.35,8.86,8.85,0.01,False
BFH,2016-12-31,0.18,7.32,7.34,0.02,False
BFH,2017-12-31,4.89,14.14,14.1,0.04,False
BFH,2018-12-31,5.25,17.52,17.49,0.03,False
BFH,2019-12-31,2.06,5.37,5.46,0.09,False
BFH,2020-12-31,0.25,4.48,4.46,0.02,False
BFH,2021-12-31,0.35,16.03,16.02,0.01,False
BFH,2022-12-31,-2.67,4.47,4.46,0.01,False
BFH,2023-12-31,0.87,14.32,14.34,0.02,False
BFH,2024-12-31,0.14,5.55,5.49,0.06,False
BFH,2025-12-31,1.17,10.85,10.89,0.04,False
BFS,2014-12-31,0.25,1.54,1.54,0.0,False
BFS,2015-12-31,0.38,1.42,1.42,0.0,False
BFS,2016-12-31,0.38,1.52,1.52,0.0,False
BFS,2017-12-31,0.38,1.63,1.63,0.0,False
BFS,2018-12-31,0.41,1.6,1.6,0.0,False
BFS,2019-12-31,0.28,1.58,1.57,0.01,False
BFS,2020-12-31,0.28,1.25,1.25,0.0,False
BFS,2021-12-31,0.4,1.58,1.57,0.01,False
BFS,2022-12-31,0.38,1.63,1.63,0.0,False
BFS,2023-12-31,0.43,1.73,1.73,0.0,False
BFS,2024-12-31,0.22,1.63,1.63,0.0,False
BFS,2025-12-31,0.15,1.09,1.09,0.0,False
BGC,2014-12-31,-0.08,0.02,0.02,0.0,False
BGC,2015-12-31,0.31,0.56,0.5,0.06,True
BGC,2016-12-31,0.04,0.36,0.36,0.0,False
BGC,2017-12-31,-0.41,0.0,0.17,0.17,True
BGC,2019-12-31,-0.06,0.15,0.13,0.02,False
BGC,2020-12-31,-0.01,0.13,0.12,0.01,False
BGC,2021-12-31,0.18,0.31,0.32,0.01,False
BGC,2022-12-31,0.01,0.13,0.13,0.0,False
BGC,2023-12-31,0.03,0.06,0.07,0.01,False
BGC,2024-12-31,0.05,0.26,0.25,0.01,False
BGC,2025-12-31,0.03,0.31,0.31,0.0,False
BHE,2014-12-31,0.44,1.52,1.52,0.0,False
BHE,2015-12-31,0.77,1.84,1.83,0.01,False
BHE,2016-12-31,0.37,1.29,1.29,0.0,False
BHE,2017-12-31,-1.59,-0.71,-0.64,0.07,True
BHE,2018-12-31,0.63,0.54,0.49,0.05,True
BHE,2019-12-31,-0.18,0.59,0.6,0.01,False
BHE,2020-12-31,0.21,0.38,0.38,0.0,False
BHE,2021-12-31,0.35,1.0,0.99,0.01,False
BHE,2022-12-31,0.58,1.91,1.91,0.0,False
BHE,2023-12-31,0.48,1.79,1.79,0.0,False
BHE,2024-12-31,0.49,1.72,1.72,0.0,False
BHE,2025-12-31,0.17,0.69,0.68,0.01,False
BHF,2018-12-31,12.03,7.2,7.21,0.01,False
BHF,2019-12-31,-9.57,-6.55,-6.76,0.21,False
BHF,2020-12-31,-11.75,-18.23,-11.58,6.65,True
BHF,2021-12-31,0.54,-1.97,-2.36,0.39,True
BHF,2022-12-31,-14.24,-3.38,-1.36,2.02,True
BHF,2023-12-31,-14.78,-18.62,-18.39,0.23,False
BHF,2024-12-31,10.74,5.11,4.64,0.47,True
BHF,2025-12-31,1.92,5.79,5.71,0.08,False
BILL,2021-06-30,-0.48,-1.17,-1.19,0.02,False
BILL,2022-06-30,-0.81,-3.21,-3.21,0.0,False
BILL,2023-06-30,-0.15,-2.12,-2.11,0.01,False
BILL,2024-06-30,0.08,-0.56,-0.27,0.29,True
BILL,2025-06-30,0.02,-0.07,-0.07,0.0,False
BILL,2026-06-30,-0.22,-0.16,-0.11,0.05,False
BIO,2014-12-31,1.34,3.05,3.05,0.0,False
BIO,2015-12-31,1.68,3.85,3.85,0.0,False
BIO,2016-12-31,-0.69,0.96,0.95,0.01,False
BIO,2017-12-31,2.74,4.05,4.07,0.02,False
BIO,2018-12-31,-27.41,12.12,12.1,0.02,False
BIO,2019-12-31,18.06,57.98,58.27,0.29,False
BIO,2020-12-31,27.73,126.24,126.2,0.04,False
BIO,2021-12-31,-51.98,140.68,140.56,0.12,False
BIO,2022-12-31,28.03,-121.0,-121.79,0.79,False
BIO,2023-12-31,12.27,-21.36,-21.82,0.46,False
BIO,2024-12-31,-25.62,-65.09,-65.36,0.27,False
BIO,2025-12-31,26.65,27.91,27.85,0.06,False
BJ,2019-02-02,0.46,0.95,1.05,0.1,True
BJ,2020-02-01,0.3,1.34,1.35,0.01,False
BJ,2021-01-30,0.69,3.02,3.03,0.01,False
BJ,2022-01-29,0.78,3.09,3.09,0.0,False
BJ,2023-01-28,0.95,3.75,3.76,0.01,False
BJ,2024-02-03,1.08,3.87,3.88,0.01,False
BJ,2025-02-01,0.92,4.0,4.0,0.0,False
BJ,2026-01-31,0.96,4.38,4.38,0.0,False
BJRI,2014-12-30,0.31,0.98,0.97,0.01,False
BJRI,2015-12-29,0.43,1.74,1.73,0.01,False
BJRI,2017-01-03,0.56,1.89,1.88,0.01,False
BJRI,2018-01-02,1.12,2.09,2.06,0.03,False
BJRI,2019-01-01,0.49,2.37,2.35,0.02,False
BJRI,2019-12-31,0.74,2.2,2.2,0.0,False
BJRI,2020-12-29,-0.81,-2.71,-2.74,0.03,False
BJRI,2021-12-28,-0.21,-0.18,-0.16,0.02,False
BJRI,2023-01-03,0.17,0.17,0.17,0.0,False
BJRI,2024-01-02,0.33,0.82,0.82,0.0,False
BJRI,2024-12-31,-0.22,0.69,0.7,0.01,False
BJRI,2025-12-30,0.58,2.15,2.16,0.01,False
BKE,2015-01-31,1.25,3.38,3.38,0.0,False
BKE,2016-01-30,1.13,3.06,3.06,0.0,False
BKE,2017-01-28,0.74,2.02,2.03,0.01,False
BKE,2018-02-03,0.87,1.86,1.85,0.01,False
BKE,2019-02-02,0.84,1.96,1.97,0.01,False
BKE,2020-02-01,0.96,2.14,2.14,0.0,False
BKE,2021-01-30,1.33,2.65,2.66,0.01,False
BKE,2022-01-29,1.69,5.15,5.16,0.01,False
BKE,2023-01-28,1.76,5.13,5.13,0.0,False
BKE,2024-02-03,1.59,4.41,4.4,0.01,False
BKE,2025-02-01,1.53,3.88,3.89,0.01,False
BKE,2026-01-31,1.59,4.14,4.14,0.0,False
BKH,2014-12-31,0.81,2.95,2.89,0.06,False
BKH,2015-12-31,-0.3,-0.7,-0.71,0.01,False
BKH,2016-12-31,0.33,1.37,1.37,0.0,False
BKH,2017-12-31,0.93,3.22,3.21,0.01,False
BKH,2018-12-31,1.48,4.65,4.66,0.01,False
BKH,2019-12-31,1.13,3.29,3.28,0.01,False
BKH,2020-12-31,1.23,3.65,3.65,0.0,False
BKH,2021-12-31,1.11,3.75,3.74,0.01,False
BKH,2022-12-31,1.03,3.91,3.97,0.06,False
BKH,2023-12-31,1.17,3.92,3.91,0.01,False
BKH,2024-12-31,1.37,3.92,3.91,0.01,False
BKH,2025-12-31,1.39,3.98,3.98,0.0,False
BKU,2014-12-31,0.45,1.95,1.95,0.0,False
BKU,2015-12-31,0.52,2.34,2.35,0.01,False
BKU,2016-12-31,0.59,2.09,2.09,0.0,False
BKU,2017-12-31,3.79,5.58,5.58,0.0,False
BKU,2019-12-31,0.91,3.14,3.13,0.01,False
BKU,2020-12-31,0.89,2.06,2.06,0.0,False
BKU,2021-12-31,1.42,4.53,4.52,0.01,False
BKU,2022-12-31,0.83,3.56,3.54,0.02,False
BKU,2023-12-31,0.27,2.38,2.38,0.0,False
BKU,2024-12-31,0.91,3.08,3.08,0.0,False
BKU,2025-12-31,0.9,3.54,3.53,0.01,False
BL,2017-12-31,-0.11,-0.74,-0.73,0.01,False
BL,2018-12-31,-0.14,-0.51,-0.52,0.01,False
BL,2019-12-31,-0.16,-0.58,-0.59,0.01,False
BL,2020-12-31,-0.3,-0.83,-0.83,0.0,False
BL,2021-12-31,-0.63,-1.97,-1.97,0.0,False
BL,2022-12-31,0.19,-0.5,-0.49,0.01,False
BL,2023-12-31,0.26,0.7,0.81,0.11,True
BL,2024-12-31,0.76,1.42,1.45,0.03,False
BL,2025-12-31,0.07,0.39,0.39,0.0,False
BLFS,2017-12-31,-0.04,-0.2,-0.21,0.01,False
BLFS,2018-12-31,0.03,0.12,0.14,0.02,False
BLFS,2019-12-31,0.87,0.22,-0.09,0.31,True
BLFS,2020-12-31,-0.04,-0.79,-0.03,0.76,True
BLFS,2021-12-31,-0.38,-0.22,-0.2,0.02,False
BLFS,2022-12-31,-1.18,-3.29,-3.29,0.0,False
BLFS,2023-12-31,-0.31,-1.53,-1.52,0.01,False
BLFS,2024-12-31,0.27,-0.44,-0.44,0.0,False
BLFS,2025-12-31,0.22,-0.11,-0.1,0.01,False
BLKB,2014-12-31,0.1,0.61,0.62,0.01,False
BLKB,2020-12-31,-0.28,0.16,0.16,0.0,False
BLKB,2021-12-31,-0.14,0.13,0.12,0.01,False
BLKB,2022-12-31,-0.41,-0.88,-0.88,0.0,False
BLKB,2023-12-31,0.1,0.03,0.03,0.0,False
BLKB,2024-12-31,-7.27,-6.35,-5.6,0.75,True
BLKB,2025-12-31,0.77,2.39,2.37,0.02,False
BMI,2017-12-31,0.25,1.18,1.19,0.01,False
BMI,2018-12-31,0.38,0.95,0.95,0.0,False
BMI,2019-12-31,0.42,1.62,1.61,0.01,False
BMI,2020-12-31,0.45,1.7,1.69,0.01,False
BMI,2021-12-31,0.59,2.08,2.08,0.0,False
BMI,2022-12-31,0.6,2.27,2.26,0.01,False
BMI,2023-12-31,0.84,3.14,3.14,0.0,False
BMI,2024-12-31,1.04,4.23,4.23,0.0,False
BMI,2025-12-31,1.14,4.8,4.79,0.01,False
BMRN,2014-12-31,-0.51,-0.96,-0.92,0.04,False
BMRN,2015-12-31,0.43,-1.11,-1.07,0.04,False
BMRN,2016-12-31,-0.45,-3.85,-3.81,0.04,False
BMRN,2017-12-31,-0.29,-0.66,-0.67,0.01,False
BMRN,2018-12-31,-0.02,-0.44,-0.44,0.0,False
BMRN,2019-12-31,0.08,-0.15,-0.13,0.02,False
BMRN,2020-12-31,0.11,4.4,4.53,0.13,False
BMRN,2021-12-31,-0.32,-0.36,-0.35,0.01,False
BMRN,2022-12-31,-0.02,0.72,0.75,0.03,False
BMRN,2023-12-31,0.11,0.88,0.87,0.01,False
BMRN,2024-12-31,0.67,2.23,2.21,0.02,False
BMRN,2025-12-31,-0.22,1.8,1.8,0.0,False
BNL,2018-12-31,0.59,3.18,0.86,2.32,True
BNL,2019-12-31,0.94,3.06,0.83,2.23,True
BNL,2021-12-31,0.19,0.66,0.67,0.01,False
BNL,2022-12-31,0.2,0.72,0.72,0.0,False
BNL,2023-12-31,0.03,0.82,0.83,0.01,False
BNL,2024-12-31,0.14,0.87,0.86,0.01,False
BNL,2025-12-31,0.17,0.5,0.5,0.0,False
BOH,2014-12-31,0.94,3.7,3.69,0.01,False
BOH,2015-12-31,0.99,3.7,3.7,0.0,False
BOH,2016-12-31,1.02,4.23,4.23,0.0,False
BOH,2017-12-31,1.01,4.34,4.33,0.01,False
BOH,2018-12-31,1.3,5.24,5.23,0.01,False
BOH,2019-12-31,1.45,5.57,5.56,0.01,False
BOH,2020-12-31,1.06,3.86,3.86,0.0,False
BOH,2021-12-31,1.6,6.3,6.25,0.05,False
BOH,2022-12-31,1.5,5.48,5.48,0.0,False
BOH,2023-12-31,0.72,4.15,4.14,0.01,False
BOH,2024-12-31,0.85,3.46,3.46,0.0,False
BOH,2025-12-31,1.39,4.62,4.63,0.01,False
BOOT,2015-03-28,0.1,0.51,0.54,0.03,False
BOOT,2016-03-26,0.04,0.36,0.37,0.01,False
BOOT,2017-04-01,0.1,0.53,0.53,0.0,False
BOOT,2018-03-31,0.24,1.04,1.05,0.01,False
BOOT,2019-03-30,0.3,1.36,1.35,0.01,False
BOOT,2020-03-28,0.2,1.64,1.64,0.0,False
BOOT,2021-03-27,0.81,1.99,2.01,0.02,False
BOOT,2022-03-26,1.46,6.33,6.33,0.0,False
BOOT,2023-04-01,1.52,5.61,5.62,0.01,False
BOOT,2024-03-30,0.96,4.8,4.8,0.0,False
BOOT,2025-03-29,1.23,5.87,5.88,0.01,False
BOOT,2026-03-28,1.45,7.35,7.35,0.0,False
BOX,2021-01-31,-0.03,-0.28,-0.28,0.0,False
BOX,2022-01-31,-0.03,-0.32,-0.35,0.03,False
BOX,2023-01-31,0.1,0.05,0.06,0.01,False
BOX,2024-01-31,0.57,0.67,0.67,0.0,False
BOX,2025-01-31,1.12,1.35,1.36,0.01,False
BOX,2026-01-31,0.47,0.59,0.58,0.01,False
BRKR,2014-12-31,0.15,0.33,0.33,0.0,False
BRKR,2015-12-31,0.36,0.6,0.6,0.0,False
BRKR,2016-12-31,0.43,0.95,0.95,0.0,False
BRKR,2017-12-31,-0.02,0.49,0.49,0.0,False
BRKR,2018-12-31,0.5,1.15,1.14,0.01,False
BRKR,2019-12-31,0.44,1.26,1.26,0.0,False
BRKR,2020-12-31,0.45,1.03,1.02,0.01,False
BRKR,2021-12-31,0.5,1.82,1.81,0.01,False
BRKR,2022-12-31,0.66,1.99,1.99,0.0,False
BRKR,2023-12-31,1.41,2.92,2.9,0.02,False
BRKR,2024-12-31,0.09,0.76,0.76,0.0,False
BRKR,2025-12-31,0.17,-0.08,-0.15,0.07,True
BROS,2022-12-31,-0.01,-0.1,-0.09,0.01,False
BROS,2023-12-31,-0.02,0.03,0.03,0.0,False
BROS,2024-12-31,0.03,0.34,0.34,0.0,False
BROS,2025-12-31,0.17,0.64,0.64,0.0,False
BRX,2014-12-31,0.08,0.36,0.36,0.0,False
BRX,2015-12-31,0.17,0.63,0.65,0.02,False
BRX,2016-12-31,0.3,0.9,0.91,0.01,False
BRX,2017-12-31,0.23,0.98,0.98,0.0,False
BRX,2018-12-31,0.26,1.21,1.21,0.0,False
BRX,2019-12-31,0.21,0.92,0.92,0.0,False
BRX,2020-12-31,0.08,0.4,0.41,0.01,False
BRX,2021-12-31,0.27,0.9,0.9,0.0,False
BRX,2022-12-31,0.35,1.16,1.17,0.01,False
BRX,2023-12-31,0.24,1.01,1.01,0.0,False
BRX,2024-12-31,0.27,1.11,1.11,0.0,False
BRX,2025-12-31,0.44,1.26,1.25,0.01,False
BSY,2020-12-31,0.17,0.42,0.42,0.0,False
BSY,2021-12-31,0.14,0.3,0.3,0.0,False
BSY,2022-12-31,0.08,0.55,0.55,0.0,False
BSY,2023-12-31,0.54,0.99,1.0,0.01,False
BSY,2024-12-31,0.16,0.73,0.72,0.01,False
BSY,2025-12-31,0.18,0.86,0.85,0.01,False
BTSG,2024-12-31,0.08,-0.12,-0.09,0.03,False
BTSG,2025-12-31,0.34,0.87,0.87,0.0,False
BTU,2014-12-31,-1.92,-2.93,-2.94,0.01,False
BTU,2016-12-31,-10.56,-39.87,-40.45,0.58,False
BTU,2019-12-31,-3.08,-2.43,-2.04,0.39,True
BTU,2020-12-31,-1.32,-19.12,-19.14,0.02,False
BTU,2021-12-31,3.84,2.37,3.22,0.85,True
BTU,2022-12-31,4.04,8.03,8.31,0.28,False
BTU,2023-12-31,1.33,4.98,5.0,0.02,False
BTU,2024-12-31,0.24,2.69,2.7,0.01,False
BTU,2025-12-31,0.1,-0.44,-0.43,0.01,False
BURL,2015-01-31,1.19,0.8,0.87,0.07,True
BURL,2016-01-30,1.35,2.03,1.99,0.04,False
BURL,2017-01-28,1.77,3.02,3.01,0.01,False
BURL,2018-02-03,3.47,5.51,5.48,0.03,False
BURL,2019-02-02,2.7,6.05,6.04,0.01,False
BURL,2020-02-01,3.08,6.93,6.91,0.02,False
BURL,2021-01-30,2.38,-3.3,-3.28,0.02,False
BURL,2022-01-29,1.79,6.0,6.0,0.0,False
BURL,2023-01-28,2.83,3.51,3.49,0.02,False
BURL,2024-02-03,3.52,5.24,5.23,0.01,False
BURL,2025-02-01,4.0,7.77,7.8,0.03,False
BURL,2026-01-31,4.81,9.49,9.51,0.02,False
BWA,2014-12-31,0.61,2.86,2.86,0.0,False
BWA,2015-12-31,0.56,2.7,2.7,0.0,False
BWA,2016-12-31,-1.38,0.52,0.55,0.03,False
BWA,2017-12-31,-0.69,2.08,2.08,0.0,False
BWA,2018-12-31,1.1,4.45,4.44,0.01,False
BWA,2019-12-31,1.06,3.6,3.61,0.01,False
BWA,2020-12-31,1.51,2.2,2.34,0.14,True
BWA,2021-12-31,0.54,2.24,2.24,0.0,False
BWA,2022-12-31,1.09,4.0,3.99,0.01,False
BWA,2023-12-31,0.66,2.67,2.67,0.0,False
BWA,2024-12-31,-1.85,1.43,1.5,0.07,False
BWA,2025-12-31,-1.23,1.25,1.28,0.03,False
BWXT,2014-12-31,-0.97,0.25,0.27,0.02,False
BWXT,2015-12-31,-0.0,1.22,1.22,0.0,False
BWXT,2016-12-31,0.36,1.76,1.76,0.0,False
BWXT,2017-12-31,-0.16,1.46,1.47,0.01,False
BWXT,2018-12-31,0.22,2.26,2.27,0.01,False
BWXT,2019-12-31,0.64,2.55,2.55,0.0,False
BWXT,2020-12-31,0.69,2.91,2.91,0.0,False
BWXT,2021-12-31,1.26,3.24,3.24,0.0,False
BWXT,2022-12-31,0.47,2.6,2.6,0.0,False
BWXT,2023-12-31,0.72,2.69,2.68,0.01,False
BWXT,2024-12-31,0.77,3.07,3.07,0.0,False
BWXT,2025-12-31,1.01,3.57,3.58,0.01,False
BXMT,2014-12-31,0.37,1.86,1.86,0.0,False
BXMT,2019-12-31,0.58,2.35,2.35,0.0,False
BXMT,2020-12-31,0.57,0.92,0.97,0.05,True
BXMT,2021-12-31,0.76,2.75,2.77,0.02,False
BXMT,2022-12-31,-0.35,1.36,1.46,0.1,True
BXMT,2023-12-31,-0.02,1.4,1.43,0.03,False
BXMT,2024-12-31,0.21,-1.17,-1.17,0.0,False
BXMT,2025-12-31,0.24,0.65,0.64,0.01,False
BYD,2014-12-31,-0.3,-0.49,-0.48,0.01,False
BYD,2015-12-31,-0.06,0.41,0.42,0.01,False
BYD,2016-12-31,0.11,3.63,3.63,0.0,False
BYD,2017-12-31,0.71,1.64,1.64,0.0,False
BYD,2018-12-31,0.2,1.0,1.0,0.0,False
BYD,2019-12-31,0.21,1.39,1.38,0.01,False
BYD,2020-12-31,0.74,-1.19,-1.19,0.0,False
BYD,2021-12-31,0.96,4.07,4.07,0.0,False
BYD,2022-12-31,1.64,5.88,5.87,0.01,False
BYD,2023-12-31,0.94,6.1,6.12,0.02,False
BYD,2024-12-31,1.92,6.22,6.19,0.03,False
BYD,2025-12-31,1.79,22.75,22.56,0.19,False
CACC,2014-12-31,3.44,12.0,11.92,0.08,False
CACC,2015-12-31,3.8,14.28,14.28,0.0,False
CACC,2016-12-31,4.3,16.31,16.31,0.0,False
CACC,2017-12-31,9.04,24.04,24.04,0.0,False
CACC,2018-12-31,7.71,29.38,29.39,0.01,False
CACC,2019-12-31,8.52,34.58,34.57,0.01,False
CACC,2020-12-31,9.31,23.66,23.47,0.19,False
CACC,2021-12-31,14.82,59.61,59.52,0.09,False
CACC,2022-12-31,9.59,38.96,39.32,0.36,False
CACC,2023-12-31,7.3,22.03,21.99,0.04,False
CACC,2024-12-31,12.12,19.72,19.88,0.16,False
CACC,2025-12-31,11.01,36.52,36.38,0.14,False
CACI,2015-06-30,1.68,5.16,5.17,0.01,False
CACI,2016-06-30,1.76,5.77,5.76,0.01,False
CACI,2017-06-30,1.76,6.53,6.53,0.0,False
CACI,2018-06-30,2.05,11.94,11.93,0.01,False
CACI,2019-06-30,1.96,10.46,10.46,0.0,False
CACI,2020-06-30,3.68,12.61,12.61,0.0,False
CACI,2021-06-30,5.74,18.37,18.3,0.07,False
CACI,2022-06-30,3.93,15.5,15.49,0.01,False
CACI,2023-06-30,4.68,16.45,16.43,0.02,False
CACI,2024-06-30,5.98,18.61,18.6,0.01,False
CACI,2025-06-30,7.14,22.35,22.32,0.03,False
CACI,2026-06-30,7.05,24.15,24.16,0.01,False
CAG,2015-05-31,0.5,-0.59,-0.6,0.01,False
CAG,2016-05-29,0.27,-1.57,-1.56,0.01,False
CAG,2017-05-28,0.36,1.47,1.46,0.01,False
CAG,2018-05-27,0.18,1.98,1.98,0.0,False
CAG,2019-05-26,0.26,1.47,1.52,0.05,False
CAG,2020-05-31,0.41,1.72,1.72,0.0,False
CAG,2021-05-30,0.64,2.66,2.66,0.0,False
CAG,2022-05-29,0.33,1.84,1.84,0.0,False
CAG,2023-05-28,0.08,1.42,1.42,0.0,False
CAG,2024-05-26,-1.18,0.73,0.72,0.01,False
CAG,2025-05-25,0.53,2.39,2.4,0.01,False
CAG,2026-05-31,-3.39,-4.02,-4.0,0.02,False
CAKE,2014-12-30,0.48,1.98,1.96,0.02,False
CAKE,2015-12-29,0.54,2.31,2.3,0.01,False
CAKE,2017-01-03,0.67,2.83,2.83,0.0,False
CAKE,2018-01-02,1.23,3.28,3.27,0.01,False
CAKE,2019-01-01,0.36,2.14,2.14,0.0,False
CAKE,2019-12-31,1.1,2.85,2.86,0.01,False
CAKE,2020-12-29,-0.85,-6.33,-6.32,0.01,False
CAKE,2021-12-28,0.06,1.04,1.01,0.03,False
CAKE,2023-01-03,-0.07,0.83,0.86,0.03,False
CAKE,2024-01-02,0.26,2.06,2.07,0.01,False
CAKE,2024-12-31,0.83,3.2,3.2,0.0,False
CAKE,2025-12-30,0.6,3.07,3.06,0.01,False
CALM,2016-05-28,-0.01,6.53,6.53,0.0,False
CALM,2017-06-03,-0.5,-1.53,-1.54,0.01,False
CALM,2018-06-02,1.47,2.59,2.6,0.01,False
CALM,2019-06-01,-0.41,1.12,1.12,0.0,False
CALM,2020-05-30,1.24,0.37,0.38,0.01,False
CALM,2021-05-29,-0.09,0.04,0.04,0.0,False
CALM,2022-05-28,2.29,2.75,2.72,0.03,False
CALM,2023-06-03,2.27,15.53,15.52,0.01,False
CALM,2024-06-01,2.32,5.69,5.69,0.0,False
CALM,2025-05-31,7.03,24.94,24.95,0.01,False
CALM,2026-05-30,-0.76,6.55,6.63,0.08,False
CALX,2018-12-31,-0.11,-0.37,-0.37,0.0,False
CALX,2019-12-31,0.01,-0.32,-0.32,0.0,False
CALX,2020-12-31,0.39,0.52,0.54,0.02,False
CALX,2021-12-31,0.29,3.51,3.51,0.0,False
CALX,2022-12-31,0.17,0.59,0.6,0.01,False
CALX,2023-12-31,-0.1,0.41,0.42,0.01,False
CALX,2024-12-31,-0.28,-0.46,-0.45,0.01,False
CALX,2025-12-31,0.09,0.24,0.26,0.02,False
CALY,2014-12-31,-0.54,0.1,0.2,0.1,True
CALY,2015-12-31,-0.33,0.17,0.17,0.0,False
CALY,2016-12-31,1.26,1.96,1.98,0.02,False
CALY,2017-12-31,-0.2,0.43,0.42,0.01,False
CALY,2018-12-31,-0.29,1.09,1.08,0.01,False
CALY,2019-12-31,-0.3,0.82,0.82,0.0,False
CALY,2020-12-31,-0.45,-1.39,-1.35,0.04,False
CALY,2021-12-31,-0.13,2.44,1.82,0.62,True
CALY,2022-12-31,-0.35,0.82,0.82,0.0,False
CALY,2023-12-31,-0.38,0.5,0.5,0.0,False
CALY,2024-12-31,-8.23,-7.89,-7.88,0.01,False
CALY,2025-12-31,-2.19,-2.15,-2.2,0.05,False
CAR,2014-12-31,0.2,2.21,2.22,0.01,False
CAR,2015-12-31,-0.05,2.97,2.98,0.01,False
CAR,2016-12-31,-0.34,1.79,1.75,0.04,False
CAR,2017-12-31,2.61,4.31,4.25,0.06,False
CAR,2018-12-31,0.17,2.09,2.06,0.03,False
CAR,2019-12-31,1.9,4.01,3.98,0.03,False
CAR,2020-12-31,-1.28,-9.72,-9.71,0.01,False
CAR,2021-12-31,6.44,20.09,19.44,0.65,False
CAR,2022-12-31,10.1,57.19,57.16,0.03,False
CAR,2023-12-31,6.82,42.33,42.08,0.25,False
CAR,2024-12-31,-55.94,-52.09,-51.23,0.86,False
CAR,2025-12-31,-21.53,-25.67,-25.25,0.42,False
CARG,2017-12-31,0.04,0.14,0.12,0.02,False
CARG,2018-12-31,0.16,0.6,0.57,0.03,False
CARG,2019-12-31,0.12,0.37,0.37,0.0,False
CARG,2020-12-31,0.22,0.68,0.68,0.0,False
CARG,2021-12-31,0.27,0.93,0.0,0.93,True
CARG,2022-12-31,0.31,-0.17,0.62,0.79,True
CARG,2023-12-31,-0.2,0.19,0.19,0.0,False
CARG,2024-12-31,0.43,0.18,0.2,0.02,False
CARG,2025-12-31,0.52,1.56,1.55,0.01,False
CART,2024-12-31,0.54,1.59,1.58,0.01,False
CART,2025-12-31,0.29,1.58,1.6,0.02,False
CASH,2015-09-30,0.63,2.65,2.66,0.01,False
CASH,2016-09-30,0.7,3.91,3.92,0.01,False
CASH,2017-09-30,0.19,4.79,4.83,0.04,False
CASH,2018-09-30,0.24,1.67,1.67,0.0,False
CASH,2020-09-30,0.38,2.92,2.94,0.02,False
CASH,2021-09-30,0.5,4.39,4.38,0.01,False
CASH,2022-09-30,0.81,5.23,5.26,0.03,False
CASH,2023-09-30,1.36,6.01,5.99,0.02,False
CASH,2024-09-30,1.36,7.22,6.62,0.6,True
CASH,2025-09-30,1.69,7.87,7.87,0.0,False
CATY,2014-12-31,0.44,1.72,1.72,0.0,False
CATY,2015-12-31,0.51,1.99,1.98,0.01,False
CATY,2016-12-31,0.6,2.19,2.19,0.0,False
CATY,2017-12-31,0.32,2.18,2.17,0.01,False
CATY,2018-12-31,0.8,3.33,3.33,0.0,False
CATY,2019-12-31,0.84,3.48,3.48,0.0,False
CATY,2020-12-31,0.89,2.87,2.87,0.0,False
CATY,2021-12-31,0.98,3.8,3.8,0.0,False
CATY,2022-12-31,1.31,4.83,4.83,0.0,False
CATY,2023-12-31,1.13,4.86,4.86,0.0,False
CATY,2024-12-31,1.12,3.96,3.95,0.01,False
CATY,2025-12-31,1.33,4.54,4.54,0.0,False
CAVA,2024-12-29,0.66,1.1,1.1,0.0,False
CAVA,2025-12-28,0.04,0.54,0.54,0.0,False
CBRL,2015-07-31,1.97,6.82,6.82,0.0,False
CBRL,2016-07-29,2.12,7.87,7.86,0.01,False
CBRL,2017-07-28,2.23,8.38,8.37,0.01,False
CBRL,2018-08-03,2.55,10.29,10.29,0.0,False
CBRL,2019-08-02,2.7,9.27,9.27,0.0,False
CBRL,2020-07-31,1.06,-1.41,-1.36,0.05,False
CBRL,2021-07-30,1.53,10.71,10.71,0.0,False
CBRL,2022-07-29,1.47,5.67,5.67,0.0,False
CBRL,2023-07-28,1.68,4.45,4.45,0.0,False
CBRL,2024-08-02,0.81,1.84,1.83,0.01,False
CBRL,2025-08-01,0.3,2.07,2.06,0.01,False
CBRL,2026-07-31,0.53,1.39,1.4,0.01,False
CBT,2015-09-30,0.65,-5.29,-5.27,0.02,False
CBT,2016-09-30,0.82,2.35,2.36,0.01,False
CBT,2017-09-30,1.09,3.83,3.8,0.03,False
CBT,2018-09-30,1.53,-1.85,-1.85,0.0,False
CBT,2019-09-30,0.54,2.62,2.63,0.01,False
CBT,2020-09-30,-4.83,-4.26,-4.21,0.05,False
CBT,2021-09-30,0.51,4.35,4.34,0.01,False
CBT,2022-09-30,1.63,3.59,3.62,0.03,False
CBT,2023-09-30,4.11,7.76,7.73,0.03,False
CBT,2024-09-30,2.41,6.72,6.72,0.0,False
CBT,2025-09-30,0.78,6.0,6.02,0.02,False
CBU,2014-12-31,0.56,2.21,2.22,0.01,False
CBU,2015-12-31,0.47,2.19,2.19,0.0,False
CBU,2016-12-31,0.59,2.33,2.32,0.01,False
CBU,2017-12-31,1.4,3.0,3.03,0.03,False
CBU,2018-12-31,0.78,3.25,3.24,0.01,False
CBU,2019-12-31,0.82,3.23,3.23,0.0,False
CBU,2020-12-31,0.86,3.07,3.08,0.01,False
CBU,2021-12-31,0.8,3.48,3.48,0.0,False
CBU,2022-12-31,0.97,3.46,3.46,0.0,False
CBU,2023-12-31,0.63,2.45,2.45,0.0,False
CBU,2024-12-31,0.94,3.44,3.44,0.0,False
CBU,2025-12-31,1.03,3.97,3.97,0.0,False
CC,2015-12-31,-0.48,-0.5,-0.5,0.0,False
CC,2016-12-31,-1.23,0.06,0.04,0.02,False
CC,2017-12-31,1.19,3.9,3.91,0.01,False
CC,2018-12-31,0.81,5.43,5.45,0.02,False
CC,2019-12-31,-2.04,-0.46,-0.32,0.14,True
CC,2020-12-31,0.11,1.33,1.32,0.01,False
CC,2021-12-31,1.4,3.63,3.6,0.03,False
CC,2022-12-31,-0.64,3.57,3.65,0.08,False
CC,2023-12-31,-0.13,-1.61,-1.6,0.01,False
CC,2024-12-31,-0.05,0.57,0.57,0.0,False
CC,2025-12-31,-0.31,-2.57,-2.57,0.0,False
CCK,2014-12-31,0.09,2.78,2.79,0.01,False
CCK,2015-12-31,0.47,2.82,2.82,0.0,False
CCK,2016-12-31,0.47,3.56,3.56,0.0,False
CCK,2017-12-31,-0.67,2.36,2.38,0.02,False
CCK,2018-12-31,0.4,3.29,3.28,0.01,False
CCK,2019-12-31,0.64,3.79,3.78,0.01,False
CCK,2020-12-31,1.12,4.3,4.3,0.0,False
CCK,2021-12-31,-8.14,-4.83,-4.3,0.53,True
CCK,2022-12-31,0.75,5.98,5.99,0.01,False
CCK,2023-12-31,0.27,3.76,3.76,0.0,False
CCK,2024-12-31,3.01,3.55,3.55,0.0,False
CCK,2025-12-31,1.31,6.37,6.38,0.01,False
CCOI,2014-12-31,-0.01,0.02,0.02,0.0,False
CCOI,2015-12-31,0.05,0.1,0.11,0.01,False
CCOI,2016-12-31,0.09,0.14,0.33,0.19,True
CCOI,2017-12-31,-0.14,0.13,0.13,0.0,False
CCOI,2018-12-31,0.15,0.62,0.63,0.01,False
CCOI,2019-12-31,0.16,0.82,0.81,0.01,False
CCOI,2020-12-31,-0.14,0.13,0.13,0.0,False
CCOI,2021-12-31,0.38,1.02,1.03,0.01,False
CCOI,2022-12-31,0.02,0.11,0.11,0.0,False
CCOI,2023-12-31,4.07,26.65,26.62,0.03,False
CCOI,2024-12-31,-0.9,-4.29,-4.28,0.01,False
CCOI,2025-12-31,-0.63,-3.8,-3.8,0.0,False
CCS,2014-12-31,0.34,1.04,1.03,0.01,False
CCS,2015-12-31,0.64,1.91,1.88,0.03,False
CCS,2016-12-31,0.72,2.35,2.33,0.02,False
CCS,2017-12-31,0.61,2.04,2.03,0.01,False
CCS,2018-12-31,0.84,3.17,3.17,0.0,False
CCS,2019-12-31,1.63,3.57,3.62,0.05,False
CCS,2020-12-31,2.72,6.13,6.13,0.0,False
CCS,2021-12-31,4.65,14.43,14.47,0.04,False
CCS,2022-12-31,2.47,15.89,15.92,0.03,False
CCS,2023-12-31,2.83,8.05,8.05,0.0,False
CCS,2024-12-31,3.2,10.4,10.4,0.0,False
CCS,2025-12-31,1.21,4.86,4.86,0.0,False
CDE,2014-12-31,-10.54,-11.29,-11.28,0.01,False
CDE,2015-12-31,-2.08,-2.63,-2.83,0.2,True
CDE,2020-12-31,0.05,0.1,0.11,0.01,False
CDE,2021-12-31,-0.04,-0.11,-0.13,0.02,False
CDE,2022-12-31,0.17,-0.29,-0.28,0.01,False
CDE,2023-12-31,-0.07,-0.31,-0.3,0.01,False
CDE,2024-12-31,0.09,0.13,0.15,0.02,False
CDE,2025-12-31,0.33,0.91,0.95,0.04,False
CDP,2014-12-31,0.01,0.25,0.25,0.0,False
CDP,2015-12-31,0.59,1.73,1.74,0.01,False
CDP,2016-12-31,0.22,-0.04,-0.03,0.01,False
CDP,2017-12-31,0.1,0.57,0.57,0.0,False
CDP,2018-12-31,0.16,0.7,0.69,0.01,False
CDP,2019-12-31,0.38,1.71,1.71,0.0,False
CDP,2020-12-31,0.73,0.86,0.87,0.01,False
CDP,2021-12-31,0.12,0.68,0.68,0.0,False
CDP,2022-12-31,0.45,1.53,1.53,0.0,False
CDP,2023-12-31,0.3,-0.67,-0.67,0.0,False
CDP,2024-12-31,0.31,1.23,1.23,0.0,False
CDP,2025-12-31,0.33,1.35,1.34,0.01,False
CE,2014-12-31,-0.54,4.0,4.0,0.0,False
CE,2015-12-31,-1.98,1.95,2.0,0.05,False
CE,2016-12-31,1.12,6.16,6.18,0.02,False
CE,2017-12-31,1.49,6.1,6.09,0.01,False
CE,2018-12-31,0.74,8.88,8.91,0.03,False
CE,2019-12-31,0.35,6.77,6.84,0.07,False
CE,2020-12-31,12.45,16.92,16.75,0.17,False
CE,2021-12-31,4.74,16.89,16.86,0.03,False
CE,2022-12-31,6.98,17.32,17.34,0.02,False
CE,2023-12-31,6.37,17.9,17.92,0.02,False
CE,2024-12-31,-17.64,-14.07,-13.93,0.14,False
CE,2025-12-31,0.17,-10.6,-10.64,0.04,False
CELH,2018-12-31,-0.02,-0.23,-0.23,0.0,False
CELH,2019-12-31,-0.02,0.17,0.16,0.01,False
CELH,2020-12-31,0.02,0.11,0.11,0.0,False
CELH,2021-12-31,-0.04,0.05,0.05,0.0,False
CELH,2022-12-31,-0.3,-2.55,-2.63,0.08,False
CELH,2024-12-31,-0.1,0.45,0.45,0.0,False
CELH,2025-12-31,0.03,0.24,0.25,0.01,False
CENT,2015-09-26,-0.09,0.64,0.64,0.0,False
CENT,2016-09-24,-0.1,0.88,0.87,0.01,False
CENT,2017-09-30,0.08,1.52,1.52,0.0,False
CENT,2018-09-29,0.19,2.34,2.32,0.02,False
CENT,2019-09-28,0.04,1.6,1.61,0.01,False
CENT,2020-09-26,0.25,2.22,2.2,0.02,False
CENT,2021-09-25,-0.05,2.74,2.75,0.01,False
CENT,2022-09-24,-0.04,2.78,2.8,0.02,False
CENT,2023-09-30,0.05,2.35,2.35,0.0,False
CENT,2025-09-27,-0.16,2.55,2.55,0.0,False
CENTA,2015-09-26,-0.09,0.64,0.64,0.0,False
CENTA,2016-09-24,-0.1,0.88,0.87,0.01,False
CENTA,2017-09-30,0.08,1.52,1.52,0.0,False
CENTA,2018-09-29,0.19,2.34,2.32,0.02,False
CENTA,2019-09-28,0.04,1.6,1.61,0.01,False
CENTA,2020-09-26,0.25,2.22,2.2,0.02,False
CENTA,2021-09-25,-0.05,2.74,2.75,0.01,False
CENTA,2022-09-24,-0.04,2.78,2.8,0.02,False
CENTA,2023-09-30,0.05,2.35,2.35,0.0,False
CENTA,2025-09-27,-0.16,2.55,2.55,0.0,False
CENX,2014-12-31,0.63,1.13,1.15,0.02,False
CENX,2016-12-31,-1.93,-2.9,-2.9,0.0,False
CENX,2017-12-31,0.37,0.49,0.51,0.02,False
CENX,2018-12-31,-0.75,-0.78,-0.76,0.02,False
CENX,2019-12-31,-0.05,-0.9,-0.91,0.01,False
CENX,2020-12-31,-0.4,-1.38,-1.38,0.0,False
CENX,2021-12-31,0.67,-1.85,-1.85,0.0,False
CENX,2022-12-31,-1.47,-0.5,-0.15,0.35,True
CENX,2023-12-31,0.33,-0.47,-0.47,0.0,False
CENX,2024-12-31,0.4,3.09,3.27,0.18,True
CENX,2025-12-31,0.02,0.41,0.42,0.01,False
CERT,2021-12-31,-0.06,-0.08,-0.09,0.01,False
CERT,2022-12-31,0.06,0.09,0.09,0.0,False
CERT,2023-12-31,-0.08,-0.35,-0.35,0.0,False
CERT,2024-12-31,0.04,-0.08,-0.08,0.0,False
CERT,2025-12-31,-0.04,-0.01,-0.01,0.0,False
CFFN,2015-09-30,0.14,0.57,0.58,0.01,False
CFFN,2016-09-30,0.15,0.62,0.63,0.01,False
CFFN,2017-09-30,0.15,0.62,0.63,0.01,False
CFFN,2018-09-30,0.16,0.74,0.73,0.01,False
CFFN,2019-09-30,0.16,0.69,0.68,0.01,False
CFFN,2020-09-30,0.13,0.46,0.47,0.01,False
CFFN,2021-09-30,0.14,0.56,0.56,0.0,False
CFFN,2022-09-30,0.14,0.62,0.62,0.0,False
CFFN,2023-09-30,-1.05,-0.76,-0.76,0.0,False
CFFN,2024-09-30,0.09,0.29,0.29,0.0,False
CFFN,2025-09-30,0.14,0.52,0.52,0.0,False
CFR,2014-12-31,1.11,4.28,4.29,0.01,False
CFR,2015-12-31,0.89,4.27,4.28,0.01,False
CFR,2016-12-31,1.27,4.69,4.7,0.01,False
CFR,2017-12-31,1.53,5.51,5.51,0.0,False
CFR,2018-12-31,1.82,6.89,6.9,0.01,False
CFR,2019-12-31,1.61,6.85,6.84,0.01,False
CFR,2020-12-31,1.4,5.12,5.1,0.02,False
CFR,2021-12-31,1.54,6.76,6.76,0.0,False
CFR,2022-12-31,2.93,8.83,8.81,0.02,False
CFR,2023-12-31,1.57,9.12,9.1,0.02,False
CFR,2024-12-31,2.38,8.89,8.87,0.02,False
CFR,2025-12-31,2.59,9.95,9.92,0.03,False
CG,2014-12-31,0.22,1.25,1.23,0.02,False
CG,2015-12-31,-0.01,-0.24,-0.3,0.06,True
CG,2016-12-31,-0.16,-0.1,-0.08,0.02,False
CG,2017-12-31,0.53,2.45,2.38,0.07,False
CG,2018-12-31,-0.14,0.82,0.82,0.0,False
CG,2019-12-31,-0.06,2.9,2.82,0.08,False
CG,2020-12-31,1.4,0.87,0.97,0.1,True
CG,2021-12-31,1.78,8.2,8.2,0.0,False
CG,2022-12-31,0.35,3.36,3.35,0.01,False
CG,2023-12-31,-1.95,-1.72,-1.68,0.04,False
CG,2024-12-31,0.57,2.78,2.77,0.01,False
CG,2025-12-31,0.96,2.18,2.18,0.0,False
CGNX,2014-12-31,0.3,1.37,1.36,0.01,False
CGNX,2015-12-31,0.22,2.13,2.13,0.0,False
CGNX,2016-12-31,0.44,1.71,1.72,0.01,False
CGNX,2018-12-31,0.26,1.24,1.24,0.0,False
CGNX,2019-12-31,0.46,1.17,1.16,0.01,False
CGNX,2020-12-31,0.38,0.98,1.0,0.02,False
CGNX,2021-12-31,0.3,1.56,1.56,0.0,False
CGNX,2022-12-31,0.32,1.23,1.23,0.0,False
CGNX,2023-12-31,0.07,0.66,0.65,0.01,False
CGNX,2024-12-31,0.16,0.61,0.62,0.01,False
CGNX,2025-12-31,0.19,0.67,0.68,0.01,False
CHCO,2014-12-31,0.97,3.39,3.38,0.01,False
CHCO,2015-12-31,0.89,3.53,3.53,0.0,False
CHCO,2016-12-31,0.98,3.47,3.45,0.02,False
CHCO,2017-12-31,0.62,3.49,3.48,0.01,False
CHCO,2018-12-31,0.68,4.49,4.49,0.0,False
CHCO,2019-12-31,1.38,5.42,5.42,0.0,False
CHCO,2020-12-31,1.39,5.54,5.55,0.01,False
CHCO,2021-12-31,1.54,5.67,5.66,0.01,False
CHCO,2022-12-31,2.05,6.8,6.8,0.0,False
CHCO,2023-12-31,1.84,7.61,7.61,0.0,False
CHCO,2024-12-31,1.94,7.89,7.89,0.0,False
CHCO,2025-12-31,2.18,8.94,8.93,0.01,False
CHDN,2014-12-31,-0.79,2.58,2.64,0.06,False
CHDN,2015-12-31,0.43,3.68,3.71,0.03,False
CHDN,2016-12-31,1.64,6.43,6.42,0.01,False
CHDN,2017-12-31,2.48,8.81,8.77,0.04,False
CHDN,2018-12-31,0.27,8.35,8.48,0.13,False
CHDN,2020-12-31,0.42,-2.09,-2.08,0.01,False
CHDN,2021-12-31,1.12,6.36,6.35,0.01,False
CHDN,2022-12-31,0.03,11.38,11.42,0.04,False
CHE,2014-12-31,1.7,5.57,5.57,0.0,False
CHE,2015-12-31,1.72,6.32,6.33,0.01,False
CHE,2016-12-31,1.94,6.49,6.48,0.01,False
CHE,2017-12-31,3.12,5.68,5.86,0.18,False
CHE,2018-12-31,3.25,12.24,12.23,0.01,False
CHE,2019-12-31,3.96,13.3,13.31,0.01,False
CHE,2020-12-31,6.97,19.5,19.48,0.02,False
CHE,2021-12-31,4.81,16.88,16.85,0.03,False
CHE,2022-12-31,4.13,16.53,16.53,0.0,False
CHE,2023-12-31,5.9,17.92,17.93,0.01,False
CHE,2024-12-31,6.03,19.92,19.89,0.03,False
CHE,2025-12-31,5.5,18.39,18.34,0.05,False
CHEF,2014-12-26,0.21,0.57,0.57,0.0,False
CHEF,2015-12-25,0.24,0.61,0.63,0.02,False
CHEF,2016-12-30,0.35,0.11,0.12,0.01,False
CHEF,2017-12-29,0.33,0.52,0.54,0.02,False
CHEF,2018-12-28,0.28,0.68,0.7,0.02,False
CHEF,2019-12-27,0.36,0.81,0.81,0.0,False
CHEF,2020-12-25,-1.12,-2.53,-2.46,0.07,False
CHEF,2021-12-24,0.23,-0.14,-0.13,0.01,False
CHEF,2022-12-30,0.03,0.7,0.73,0.03,False
CHEF,2023-12-29,0.3,0.78,0.88,0.1,True
CHEF,2024-12-27,0.45,1.21,1.32,0.11,True
CHEF,2025-12-26,0.49,1.67,1.68,0.01,False
CHH,2014-12-31,0.43,2.09,2.1,0.01,False
CHH,2015-12-31,0.51,2.22,2.22,0.0,False
CHH,2016-12-31,0.56,2.45,2.46,0.01,False
CHH,2019-12-31,0.75,3.98,3.98,0.0,False
CHH,2020-12-31,0.14,1.35,1.35,0.0,False
CHH,2021-12-31,1.14,5.15,5.15,0.0,False
CHH,2022-12-31,1.04,5.98,5.99,0.01,False
CHH,2023-12-31,0.58,5.06,5.07,0.01,False
CHH,2024-12-31,1.6,6.24,6.2,0.04,False
CHH,2025-12-31,1.37,7.92,7.9,0.02,False
CHRD,2014-12-31,1.75,5.05,5.05,0.0,False
CHRD,2015-12-31,0.03,-0.33,-0.31,0.02,False
CHRD,2016-12-31,-0.25,-1.35,-1.32,0.03,False
CHRD,2017-12-31,0.51,0.5,0.52,0.02,False
CHRD,2018-12-31,0.72,-0.1,-0.11,0.01,False
CHRD,2019-12-31,-0.24,-0.41,-0.41,0.0,False
CHRD,2021-12-31,10.38,15.18,15.48,0.3,False
CHRD,2022-12-31,8.28,59.1,57.55,1.55,False
CHRD,2023-12-31,6.95,23.55,23.51,0.04,False
CHRD,2024-12-31,3.78,16.27,16.02,0.25,False
CHRD,2025-12-31,1.49,0.64,0.74,0.1,True
CHWY,2020-02-02,-0.15,-0.64,-0.63,0.01,False
CHWY,2021-01-31,0.05,-0.23,-0.23,0.0,False
CHWY,2022-01-30,-0.16,-0.19,-0.18,0.01,False
CHWY,2023-01-29,0.01,0.11,0.12,0.01,False
CHWY,2024-01-28,0.08,0.09,0.09,0.0,False
CHWY,2025-02-02,0.05,0.89,0.91,0.02,False
CHWY,2026-02-01,0.09,0.52,0.52,0.0,False
CLF,2014-12-31,-8.47,-47.51,-47.52,0.01,False
CLF,2015-12-31,-0.39,-4.36,-5.13,0.77,True
CLF,2016-12-31,0.33,0.9,0.87,0.03,False
CLF,2017-12-31,1.02,1.2,1.26,0.06,False
CLF,2018-12-31,1.98,3.65,3.71,0.06,False
CLF,2019-12-31,0.22,1.04,1.03,0.01,False
CLF,2020-12-31,0.15,-0.36,-0.32,0.04,False
CLF,2021-12-31,1.69,5.42,5.36,0.06,False
CLF,2022-12-31,-0.41,2.51,2.55,0.04,False
CLF,2023-12-31,-0.31,0.77,0.78,0.01,False
CLF,2024-12-31,-0.92,-1.58,-1.57,0.01,False
CLF,2025-12-31,-0.44,-2.93,-2.91,0.02,False
CLH,2014-12-31,0.46,-0.47,-0.47,0.0,False
CLH,2015-12-31,0.01,0.76,0.76,0.0,False
CLH,2016-12-31,-0.22,-0.69,-0.69,0.0,False
CLH,2017-12-31,1.48,1.77,1.76,0.01,False
CLH,2018-12-31,0.29,1.16,1.16,0.0,False
CLH,2019-12-31,0.43,1.75,1.74,0.01,False
CLH,2020-12-31,0.71,2.43,2.42,0.01,False
CLH,2021-12-31,0.9,3.71,3.71,0.0,False
CLH,2022-12-31,1.52,7.56,7.56,0.0,False
CLH,2023-12-31,1.81,6.95,6.95,0.0,False
CLH,2024-12-31,1.55,7.42,7.42,0.0,False
CLH,2025-12-31,1.62,7.28,7.28,0.0,False
CLSK,2023-09-30,-0.5,-1.29,-1.3,0.01,False
CMC,2015-08-31,-0.05,1.2,1.2,0.0,False
CMC,2016-08-31,-0.0,0.47,0.47,0.0,False
CMC,2017-08-31,-0.25,0.4,0.39,0.01,False
CMC,2018-08-31,0.44,1.18,1.17,0.01,False
CMC,2019-08-31,0.72,1.67,1.66,0.01,False
CMC,2020-08-31,0.56,2.33,2.32,0.01,False
CMC,2021-08-31,1.24,3.39,3.38,0.01,False
CMC,2022-08-31,2.38,9.94,9.95,0.01,False
CMC,2023-08-31,1.56,7.25,7.25,0.0,False
CMC,2024-08-31,0.9,4.14,4.14,0.0,False
CMC,2025-08-31,1.33,0.74,0.74,0.0,False
CNH,2022-12-31,0.43,1.48,1.49,0.01,False
CNH,2023-12-31,0.46,1.75,1.76,0.01,False
CNH,2024-12-31,0.14,1.03,0.99,0.04,False
CNH,2025-12-31,0.07,0.4,0.41,0.01,False
CNK,2014-12-31,0.41,1.67,1.66,0.01,False
CNK,2015-12-31,0.5,1.88,1.87,0.01,False
CNK,2016-12-31,0.66,2.18,2.19,0.01,False
CNK,2017-12-31,0.81,2.26,2.26,0.0,False
CNK,2018-12-31,0.17,1.83,1.83,0.0,False
CNK,2019-12-31,0.22,1.63,1.63,0.0,False
CNK,2020-12-31,-2.04,-5.25,-5.25,0.0,False
CNK,2021-12-31,0.04,-3.55,-3.55,0.0,False
CNK,2022-12-31,-0.83,-2.26,-2.26,0.0,False
CNK,2023-12-31,-0.09,1.29,1.34,0.05,False
CNK,2024-12-31,0.34,2.04,2.06,0.02,False
CNK,2025-12-31,0.22,0.93,1.04,0.11,True
CNM,2023-01-29,0.31,2.13,2.13,0.0,False
CNM,2024-01-28,0.33,2.14,2.15,0.01,False
CNM,2025-02-02,0.34,2.13,2.13,0.0,False
CNM,2026-02-01,0.37,2.31,2.31,0.0,False
CNMD,2014-12-31,0.41,1.16,1.16,0.0,False
CNMD,2015-12-31,0.28,1.1,1.09,0.01,False
CNMD,2016-12-31,0.24,0.52,0.52,0.0,False
CNMD,2017-12-31,1.64,1.96,1.97,0.01,False
CNMD,2018-12-31,0.54,1.41,1.41,0.0,False
CNMD,2019-12-31,0.5,0.96,0.97,0.01,False
CNMD,2020-12-31,0.8,0.27,0.32,0.05,False
CNMD,2021-12-31,0.74,1.93,1.94,0.01,False
CNMD,2022-12-31,1.1,-2.6,-2.68,0.08,False
CNMD,2023-12-31,1.05,2.04,2.04,0.0,False
CNMD,2024-12-31,1.09,4.25,4.25,0.0,False
CNMD,2025-12-31,0.53,1.5,1.51,0.01,False
CNO,2014-12-31,0.39,0.25,0.24,0.01,False
CNO,2015-12-31,0.73,1.41,1.39,0.02,False
CNO,2016-12-31,1.34,2.03,2.01,0.02,False
CNO,2017-12-31,-0.42,1.01,1.02,0.01,False
CNO,2018-12-31,0.18,-1.93,-1.9,0.03,False
CNO,2019-12-31,1.84,2.67,2.61,0.06,False
CNO,2020-12-31,0.79,2.12,2.11,0.01,False
CNO,2021-12-31,0.93,3.36,3.36,0.0,False
CNO,2022-12-31,0.37,3.37,3.37,0.0,False
CNO,2023-12-31,0.31,2.4,2.4,0.0,False
CNO,2024-12-31,1.58,3.74,3.74,0.0,False
CNO,2025-12-31,0.95,2.31,2.3,0.01,False
CNR,2017-12-31,-1.03,-1.03,2.4,3.43,True
CNR,2018-12-31,1.41,5.39,5.38,0.01,False
CNR,2019-12-31,0.54,2.78,2.81,0.03,False
CNR,2020-12-31,0.5,-0.38,-0.37,0.01,False
CNR,2021-12-31,3.18,0.75,0.96,0.21,True
CNR,2022-12-31,5.26,12.92,13.07,0.15,False
CNR,2023-12-31,5.06,19.66,19.79,0.13,False
CNR,2024-12-31,1.04,9.61,9.61,0.0,False
CNR,2025-12-31,-1.54,-3.01,-2.98,0.03,False
CNS,2014-12-31,0.34,1.66,1.65,0.01,False
CNS,2015-12-31,0.13,1.4,1.41,0.01,False
CNS,2016-12-31,0.56,1.99,2.0,0.01,False
CNS,2017-12-31,0.43,1.95,1.96,0.01,False
CNS,2018-12-31,0.54,2.41,2.4,0.01,False
CNS,2019-12-31,0.75,2.78,2.79,0.01,False
CNS,2020-12-31,-0.09,1.58,1.57,0.01,False
CNS,2021-12-31,1.3,4.3,4.31,0.01,False
CNS,2022-12-31,0.66,3.47,3.47,0.0,False
CNS,2023-12-31,0.6,2.6,2.6,0.0,False
CNS,2024-12-31,0.89,2.97,2.97,0.0,False
CNS,2025-12-31,0.68,2.98,2.97,0.01,False
CNX,2014-12-31,0.31,0.69,0.7,0.01,False
CNX,2015-12-31,0.13,-1.65,-1.64,0.01,False
CNX,2016-12-31,-1.33,-3.7,-3.7,0.0,False
CNX,2017-12-31,1.2,1.65,1.65,0.0,False
CNX,2018-12-31,0.5,3.63,3.71,0.08,False
CNX,2019-12-31,-1.47,-0.46,-0.42,0.04,False
CNX,2020-12-31,0.87,-2.7,-2.43,0.27,True
CNX,2021-12-31,3.16,-2.07,-2.31,0.24,True
CNX,2022-12-31,8.03,1.28,-0.75,2.03,True
CNX,2023-12-31,2.75,8.95,8.99,0.04,False
CNX,2024-12-31,-1.27,-0.98,-0.6,0.38,True
CNX,2025-12-31,1.28,3.68,3.98,0.3,True
CNXC,2021-11-30,2.36,7.7,7.7,0.0,False
CNXC,2022-11-30,2.01,8.28,8.28,0.0,False
CNXC,2023-11-30,1.09,5.77,5.7,0.07,False
CNXC,2024-11-30,1.72,3.71,3.71,0.0,False
CNXC,2025-11-30,-23.82,-20.81,-20.36,0.45,False
CNXN,2014-12-31,0.45,1.61,1.61,0.0,False
CNXN,2015-12-31,0.51,1.76,1.76,0.0,False
CNXN,2016-12-31,0.49,1.81,1.8,0.01,False
CNXN,2017-12-31,0.77,2.05,2.04,0.01,False
CNXN,2018-12-31,0.8,2.41,2.41,0.0,False
CNXN,2019-12-31,0.83,3.1,3.1,0.0,False
CNXN,2020-12-31,0.62,2.11,2.12,0.01,False
CNXN,2021-12-31,0.85,2.66,2.65,0.01,False
CNXN,2022-12-31,0.71,3.38,3.37,0.01,False
CNXN,2023-12-31,0.9,3.16,3.15,0.01,False
CNXN,2024-12-31,0.78,3.29,3.29,0.0,False
CNXN,2025-12-31,0.82,3.27,3.27,0.0,False
COCO,2021-12-31,-0.06,0.36,0.35,0.01,False
COCO,2022-12-31,-0.05,0.14,0.14,0.0,False
COCO,2023-12-31,0.11,0.8,0.79,0.01,False
COCO,2024-12-31,0.06,0.94,0.94,0.0,False
COCO,2025-12-31,0.09,1.18,1.19,0.01,False
COHU,2014-12-27,0.01,0.33,0.33,0.0,False
COHU,2015-12-26,0.07,0.0,0.01,0.01,False
COHU,2016-12-31,0.07,0.11,0.11,0.0,False
COHU,2017-12-30,0.23,1.13,1.14,0.01,False
COHU,2018-12-29,-1.49,-0.66,-1.01,0.35,True
COHU,2019-12-28,-0.42,-1.69,-1.69,0.0,False
COHU,2020-12-26,0.35,-0.34,-0.33,0.01,False
COHU,2021-12-25,0.42,3.43,3.45,0.02,False
COHU,2022-12-31,0.45,1.99,1.98,0.01,False
COHU,2023-12-30,-0.04,0.59,0.59,0.0,False
COHU,2024-12-28,-0.46,-1.5,-1.49,0.01,False
COHU,2025-12-27,-0.48,-1.59,-1.59,0.0,False
COKE,2014-12-28,0.32,3.36,3.37,0.01,False
COKE,2016-01-03,0.46,6.33,6.33,0.0,False
COKE,2017-01-01,2.28,5.34,5.36,0.02,False
COKE,2017-12-31,8.28,10.27,10.3,0.03,False
COKE,2018-12-30,-2.9,-2.15,-2.13,0.02,False
COKE,2019-12-29,-1.07,1.22,1.21,0.01,False
COLB,2014-12-31,0.34,1.52,1.52,0.0,False
COLB,2015-12-31,0.47,1.72,1.71,0.01,False
COLB,2016-12-31,0.54,1.82,1.81,0.01,False
COLB,2017-12-31,0.23,1.9,1.86,0.04,False
COLB,2018-12-31,0.62,2.37,2.36,0.01,False
COLB,2019-12-31,0.65,2.69,2.68,0.01,False
COLB,2020-12-31,0.82,2.17,2.17,0.0,False
COLB,2021-12-31,0.55,2.79,2.78,0.01,False
COLB,2022-12-31,0.88,3.2,3.2,0.0,False
COLB,2023-12-31,0.45,1.65,1.78,0.13,True
COLB,2024-12-31,0.68,2.54,2.55,0.01,False
COLB,2025-12-31,0.72,2.26,2.3,0.04,False
COLL,2018-12-31,0.28,-1.19,-1.19,0.0,False
COLL,2019-12-31,-0.07,-0.68,-0.68,0.0,False
COLL,2020-12-31,0.2,0.76,0.76,0.0,False
COLL,2021-12-31,-0.73,1.69,1.86,0.17,True
COLL,2022-12-31,-0.22,-0.75,-0.74,0.01,False
COLL,2023-12-31,0.82,1.18,1.29,0.11,True
COLL,2024-12-31,0.32,1.82,1.86,0.04,False
COLL,2025-12-31,0.46,1.71,1.73,0.02,False
COLM,2015-12-31,0.88,2.44,2.45,0.01,False
COLM,2016-12-31,1.18,2.69,2.72,0.03,False
COLM,2017-12-31,-0.1,1.49,1.49,0.0,False
COLM,2018-12-31,1.72,3.92,3.81,0.11,False
COLM,2019-12-31,1.67,4.83,4.83,0.0,False
COLM,2020-12-31,1.43,1.6,1.62,0.02,False
COLM,2021-12-31,2.39,5.36,5.33,0.03,False
COLM,2022-12-31,2.01,4.95,4.95,0.0,False
COLM,2023-12-31,1.54,4.12,4.09,0.03,False
COLM,2024-12-31,1.8,3.87,3.82,0.05,False
COLM,2025-12-31,1.73,3.24,3.24,0.0,False
CON,2024-12-31,0.19,1.53,1.46,0.07,False
CON,2025-12-31,0.26,1.29,1.3,0.01,False
CORT,2015-12-31,0.01,-0.07,-0.06,0.01,False
CORT,2016-12-31,0.04,0.07,0.07,0.0,False
CORT,2017-12-31,0.77,1.02,1.04,0.02,False
CORT,2018-12-31,0.18,0.6,0.6,0.0,False
CORT,2019-12-31,0.24,0.78,0.77,0.01,False
CORT,2020-12-31,0.2,0.85,0.85,0.0,False
CORT,2021-12-31,0.26,0.89,0.89,0.0,False
CORT,2022-12-31,0.14,0.88,0.87,0.01,False
CORT,2023-12-31,0.28,0.95,0.94,0.01,False
CORT,2024-12-31,0.26,1.24,1.23,0.01,False
CORT,2025-12-31,0.2,0.82,0.82,0.0,False
COST,2015-08-30,1.73,5.37,5.37,0.0,False
COST,2016-08-28,1.77,5.34,5.33,0.01,False
COST,2017-09-03,2.08,6.08,6.08,0.0,False
COST,2018-09-02,2.35,7.09,7.09,0.0,False
COST,2020-08-30,3.13,9.02,9.02,0.0,False
COST,2021-08-29,3.76,11.27,11.27,0.0,False
COST,2022-08-28,4.2,13.14,13.14,0.0,False
COST,2023-09-03,4.86,14.16,14.16,0.0,False
COST,2024-09-01,5.29,16.57,16.56,0.01,False
COST,2025-08-31,5.87,18.21,18.21,0.0,False
COTY,2015-06-30,0.06,0.65,0.64,0.01,False
COTY,2016-06-30,-0.09,0.42,0.44,0.02,False
COTY,2017-06-30,-0.41,-0.57,-0.66,0.09,True
COTY,2018-06-30,-0.24,-0.22,-0.23,0.01,False
COTY,2019-06-30,-3.73,-5.05,-5.04,0.01,False
COTY,2020-06-30,-1.01,-1.33,-1.33,0.0,False
COTY,2021-06-30,-0.34,-0.48,-0.4,0.08,True
COTY,2022-06-30,-0.33,0.09,0.08,0.01,False
COTY,2023-06-30,0.03,0.57,0.57,0.0,False
COTY,2024-06-30,-0.12,0.08,0.09,0.01,False
COTY,2025-06-30,-0.08,-0.44,-0.44,0.0,False
COTY,2026-06-30,-0.16,-0.7,-0.7,0.0,False
CPB,2015-08-02,0.22,2.2,2.21,0.01,False
CPB,2016-07-31,-0.26,1.8,1.81,0.01,False
CPB,2017-07-30,1.05,2.9,2.89,0.01,False
CPB,2018-07-29,0.31,0.86,0.86,0.0,False
CPB,2019-07-28,-0.03,0.69,0.7,0.01,False
CPB,2020-08-02,0.28,5.35,5.36,0.01,False
CPB,2021-08-01,0.94,3.28,3.29,0.01,False
CPB,2022-07-31,0.32,2.5,2.51,0.01,False
CPB,2023-07-30,0.56,2.85,2.85,0.0,False
CPB,2024-07-28,-0.01,1.89,1.89,0.0,False
CPB,2025-08-03,0.48,2.0,2.01,0.01,False
CPB,2026-08-02,-0.2,1.34,1.31,0.03,False
CPF,2014-12-31,0.37,1.08,1.07,0.01,False
CPF,2015-12-31,0.35,1.41,1.4,0.01,False
CPF,2016-12-31,0.39,1.5,1.5,0.0,False
CPF,2017-12-31,0.14,1.34,1.34,0.0,False
CPF,2018-12-31,0.54,2.02,2.01,0.01,False
CPF,2019-12-31,0.5,2.03,2.03,0.0,False
CPF,2020-12-31,0.43,1.31,1.32,0.01,False
CPF,2021-12-31,0.8,2.84,2.83,0.01,False
CPF,2022-12-31,0.74,2.69,2.68,0.01,False
CPF,2023-12-31,0.55,2.17,2.17,0.0,False
CPF,2024-12-31,0.42,1.97,1.97,0.0,False
CPF,2025-12-31,0.85,2.86,2.86,0.0,False
CPK,2015-12-31,0.56,2.74,2.72,0.02,False
CPK,2016-12-31,0.73,2.87,2.86,0.01,False
CPK,2017-12-31,1.59,3.55,3.55,0.0,False
CPK,2018-12-31,1.08,3.45,3.45,0.0,False
CPK,2019-12-31,1.37,3.95,3.96,0.01,False
CPK,2020-12-31,1.28,4.26,4.26,0.0,False
CPK,2021-12-31,1.28,4.26,4.73,0.47,True
CPK,2022-12-31,1.47,5.05,5.04,0.01,False
CPK,2023-12-31,1.25,4.72,4.73,0.01,False
CPK,2024-12-31,1.6,5.27,5.26,0.01,False
CPK,2025-12-31,1.93,5.98,5.97,0.01,False
CPRI,2015-03-28,0.9,4.29,4.28,0.01,False
CPRI,2016-04-02,0.98,4.45,4.44,0.01,False
CPRI,2017-04-01,-0.17,3.25,3.29,0.04,False
CPRI,2018-03-31,0.28,3.82,3.82,0.0,False
CPRI,2019-03-30,0.13,3.59,3.58,0.01,False
CPRI,2020-03-28,-3.78,-1.63,-1.48,0.15,True
CPRI,2021-03-27,-1.23,-0.45,-0.41,0.04,False
CPRI,2022-04-02,0.55,5.37,5.39,0.02,False
CPRI,2023-04-01,-0.27,4.48,4.6,0.12,False
CPRI,2024-03-30,-4.14,-2.08,-1.96,0.12,True
CPRI,2025-03-29,-5.45,-9.97,-10.0,0.03,False
CPRI,2026-03-28,-0.03,1.15,1.14,0.01,False
CR,2024-12-31,1.38,5.06,5.05,0.01,False
CR,2025-12-31,1.39,6.25,6.26,0.01,False
CRBG,2022-12-31,-0.87,12.0,12.59,0.59,False
CRBG,2023-12-31,-2.06,1.7,1.71,0.01,False
CRBG,2024-12-31,3.79,3.77,3.72,0.05,False
CRBG,2025-12-31,1.6,-0.52,-0.68,0.16,True
CRC,2014-12-31,-5.48,-3.8,-3.75,0.05,False
CRC,2015-12-31,-8.53,-9.24,-9.27,0.03,False
CRC,2017-12-31,-3.26,-6.28,-6.26,0.02,False
CRC,2018-12-31,7.05,6.62,6.77,0.15,False
CRC,2019-12-31,-1.35,-0.6,-0.57,0.03,False
CRC,2021-12-31,8.58,7.36,7.37,0.01,False
CRC,2022-12-31,1.08,6.84,6.75,0.09,False
CRC,2023-12-31,2.48,7.6,7.78,0.18,False
CRC,2024-12-31,0.35,4.1,4.62,0.52,True
CRC,2025-12-31,0.14,4.08,4.15,0.07,False
CRI,2015-01-03,1.29,3.63,3.62,0.01,False
CRI,2016-01-02,1.39,4.52,4.5,0.02,False
CRI,2016-12-31,1.75,5.1,5.08,0.02,False
CRI,2017-12-30,2.84,6.28,6.24,0.04,False
CRI,2018-12-29,2.83,6.04,6.0,0.04,False
CRI,2019-12-28,2.82,5.88,5.85,0.03,False
CRI,2021-01-02,2.25,2.47,2.5,0.03,False
CRI,2022-01-01,2.31,7.82,7.81,0.01,False
CRI,2022-12-31,2.11,6.37,6.34,0.03,False
CRI,2023-12-30,2.9,6.27,6.24,0.03,False
CRI,2024-12-28,1.71,5.13,5.12,0.01,False
CRI,2026-01-03,1.78,2.54,2.53,0.01,False
CRK,2014-12-31,-1.27,-1.25,-1.24,0.01,False
CRK,2019-12-31,0.17,0.49,0.52,0.03,False
CRK,2020-12-31,0.57,-0.14,-0.39,0.25,True
CRK,2021-12-31,1.53,-1.13,-1.12,0.01,False
CRK,2022-12-31,1.61,3.75,4.11,0.36,True
CRK,2023-12-31,0.39,0.76,0.76,0.0,False
CRK,2024-12-31,-0.19,-0.76,-0.76,0.0,False
CRK,2025-12-31,0.96,1.4,1.43,0.03,False
CRM,2015-01-31,-0.1,-0.42,-0.42,0.0,False
CRM,2016-01-31,-0.04,-0.07,-0.07,0.0,False
CRM,2017-01-31,-0.07,0.27,0.26,0.01,False
CRM,2018-01-31,0.09,0.17,0.17,0.0,False
CRM,2019-01-31,0.46,1.44,1.43,0.01,False
CRM,2020-01-31,-0.27,0.21,0.15,0.06,True
CRM,2021-01-31,0.28,4.39,4.38,0.01,False
CRM,2022-01-31,-0.03,1.5,1.48,0.02,False
CRM,2023-01-31,-0.1,0.21,0.21,0.0,False
CRM,2024-01-31,1.47,4.2,4.2,0.0,False
CRM,2025-01-31,1.76,6.37,6.36,0.01,False
CRM,2026-01-31,2.07,7.81,7.8,0.01,False
CROX,2014-12-31,-0.73,-0.36,-0.22,0.14,True
CROX,2015-12-31,-1.03,-1.37,-1.3,0.07,True
CROX,2016-12-31,-0.62,-0.49,-0.43,0.06,True
CROX,2017-12-31,-0.42,-0.17,-0.07,0.1,True
CROX,2018-12-31,-1.72,-1.15,-1.01,0.14,True
CROX,2019-12-31,0.28,1.67,1.66,0.01,False
CROX,2020-12-31,2.67,4.57,4.56,0.01,False
CROX,2021-12-31,2.58,11.4,11.39,0.01,False
CROX,2022-12-31,2.2,8.69,8.71,0.02,False
CROX,2023-12-31,4.16,12.81,12.79,0.02,False
CROX,2024-12-31,6.36,15.99,15.88,0.11,False
CROX,2025-12-31,2.08,-1.21,-1.5,0.29,True
CRS,2015-06-30,0.44,1.11,1.11,0.0,False
CRS,2016-06-30,0.32,0.22,0.23,0.01,False
CRS,2017-06-30,0.54,1.0,0.99,0.01,False
CRS,2018-06-30,0.9,3.94,3.92,0.02,False
CRS,2019-06-30,1.02,3.45,3.43,0.02,False
CRS,2020-06-30,-2.48,-0.02,0.02,0.04,False
CRS,2021-06-30,-1.18,-4.76,-4.76,0.0,False
CRS,2022-06-30,0.05,-1.03,-1.01,0.02,False
CRS,2023-06-30,0.77,1.14,1.14,0.0,False
CRS,2024-06-30,1.84,3.69,3.7,0.01,False
CRS,2025-06-30,2.2,7.41,7.42,0.01,False
CRS,2026-06-30,3.21,10.5,10.52,0.02,False
CRSR,2020-12-31,0.48,1.15,1.14,0.01,False
CRSR,2021-12-31,0.25,1.02,1.01,0.01,False
CRSR,2023-12-31,0.05,0.02,0.03,0.01,False
CRSR,2024-12-31,0.01,-0.95,-0.95,0.0,False
CRSR,2025-12-31,0.23,-0.12,-0.12,0.0,False
CRUS,2015-03-28,0.32,0.84,0.85,0.01,False
CRUS,2016-03-26,0.21,1.87,1.87,0.0,False
CRUS,2017-03-25,0.52,3.92,3.92,0.0,False
CRUS,2018-03-31,0.19,2.45,2.46,0.01,False
CRUS,2019-03-30,0.1,1.45,1.46,0.01,False
CRUS,2020-03-28,0.17,2.65,2.64,0.01,False
CRUS,2021-03-27,0.42,3.62,3.62,0.0,False
CRUS,2022-03-26,1.65,5.53,5.52,0.01,False
CRUS,2023-03-25,-0.94,3.1,3.09,0.01,False
CRUS,2024-03-30,0.81,4.93,4.9,0.03,False
CRUS,2025-03-29,1.31,6.01,6.0,0.01,False
CRUS,2026-03-28,1.57,7.85,7.85,0.0,False
CRVL,2015-03-31,0.27,1.36,1.37,0.01,False
CRVL,2016-03-31,0.34,1.43,1.43,0.0,False
CRVL,2017-03-31,0.42,1.51,1.51,0.0,False
CRVL,2018-03-31,0.47,1.87,1.87,0.0,False
CRVL,2019-03-31,0.63,2.46,2.46,0.0,False
CRVL,2020-03-31,0.64,2.54,2.55,0.01,False
CRVL,2021-03-31,0.81,2.55,2.55,0.0,False
CRVL,2022-03-31,1.1,3.66,3.66,0.0,False
CRVL,2023-03-31,1.04,3.77,3.77,0.0,False
CRVL,2024-03-31,1.12,4.4,4.4,0.0,False
CRVL,2026-03-31,0.61,2.14,2.14,0.0,False
CRWD,2020-01-31,-0.13,-1.25,-0.96,0.29,True
CRWD,2021-01-31,-0.09,-0.43,-0.43,0.0,False
CRWD,2022-01-31,-0.18,-1.03,-1.03,0.0,False
CRWD,2023-01-31,-0.2,-0.79,-0.79,0.0,False
CRWD,2024-01-31,0.22,0.36,0.37,0.01,False
CRWD,2025-01-31,-0.4,-0.11,-0.08,0.03,False
CRWD,2026-01-31,0.24,-0.65,-0.65,0.0,False
CSL,2014-12-31,0.81,3.82,3.82,0.0,False
CSL,2015-12-31,1.25,4.83,4.82,0.01,False
CSL,2016-12-31,1.17,3.82,3.82,0.0,False
CSL,2017-12-31,1.84,5.73,5.71,0.02,False
CSL,2018-12-31,1.48,9.91,10.02,0.11,False
CSL,2019-12-31,1.79,8.2,8.19,0.01,False
CSL,2020-12-31,1.5,5.82,5.8,0.02,False
CSL,2021-12-31,2.41,7.92,7.91,0.01,False
CSL,2022-12-31,3.35,17.57,17.56,0.01,False
CSL,2023-12-31,4.23,15.27,15.18,0.09,False
CSL,2024-12-31,3.56,27.62,27.82,0.2,False
CSL,2025-12-31,3.05,17.11,17.12,0.01,False
CSR,2017-04-30,0.23,0.26,2.58,2.32,True
CSR,2018-04-30,-0.19,0.87,8.71,7.84,True
CSR,2020-12-31,-0.47,-0.2,-0.15,0.05,True
CSR,2021-12-31,-0.57,-0.39,-0.47,0.08,True
CSR,2022-12-31,-0.17,-1.29,-1.35,0.06,False
CSR,2023-12-31,-0.68,2.26,2.32,0.06,False
CSR,2024-12-31,-0.31,-1.27,-1.27,0.0,False
CSR,2025-12-31,-1.8,0.3,1.02,0.72,True
CSW,2016-03-31,0.12,1.67,1.62,0.05,False
CSW,2017-03-31,0.17,0.7,0.7,0.0,False
CSW,2018-03-31,0.42,-0.75,-0.76,0.01,False
CSW,2019-03-31,0.91,2.93,2.93,0.0,False
CSW,2020-03-31,0.96,3.02,3.02,0.0,False
CSW,2021-03-31,0.61,2.68,2.66,0.02,False
CSW,2022-03-31,1.17,4.2,4.2,0.0,False
CSW,2023-03-31,1.74,6.2,6.2,0.0,False
CSW,2024-03-31,2.04,6.53,6.52,0.01,False
CSW,2025-03-31,2.08,8.41,8.38,0.03,False
CSW,2026-03-31,1.22,6.68,6.7,0.02,False
CTRE,2014-12-31,0.03,-0.37,-0.36,0.01,False
CTRE,2015-12-31,0.1,0.25,0.26,0.01,False
CTRE,2016-12-31,0.14,0.51,0.52,0.01,False
CTRE,2017-12-31,0.03,0.36,0.35,0.01,False
CTRE,2018-12-31,0.18,0.72,0.72,0.0,False
CTRE,2019-12-31,0.22,0.5,0.49,0.01,False
CTRE,2020-12-31,0.22,0.85,0.85,0.0,False
CTRE,2021-12-31,0.19,0.74,0.74,0.0,False
CTRE,2022-12-31,0.15,-0.08,-0.08,0.0,False
CTRE,2023-12-31,0.21,0.47,0.5,0.03,False
CTRE,2024-12-31,0.29,0.79,0.8,0.01,False
CTRE,2025-12-31,0.5,1.55,1.57,0.02,False
CTS,2014-12-31,0.21,0.79,0.78,0.01,False
CTS,2015-12-31,-0.41,0.2,0.21,0.01,False
CTS,2016-12-31,0.25,1.04,1.03,0.01,False
CTS,2017-12-31,-0.41,0.43,0.43,0.0,False
CTS,2018-12-31,0.52,1.37,1.39,0.02,False
CTS,2019-12-31,0.31,1.09,1.09,0.0,False
CTS,2020-12-31,0.46,1.07,1.06,0.01,False
CTS,2021-12-31,0.29,-1.28,-1.3,0.02,False
CTS,2022-12-31,0.46,1.85,1.85,0.0,False
CTS,2023-12-31,0.49,1.92,1.92,0.0,False
CTS,2024-12-31,0.44,1.89,1.89,0.0,False
CTS,2025-12-31,0.67,2.19,2.19,0.0,False
CUBE,2014-12-31,0.02,0.13,0.14,0.01,False
CUBE,2015-12-31,0.2,0.41,0.42,0.01,False
CUBE,2016-12-31,0.13,0.45,0.45,0.0,False
CUBE,2017-12-31,0.22,0.75,0.74,0.01,False
CUBE,2018-12-31,0.26,0.89,0.88,0.01,False
CUBE,2019-12-31,0.22,0.89,0.88,0.01,False
CUBE,2020-12-31,0.22,0.86,0.85,0.01,False
CUBE,2021-12-31,0.21,1.09,1.09,0.0,False
CUBE,2022-12-31,0.36,1.29,1.29,0.0,False
CUBE,2023-12-31,0.5,1.81,1.82,0.01,False
CUBE,2024-12-31,0.45,1.72,1.72,0.0,False
CUBE,2025-12-31,0.34,1.45,1.46,0.01,False
CUBI,2015-12-31,0.58,1.96,1.96,0.0,False
CUBI,2016-12-31,0.51,2.32,2.31,0.01,False
CUBI,2017-12-31,0.55,1.97,1.97,0.0,False
CUBI,2018-12-31,0.45,1.78,1.78,0.0,False
CUBI,2019-12-31,0.75,2.05,2.05,0.0,False
CUBI,2020-12-31,1.64,3.71,3.74,0.03,False
CUBI,2021-12-31,2.87,8.85,8.91,0.06,False
CUBI,2022-12-31,0.78,6.49,6.51,0.02,False
CUBI,2023-12-31,1.79,7.31,7.32,0.01,False
CUBI,2024-12-31,0.71,5.08,5.09,0.01,False
CUBI,2025-12-31,1.98,6.2,6.26,0.06,False
CURB,2024-12-31,0.11,0.1,0.09,0.01,False
CURB,2025-12-31,0.09,0.38,0.37,0.01,False
CUZ,2014-12-31,0.11,0.22,0.22,0.0,False
CUZ,2015-12-31,0.27,0.59,0.58,0.01,False
CUZ,2016-12-31,0.09,0.3,0.31,0.01,False
CUZ,2017-12-31,0.07,0.51,0.52,0.01,False
CUZ,2018-12-31,0.05,0.19,0.19,0.0,False
CUZ,2020-12-31,0.07,1.6,1.6,0.0,False
CUZ,2021-12-31,1.12,1.87,1.87,0.0,False
CUZ,2022-12-31,0.16,1.11,1.11,0.0,False
CUZ,2023-12-31,0.12,0.55,0.55,0.0,False
CUZ,2024-12-31,0.09,0.3,0.3,0.0,False
CUZ,2025-12-31,-0.02,0.24,0.24,0.0,False
CVBF,2014-12-31,0.24,0.98,0.98,0.0,False
CVBF,2015-12-31,0.27,0.93,0.93,0.0,False
CVBF,2016-12-31,0.26,0.94,0.94,0.0,False
CVBF,2017-12-31,0.16,0.95,0.95,0.0,False
CVBF,2018-12-31,0.31,1.25,1.24,0.01,False
CVBF,2019-12-31,0.37,1.49,1.48,0.01,False
CVBF,2020-12-31,0.37,1.3,1.3,0.0,False
CVBF,2021-12-31,0.35,1.57,1.56,0.01,False
CVBF,2022-12-31,0.48,1.67,1.67,0.0,False
CVBF,2023-12-31,0.35,1.59,1.59,0.0,False
CVBF,2024-12-31,0.37,1.45,1.44,0.01,False
CVBF,2025-12-31,0.41,1.52,1.52,0.0,False
CVCO,2015-03-28,0.66,2.65,2.64,0.01,False
CVCO,2016-04-02,0.77,3.15,3.15,0.0,False
CVCO,2017-04-01,1.19,4.17,4.17,0.0,False
CVCO,2018-03-31,2.39,6.67,6.68,0.01,False
CVCO,2019-03-30,2.16,7.39,7.4,0.01,False
CVCO,2020-03-28,1.29,8.1,8.1,0.0,False
CVCO,2021-04-03,2.71,8.25,8.25,0.0,False
CVCO,2022-04-02,5.81,21.36,21.34,0.02,False
CVCO,2023-04-01,5.38,26.92,26.95,0.03,False
CVCO,2024-03-30,4.02,18.34,18.37,0.03,False
CVCO,2025-03-29,4.44,20.73,20.71,0.02,False
CVCO,2026-03-28,5.4,23.95,23.98,0.03,False
CVI,2014-12-31,-0.51,2.0,2.0,0.0,False
CVI,2015-12-31,-0.52,1.95,1.95,0.0,False
CVI,2016-12-31,0.08,0.28,0.28,0.0,False
CVI,2021-12-31,-0.14,0.24,0.25,0.01,False
CVI,2022-12-31,1.11,4.6,4.6,0.0,False
CVI,2023-12-31,0.91,7.65,7.65,0.0,False
CVI,2024-12-31,0.29,0.07,0.06,0.01,False
CVI,2025-12-31,-1.09,0.27,0.27,0.0,False
CVLT,2015-03-31,0.07,0.55,0.54,0.01,False
CVLT,2016-03-31,0.12,-0.01,0.0,0.01,False
CVLT,2017-03-31,0.06,-0.0,0.01,0.01,False
CVLT,2018-03-31,-0.04,-1.37,-1.37,0.0,False
CVLT,2019-03-31,-0.04,0.07,0.07,0.0,False
CVLT,2020-03-31,0.19,-0.13,-0.12,0.01,False
CVLT,2021-03-31,0.14,-0.67,-0.66,0.01,False
CVLT,2022-03-31,0.17,0.71,0.71,0.0,False
CVLT,2023-03-31,-1.02,-0.85,-0.8,0.05,True
CVLT,2024-03-31,2.76,3.71,3.75,0.04,False
CVLT,2025-03-31,0.68,1.68,1.68,0.0,False
CVLT,2026-03-31,0.34,1.59,1.58,0.01,False
CVSA,2015-06-30,0.46,2.14,2.14,0.0,False
CVSA,2016-06-30,-0.16,-0.06,-0.05,0.01,False
CVSA,2017-06-30,0.67,1.91,1.91,0.0,False
CVSA,2018-06-30,1.02,0.52,0.54,0.02,False
CVSA,2019-06-30,0.86,1.63,1.6,0.03,False
CVSA,2020-06-30,-4.86,-1.67,-1.58,0.09,True
CVSA,2021-06-30,0.18,1.48,1.49,0.01,False
CVSA,2022-06-30,0.18,6.46,6.57,0.11,False
CVSA,2023-06-30,0.5,2.07,2.05,0.02,False
CVSA,2024-06-30,1.28,3.44,3.39,0.05,False
CVSA,2025-06-30,1.44,6.19,6.18,0.01,False
CVSA,2026-06-30,2.06,7.04,7.04,0.0,False
CW,2014-12-31,0.34,2.31,2.31,0.0,False
CW,2015-12-31,1.52,3.09,3.05,0.04,False
CW,2016-12-31,1.53,4.16,4.15,0.01,False
CW,2017-12-31,1.52,4.81,4.8,0.01,False
CW,2018-12-31,1.9,6.24,6.22,0.02,False
CW,2019-12-31,2.08,7.15,7.15,0.0,False
CW,2020-12-31,1.3,4.8,4.8,0.0,False
CW,2021-12-31,1.95,6.59,6.58,0.01,False
CW,2022-12-31,2.82,7.61,7.62,0.01,False
CW,2023-12-31,3.11,9.2,9.2,0.0,False
CW,2024-12-31,3.09,10.55,10.55,0.0,False
CW,2025-12-31,3.69,12.87,12.87,0.0,False
CWEN,2020-12-31,-0.2,0.22,0.22,0.0,False
CWEN,2022-12-31,0.34,5.23,4.99,0.24,False
CWEN,2024-12-31,0.09,0.81,0.75,0.06,True
CWK,2019-12-31,0.01,-0.01,0.0,0.01,False
CWK,2020-12-31,-0.12,-1.0,-1.0,0.0,False
CWK,2021-12-31,0.63,1.08,1.1,0.02,False
CWK,2022-12-31,0.13,0.87,0.86,0.01,False
CWK,2023-12-31,0.31,-0.16,-0.16,0.0,False
CWK,2024-12-31,0.47,0.54,0.56,0.02,False
CWK,2025-12-31,-0.09,0.39,0.38,0.01,False
CWST,2016-12-31,-0.3,-0.19,-0.17,0.02,False
CWST,2017-12-31,0.49,-0.52,-0.52,0.0,False
CWST,2018-12-31,-0.3,0.15,0.15,0.0,False
CWST,2019-12-31,0.17,0.64,0.66,0.02,False
CWST,2020-12-31,1.24,1.82,1.86,0.04,False
CWST,2021-12-31,0.18,0.8,0.8,0.0,False
CWST,2022-12-31,0.16,1.02,1.03,0.01,False
CWST,2023-12-31,-0.03,0.45,0.46,0.01,False
CWST,2024-12-31,0.08,0.23,0.23,0.0,False
CWST,2025-12-31,-0.04,0.12,0.12,0.0,False
CWT,2014-12-31,0.24,1.19,1.19,0.0,False
CWT,2015-12-31,0.18,0.94,0.94,0.0,False
CWT,2016-12-31,0.31,1.01,1.01,0.0,False
CWT,2017-12-31,0.28,1.39,1.4,0.01,False
CWT,2018-12-31,0.32,1.36,1.36,0.0,False
CWT,2019-12-31,0.23,1.3,1.31,0.01,False
CWT,2020-12-31,0.31,1.94,1.97,0.03,False
CWT,2021-12-31,0.07,1.96,1.96,0.0,False
CWT,2022-12-31,0.35,1.76,1.77,0.01,False
CWT,2023-12-31,0.52,0.89,0.91,0.02,False
CWT,2024-12-31,0.33,3.27,3.25,0.02,False
CWT,2025-12-31,0.19,2.15,2.15,0.0,False
CXM,2022-01-31,-0.13,-0.59,-0.57,0.02,False
CXM,2023-01-31,-0.0,-0.21,-0.21,0.0,False
CXM,2024-01-31,0.07,0.18,0.18,0.0,False
CXM,2025-01-31,0.35,0.44,0.44,0.0,False
CXM,2026-01-31,0.03,0.08,0.09,0.01,False
CXT,2014-12-31,0.95,3.24,3.23,0.01,False
CXT,2015-12-31,1.11,3.9,3.89,0.01,False
CXT,2016-12-31,-1.07,2.08,2.07,0.01,False
CXT,2017-12-31,-0.48,2.84,2.84,0.0,False
CXT,2018-12-31,1.47,5.51,5.5,0.01,False
CXT,2019-12-31,-1.87,2.18,2.2,0.02,False
CXT,2020-12-31,0.8,3.07,3.08,0.01,False
CXT,2021-12-31,1.22,7.35,7.36,0.01,False
CXT,2022-12-31,1.68,6.97,7.01,0.04,False
CXT,2023-12-31,0.86,4.35,3.28,1.07,True
CXT,2024-12-31,0.99,3.18,3.19,0.01,False
CXT,2025-12-31,0.82,2.5,2.5,0.0,False
CXW,2014-12-31,0.25,1.66,1.66,0.0,False
CXW,2015-12-31,0.41,1.88,1.88,0.0,False
CXW,2016-12-31,0.52,1.87,1.87,0.0,False
CXW,2017-12-31,0.35,1.5,1.5,0.0,False
CXW,2018-12-31,0.35,1.34,1.34,0.0,False
CXW,2019-12-31,0.35,1.58,1.59,0.01,False
CXW,2020-12-31,-0.22,0.45,0.45,0.0,False
CXW,2021-12-31,0.24,-0.43,-0.43,0.0,False
CXW,2022-12-31,0.21,1.04,1.03,0.01,False
CXW,2023-12-31,0.23,0.59,0.59,0.0,False
CXW,2024-12-31,0.17,0.61,0.62,0.01,False
CXW,2025-12-31,0.26,1.08,1.08,0.0,False
CYTK,2014-12-31,0.23,-0.43,-0.41,0.02,False
CYTK,2015-12-31,-0.24,-0.97,-0.97,0.0,False
CYTK,2016-12-31,0.15,0.32,0.39,0.07,True
CYTK,2017-12-31,-0.75,-2.57,-2.59,0.02,False
CYTK,2020-12-31,-0.62,-2.01,-1.97,0.04,False
CYTK,2021-12-31,-0.36,-2.83,-2.8,0.03,False
CYTK,2022-12-31,-1.45,-4.25,-4.33,0.08,False
CYTK,2023-12-31,-1.38,-5.45,-5.45,0.0,False
CYTK,2024-12-31,-1.26,-5.26,-5.26,0.0,False
CYTK,2025-12-31,-1.49,-6.52,-6.54,0.02,False
CZR,2014-12-31,-0.23,-0.37,-0.48,0.11,True
CZR,2015-12-31,2.29,2.38,2.43,0.05,False
CZR,2016-12-31,0.02,0.52,0.52,0.0,False
CZR,2017-12-31,1.15,0.86,1.09,0.23,True
CZR,2018-12-31,-0.0,1.22,1.22,0.0,False
CZR,2019-12-31,-0.17,1.03,1.03,0.0,False
CZR,2020-12-31,-2.64,-12.23,-13.5,1.27,True
CZR,2021-12-31,-2.06,-4.85,-4.83,0.02,False
CZR,2022-12-31,-0.7,-4.21,-4.19,0.02,False
CZR,2023-12-31,-0.33,3.64,3.64,0.0,False
CZR,2024-12-31,0.05,-1.28,-1.29,0.01,False
CZR,2025-12-31,-1.23,-2.43,-2.42,0.01,False
DAN,2014-12-31,0.64,1.84,1.84,0.0,False
DAN,2015-12-31,-0.54,0.95,0.99,0.04,False
DAN,2016-12-31,3.33,4.38,4.36,0.02,False
DAN,2017-12-31,-0.72,0.72,0.71,0.01,False
DAN,2018-12-31,0.68,2.91,2.91,0.0,False
DAN,2019-12-31,0.58,1.56,1.56,0.0,False
DAN,2020-12-31,0.28,-0.21,-0.21,0.0,False
DAN,2021-12-31,0.17,1.34,1.35,0.01,False
DAN,2022-12-31,-1.26,-1.69,-1.69,0.0,False
DAN,2023-12-31,-0.27,0.26,0.26,0.0,False
DAN,2024-12-31,-0.55,-0.39,-0.39,0.0,False
DAN,2025-12-31,-0.44,0.56,0.64,0.08,True
DAR,2015-01-03,0.42,0.39,0.39,0.0,False
DAR,2016-01-02,0.51,0.47,0.48,0.01,False
DAR,2016-12-31,0.25,0.62,0.62,0.0,False
DAR,2017-12-30,0.63,0.77,0.77,0.0,False
DAR,2018-12-29,0.23,0.59,0.6,0.01,False
DAR,2019-12-28,1.44,1.86,1.86,0.0,False
DAR,2021-01-02,0.27,1.78,1.78,0.0,False
DAR,2022-01-01,0.94,3.89,3.9,0.01,False
DAR,2022-12-31,0.96,4.5,4.49,0.01,False
DAR,2023-12-30,0.52,3.98,3.99,0.01,False
DAR,2024-12-28,0.63,1.73,1.73,0.0,False
DAR,2026-01-03,0.35,0.39,0.39,0.0,False
DAVE,2022-12-31,-1.82,-2.12,-11.12,9.0,True
DAVE,2024-12-31,1.15,4.25,4.19,0.06,False
DAVE,2025-12-31,4.64,13.57,13.53,0.04,False
DBD,2014-12-31,0.46,1.76,1.76,0.0,False
DBD,2015-12-31,0.49,1.12,1.12,0.0,False
DBD,2016-12-31,-1.04,-0.24,-0.48,0.24,True
DBD,2017-12-31,-1.43,-3.09,-3.09,0.0,False
DBD,2018-12-31,-1.62,-7.48,-7.48,0.0,False
DBD,2020-12-31,-0.66,-3.48,-3.47,0.01,False
DBD,2021-12-31,-0.49,-1.01,-1.01,0.0,False
DBD,2022-12-31,-1.89,-7.37,-7.36,0.01,False
DBD,2024-12-31,0.15,-0.44,-0.44,0.0,False
DBD,2025-12-31,1.35,2.57,2.54,0.03,False
DBX,2019-12-31,-0.02,-0.13,-0.13,0.0,False
DBX,2020-12-31,-0.87,-0.66,-0.62,0.04,False
DBX,2021-12-31,0.33,0.86,0.85,0.01,False
DBX,2022-12-31,0.93,1.54,1.52,0.02,False
DBX,2023-12-31,0.66,1.32,1.31,0.01,False
DBX,2024-12-31,0.33,1.4,1.4,0.0,False
DBX,2025-12-31,0.43,1.86,1.86,0.0,False
DCH,2014-12-31,0.18,1.86,1.85,0.01,False
DCH,2015-12-31,0.81,3.02,3.02,0.0,False
DCH,2016-12-31,0.59,3.05,3.06,0.01,False
DCH,2017-12-31,0.92,3.25,3.21,0.04,False
DCH,2018-12-31,-3.22,-0.59,-0.51,0.08,True
DCH,2019-12-31,-4.05,-4.34,-4.31,0.03,False
DCH,2020-12-31,0.3,-5.04,-4.96,0.08,False
DCH,2021-12-31,-0.39,0.05,0.05,0.0,False
DCH,2022-12-31,0.11,0.53,0.53,0.0,False
DCH,2023-12-31,-0.16,-0.28,-0.29,0.01,False
DCH,2024-12-31,-0.11,0.29,0.29,0.0,False
DCH,2025-12-31,-0.62,-0.17,-0.17,0.0,False
DCI,2015-07-31,0.41,1.49,1.49,0.0,False
DCI,2016-07-31,0.44,1.42,1.42,0.0,False
DCI,2017-07-31,0.51,1.74,1.74,0.0,False
DCI,2018-07-31,0.77,1.36,1.36,0.0,False
DCI,2019-07-31,0.45,2.05,2.05,0.0,False
DCI,2020-07-31,0.5,2.01,2.0,0.01,False
DCI,2021-07-31,0.66,2.24,2.24,0.0,False
DCI,2022-07-31,0.81,2.66,2.66,0.0,False
DCI,2023-07-31,0.74,2.9,2.9,0.0,False
DCI,2024-07-31,0.89,3.37,3.38,0.01,False
DCI,2025-07-31,0.97,3.05,3.05,0.0,False
DCI,2026-07-31,1.1,3.85,3.85,0.0,False
DCOM,2014-12-31,0.36,1.19,1.18,0.01,False
DCOM,2015-12-31,0.46,1.36,1.43,0.07,False
DCOM,2016-12-31,0.48,1.97,2.0,0.03,False
DCOM,2017-12-31,-0.35,1.05,1.04,0.01,False
DCOM,2018-12-31,0.7,1.98,1.97,0.01,False
DCOM,2019-12-31,0.71,2.59,2.59,0.0,False
DCOM,2020-12-31,0.45,2.12,2.11,0.01,False
DCOM,2021-12-31,0.84,2.26,2.45,0.19,True
DCOM,2022-12-31,1.0,3.74,3.73,0.01,False
DCOM,2023-12-31,0.38,2.3,2.29,0.01,False
DCOM,2024-12-31,-0.55,0.58,0.55,0.03,False
DCOM,2025-12-31,0.65,2.33,2.36,0.03,False
DE,2014-10-31,1.83,8.62,8.63,0.01,False
DE,2015-10-31,1.08,5.76,5.77,0.01,False
DE,2016-10-31,0.9,4.81,4.81,0.0,False
DE,2017-10-29,1.57,6.64,6.68,0.04,False
DE,2018-10-28,2.38,7.17,7.24,0.07,False
DE,2019-11-03,2.27,10.14,10.15,0.01,False
DE,2020-11-01,2.39,8.7,8.69,0.01,False
DE,2021-10-31,4.12,18.99,18.99,0.0,False
DE,2022-10-30,7.44,23.33,23.28,0.05,False
DE,2023-10-29,8.26,34.66,34.63,0.03,False
DE,2024-10-27,4.55,25.6,25.62,0.02,False
DE,2025-11-02,3.93,18.51,18.5,0.01,False
DEA,2015-12-31,0.0,-0.18,-0.08,0.1,True
DEA,2016-12-31,0.03,0.1,0.1,0.0,False
DEA,2017-12-31,0.04,0.11,0.1,0.01,False
DEA,2018-12-31,0.0,0.08,0.08,0.0,False
DEA,2019-12-31,0.02,0.1,0.1,0.0,False
DEA,2020-12-31,0.03,0.15,0.15,0.0,False
DEA,2021-12-31,0.08,0.35,0.35,0.0,False
DEA,2022-12-31,0.18,0.35,0.34,0.01,False
DEA,2023-12-31,0.04,0.19,0.19,0.0,False
DEA,2024-12-31,0.05,0.18,0.18,0.0,False
DEI,2014-12-31,0.07,0.3,0.3,0.0,False
DEI,2015-12-31,0.09,0.383,0.386,0.003,False
DEI,2018-12-31,0.15,0.69,0.68,0.01,False
DEI,2019-12-31,1.59,2.09,2.09,0.0,False
DEI,2020-12-31,0.1,0.28,0.28,0.0,False
DEI,2021-12-31,0.11,0.36,0.37,0.01,False
DEI,2022-12-31,0.14,0.55,0.55,0.0,False
DEI,2023-12-31,-0.24,-0.26,-0.26,0.0,False
DEI,2024-12-31,-0.01,0.13,0.13,0.0,False
DEI,2025-12-31,-0.04,0.09,0.09,0.0,False
DFH,2021-12-31,0.52,1.21,1.27,0.06,False
DFH,2022-12-31,0.77,2.43,2.45,0.02,False
DFH,2023-12-31,0.95,2.8,2.79,0.01,False
DFH,2024-12-31,1.29,3.35,3.34,0.01,False
DFH,2025-12-31,0.58,2.15,2.14,0.01,False
DFIN,2016-12-31,-0.02,1.82,1.8,0.02,False
DFIN,2017-12-31,-0.7,0.31,0.29,0.02,False
DFIN,2018-12-31,-0.03,2.16,2.16,0.0,False
DFIN,2019-12-31,0.2,1.1,1.1,0.0,False
DFIN,2020-12-31,-1.08,-0.79,-0.76,0.03,False
DFIN,2021-12-31,0.69,4.17,4.14,0.03,False
DFIN,2022-12-31,0.35,3.16,3.17,0.01,False
DFIN,2023-12-31,0.34,2.7,2.69,0.01,False
DFIN,2024-12-31,0.21,3.06,3.06,0.0,False
DFIN,2025-12-31,0.22,1.06,1.15,0.09,True
DGII,2015-09-30,0.12,0.27,0.26,0.01,False
DGII,2016-09-30,0.14,0.63,0.64,0.01,False
DGII,2017-09-30,0.16,0.35,0.35,0.0,False
DGII,2018-09-30,0.12,0.03,0.05,0.02,False
DGII,2019-09-30,0.08,0.36,0.35,0.01,False
DGII,2020-09-30,0.15,0.29,0.28,0.01,False
DGII,2021-09-30,0.12,0.29,0.31,0.02,False
DGII,2022-09-30,0.3,0.53,0.54,0.01,False
DGII,2023-09-30,0.17,0.67,0.67,0.0,False
DGII,2024-09-30,0.31,0.6,0.61,0.01,False
DGII,2025-09-30,0.26,1.08,1.08,0.0,False
DINO,2022-12-31,2.91,13.69,14.28,0.59,False
DINO,2023-12-31,-0.33,8.31,8.29,0.02,False
DINO,2024-12-31,-1.13,0.83,0.91,0.08,True
DINO,2025-12-31,-0.15,3.08,3.08,0.0,False
DIOD,2014-12-31,0.34,1.31,1.31,0.0,False
DIOD,2015-12-31,-0.1,0.5,0.49,0.01,False
DIOD,2016-12-31,0.02,0.31,0.32,0.01,False
DIOD,2017-12-31,-0.68,-0.11,-0.04,0.07,True
DIOD,2018-12-31,0.58,2.05,2.04,0.01,False
DIOD,2019-12-31,0.9,2.95,2.96,0.01,False
DIOD,2020-12-31,0.59,1.88,1.88,0.0,False
DIOD,2021-12-31,1.4,4.99,5.0,0.01,False
DIOD,2022-12-31,1.98,7.2,7.2,0.0,False
DIOD,2023-12-31,0.54,4.9,4.91,0.01,False
DIOD,2024-12-31,0.18,0.95,0.95,0.0,False
DIOD,2025-12-31,0.22,1.42,1.43,0.01,False
DKS,2015-01-31,1.3,2.85,2.84,0.01,False
DKS,2016-01-30,1.13,2.84,2.83,0.01,False
DKS,2017-01-28,0.81,2.57,2.56,0.01,False
DKS,2018-02-03,1.11,3.01,3.01,0.0,False
DKS,2019-02-02,1.07,3.25,3.24,0.01,False
DKS,2020-02-01,0.81,3.34,3.34,0.0,False
DKS,2021-01-30,2.17,5.42,5.72,0.3,True
DKS,2022-01-29,3.16,13.88,13.87,0.01,False
DKS,2023-01-28,2.6,10.77,10.78,0.01,False
DKS,2024-02-03,3.57,12.18,12.18,0.0,False
DKS,2025-02-01,3.62,14.04,14.05,0.01,False
DKS,2026-01-31,1.41,10.22,9.97,0.25,False
DLB,2015-09-25,0.45,1.75,1.75,0.0,False
DLB,2016-09-30,0.23,1.81,1.81,0.0,False
DLB,2017-09-29,0.22,1.95,1.95,0.0,False
DLB,2018-09-28,0.45,1.09,1.14,0.05,False
DLB,2019-09-27,0.42,2.43,2.44,0.01,False
DLB,2020-09-25,0.26,2.25,2.25,0.0,False
DLB,2021-09-24,0.42,2.97,2.97,0.0,False
DLB,2022-09-30,0.28,1.8,1.81,0.01,False
DLB,2023-09-29,0.09,2.06,2.05,0.01,False
DLB,2024-09-27,0.6,2.7,2.69,0.01,False
DLB,2025-09-26,0.5,2.62,2.62,0.0,False
DLX,2014-12-31,1.15,3.95,3.96,0.01,False
DLX,2015-12-31,1.2,4.35,4.36,0.01,False
DLX,2016-12-31,1.11,4.66,4.65,0.01,False
DLX,2017-12-31,1.75,4.72,4.72,0.0,False
DLX,2018-12-31,1.25,3.14,3.16,0.02,False
DLX,2019-12-31,1.07,-4.74,-4.65,0.09,False
DLX,2020-12-31,0.58,0.18,0.19,0.01,False
DLX,2021-12-31,0.32,1.45,1.45,0.0,False
DLX,2022-12-31,0.44,1.5,1.5,0.0,False
DLX,2023-12-31,0.34,0.59,0.59,0.0,False
DLX,2024-12-31,0.28,1.18,1.18,0.0,False
DLX,2025-12-31,0.26,1.81,1.8,0.01,False
DMC,2016-12-30,0.23,4.34,4.33,0.01,False
DMC,2017-12-29,-0.13,2.36,2.39,0.03,False
DMC,2018-12-28,-0.71,-0.46,-0.45,0.01,False
DMC,2019-12-27,-0.54,1.36,1.37,0.01,False
DMC,2021-01-01,0.02,1.04,1.03,0.01,False
DMC,2021-12-31,-0.23,1.69,1.68,0.01,False
DMC,2022-12-30,0.38,2.05,2.06,0.01,False
DMC,2023-12-29,-2.25,-0.28,-0.24,0.04,False
DMC,2024-12-27,0.42,2.97,2.96,0.01,False
DMC,2025-12-26,0.66,1.87,1.88,0.01,False
DNOW,2014-12-31,0.15,1.08,1.06,0.02,False
DNOW,2015-12-31,-2.31,-4.67,-4.68,0.01,False
DNOW,2016-12-31,-0.65,-2.17,-2.18,0.01,False
DNOW,2017-12-31,-0.03,-0.48,-0.48,0.0,False
DNOW,2018-12-31,0.15,0.47,0.47,0.0,False
DNOW,2019-12-31,-1.29,-0.92,-0.89,0.03,False
DNOW,2020-12-31,-0.4,-3.9,-3.91,0.01,False
DNOW,2021-12-31,0.02,-0.04,0.05,0.09,True
DNOW,2022-12-31,0.28,1.13,1.13,0.0,False
DNOW,2023-12-31,1.36,2.27,2.24,0.03,False
DNOW,2024-12-31,0.22,0.74,0.74,0.0,False
DNOW,2025-12-31,-1.04,-0.38,-0.76,0.38,True
DOCN,2021-12-31,-0.11,-0.22,-0.21,0.01,False
DOCN,2022-12-31,-0.15,-0.28,-0.24,0.04,False
DOCN,2023-12-31,0.15,0.19,0.2,0.01,False
DOCN,2024-12-31,0.19,0.87,0.89,0.02,False
DOCN,2025-12-31,0.24,2.53,2.52,0.01,False
DOCS,2022-03-31,0.17,0.69,0.7,0.01,False
DOCS,2023-03-31,0.14,0.52,0.53,0.01,False
DOCS,2024-03-31,0.2,0.72,0.72,0.0,False
DOCS,2025-03-31,0.31,1.11,1.11,0.0,False
DOCS,2026-03-31,0.1,0.99,0.98,0.01,False
DOCU,2020-01-31,-0.26,-1.18,-1.18,0.0,False
DOCU,2021-01-31,-0.38,-1.3,-1.31,0.01,False
DOCU,2022-01-31,-0.15,-0.35,-0.36,0.01,False
DOCU,2023-01-31,0.02,-0.49,-0.49,0.0,False
DOCU,2024-01-31,0.13,0.36,0.36,0.0,False
DOCU,2025-01-31,0.39,5.11,5.08,0.03,False
DOCU,2026-01-31,0.44,1.48,1.48,0.0,False
DORM,2014-12-27,0.52,2.48,2.49,0.01,False
DORM,2015-12-26,0.62,2.6,2.6,0.0,False
DORM,2016-12-31,0.84,3.07,3.07,0.0,False
DORM,2017-12-30,0.65,3.13,3.13,0.0,False
DORM,2018-12-29,1.03,4.02,4.02,0.0,False
DORM,2019-12-28,0.54,2.56,2.56,0.0,False
DORM,2020-12-26,1.11,3.3,3.3,0.0,False
DORM,2021-12-25,1.07,4.12,4.12,0.0,False
DORM,2022-12-31,0.57,3.85,3.85,0.0,False
DORM,2023-12-31,1.6,4.1,4.1,0.0,False
DORM,2024-12-31,1.77,6.15,6.14,0.01,False
DORM,2025-12-31,0.38,6.64,6.64,0.0,False
DRH,2014-12-31,0.32,0.82,0.83,0.01,False
DRH,2015-12-31,0.13,0.42,0.43,0.01,False
DRH,2016-12-31,0.12,0.57,0.57,0.0,False
DRH,2017-12-31,0.12,0.45,0.46,0.01,False
DRH,2018-12-31,0.12,0.43,0.43,0.0,False
DRH,2019-12-31,0.66,0.9,0.9,0.0,False
DRH,2020-12-31,-1.03,-1.96,-1.97,0.01,False
DRH,2021-12-31,-0.03,-0.97,-0.96,0.01,False
DRH,2022-12-31,0.07,0.46,0.47,0.01,False
DRH,2023-12-31,0.04,0.36,0.36,0.0,False
DRH,2024-12-31,-0.07,0.17,0.18,0.01,False
DRH,2025-12-31,0.11,0.43,0.44,0.01,False
DT,2020-03-31,0.18,-1.6,-1.56,0.04,False
DT,2021-03-31,0.09,0.26,0.26,0.0,False
DT,2022-03-31,0.0,0.18,0.18,0.0,False
DT,2023-03-31,0.27,0.37,0.37,0.0,False
DT,2024-03-31,0.12,0.51,0.52,0.01,False
DT,2025-03-31,0.13,1.6,1.59,0.01,False
DT,2026-03-31,0.06,0.54,0.54,0.0,False
DTM,2021-12-31,0.9,3.17,3.16,0.01,False
DTM,2022-12-31,0.87,3.8,3.81,0.01,False
DTM,2023-12-31,1.24,3.95,3.94,0.01,False
DTM,2024-12-31,0.73,3.6,3.6,0.0,False
DTM,2025-12-31,1.08,4.31,4.3,0.01,False
DUOL,2022-12-31,-0.35,-1.5,-1.51,0.01,False
DUOL,2023-12-31,0.23,0.31,0.35,0.04,False
DUOL,2024-12-31,0.31,1.88,1.88,0.0,False
DUOL,2025-12-31,0.9,8.48,8.57,0.09,False
DV,2021-12-31,0.15,0.16,0.18,0.02,False
DV,2022-12-31,0.11,0.26,0.25,0.01,False
DV,2023-12-31,0.19,0.41,0.41,0.0,False
DV,2024-12-31,0.13,0.31,0.32,0.01,False
DV,2025-12-31,0.18,0.3,0.3,0.0,False
DXC,2018-03-31,1.93,6.04,6.04,0.0,False
DXC,2019-03-31,1.01,4.49,4.47,0.02,False
DXC,2020-03-31,-13.95,-21.21,-20.76,0.45,False
DXC,2021-03-31,-3.15,-0.63,-0.59,0.04,False
DXC,2022-03-31,2.09,2.8,2.81,0.01,False
DXC,2023-03-31,-3.56,-2.76,-2.48,0.28,True
DXC,2024-03-31,-1.07,0.4,0.46,0.06,True
DXC,2025-03-31,1.4,2.08,2.1,0.02,False
DXC,2026-03-31,-0.81,0.09,0.1,0.01,False
DXPE,2014-12-31,-6.09,-3.33,-3.1,0.23,True
DXPE,2015-12-31,-0.23,-2.77,-2.68,0.09,False
DXPE,2016-12-31,0.4,0.41,0.49,0.08,True
DXPE,2017-12-31,0.36,0.92,0.93,0.01,False
DXPE,2018-12-31,0.62,1.95,1.94,0.01,False
DXPE,2019-12-31,0.12,1.96,1.96,0.0,False
DXPE,2020-12-31,-0.15,-1.67,-1.62,0.05,False
DXPE,2021-12-31,0.05,0.84,0.83,0.01,False
DXPE,2022-12-31,0.37,2.47,2.47,0.0,False
DXPE,2023-12-31,0.94,3.88,3.89,0.01,False
DXPE,2024-12-31,1.29,4.23,4.22,0.01,False
DXPE,2025-12-31,1.39,5.38,5.37,0.01,False
DY,2015-07-25,0.97,2.41,2.41,0.0,False
DY,2016-07-30,1.54,3.91,3.89,0.02,False
DY,2017-07-29,1.38,4.93,4.92,0.01,False
DY,2019-01-26,-0.38,1.96,1.97,0.01,False
DY,2020-01-25,-0.35,1.8,1.8,0.0,False
DY,2021-01-30,-0.13,1.04,1.07,0.03,False
DY,2022-01-29,0.03,1.59,1.57,0.02,False
DY,2023-01-28,0.83,4.74,4.74,0.0,False
DY,2024-01-27,0.79,7.37,7.37,0.0,False
DY,2025-01-25,1.11,7.92,7.92,0.0,False
DY,2026-01-31,0.55,9.6,9.56,0.04,False
EAT,2015-06-24,0.92,3.07,3.05,0.02,False
EAT,2016-06-29,1.11,3.45,3.42,0.03,False
EAT,2017-06-28,1.02,2.99,2.94,0.05,False
EAT,2018-06-27,1.01,2.77,2.72,0.05,False
EAT,2019-06-26,1.22,4.0,3.96,0.04,False
EAT,2020-06-24,-1.18,0.75,0.63,0.12,True
EAT,2021-06-30,1.57,2.79,2.83,0.04,False
EAT,2022-06-29,0.91,2.6,2.58,0.02,False
EAT,2023-06-28,1.17,2.22,2.28,0.06,False
EAT,2024-06-26,1.21,3.39,3.4,0.01,False
EAT,2025-06-25,2.3,8.31,8.32,0.01,False
EAT,2026-06-24,2.98,10.88,10.87,0.01,False
EBC,2020-12-31,-0.26,-0.26,0.13,0.39,True
EBC,2021-12-31,0.2,0.9,0.9,0.0,False
EBC,2022-12-31,0.26,1.2,1.21,0.01,False
EBC,2023-12-31,1.96,1.42,1.43,0.01,False
EBC,2024-12-31,0.3,0.67,0.66,0.01,False
EBC,2025-12-31,0.46,0.41,0.43,0.02,False
ECG,2024-12-31,0.67,2.8,2.81,0.01,False
ECG,2025-12-31,1.08,3.94,3.95,0.01,False
ECPG,2014-12-31,0.99,3.78,3.77,0.01,False
ECPG,2015-12-31,-0.04,1.64,1.69,0.05,False
ECPG,2016-12-31,0.87,2.94,2.96,0.02,False
ECPG,2017-12-31,0.48,3.15,3.15,0.0,False
ECPG,2018-12-31,1.5,4.02,4.06,0.04,False
ECPG,2019-12-31,1.37,5.34,5.33,0.01,False
ECPG,2020-12-31,1.16,6.68,6.68,0.0,False
ECPG,2021-12-31,2.54,11.24,11.26,0.02,False
ECPG,2022-12-31,-2.98,6.93,7.46,0.53,True
ECPG,2023-12-31,-12.85,-10.23,-8.72,1.51,True
ECPG,2024-12-31,-10.0,-6.45,-5.83,0.62,True
ECPG,2025-12-31,3.37,10.96,10.91,0.05,False
EEFT,2014-12-31,0.55,1.87,1.89,0.02,False
EEFT,2015-12-31,0.61,1.81,1.83,0.02,False
EEFT,2016-12-31,0.54,3.22,3.23,0.01,False
EEFT,2017-12-31,-0.42,2.82,2.85,0.03,False
EEFT,2018-12-31,1.06,4.26,4.26,0.0,False
EEFT,2019-12-31,1.99,6.32,6.31,0.01,False
EEFT,2020-12-31,1.39,-0.03,-0.06,0.03,False
EEFT,2021-12-31,-0.06,1.31,-1.32,2.63,True
EEFT,2022-12-31,1.22,4.31,4.41,0.1,False
EEFT,2023-12-31,1.41,5.5,5.5,0.0,False
EEFT,2024-12-31,0.96,6.45,6.45,0.0,False
EEFT,2025-12-31,1.05,6.92,6.84,0.08,False
EFC,2019-12-31,0.34,1.82,1.76,0.06,False
EFC,2020-12-31,1.42,0.29,0.39,0.1,True
EFC,2021-12-31,0.6,2.62,2.58,0.04,False
EFC,2022-12-31,0.36,-1.44,-1.43,0.01,False
EFOR,2014-12-31,0.39,1.43,1.42,0.01,False
EFOR,2015-12-31,0.36,1.85,1.84,0.01,False
EFOR,2016-12-31,0.45,1.8,1.81,0.01,False
EFOR,2017-12-31,1.27,2.97,2.97,0.0,False
EFOR,2018-12-31,0.86,2.97,2.98,0.01,False
EFOR,2019-12-31,0.73,3.28,3.28,0.0,False
EFOR,2020-12-31,1.03,3.76,3.76,0.0,False
EFOR,2021-12-31,1.6,7.67,7.66,0.01,False
EFOR,2022-12-31,1.1,5.23,5.23,0.0,False
EFOR,2023-12-31,1.06,4.5,4.5,0.0,False
EFOR,2024-12-31,0.95,3.84,3.83,0.01,False
EFOR,2025-12-31,0.59,2.61,2.6,0.01,False
EGBN,2014-12-31,0.48,1.95,1.95,0.0,False
EGBN,2015-12-31,0.65,2.5,2.5,0.0,False
EGBN,2016-12-31,0.75,2.86,2.86,0.0,False
EGBN,2017-12-31,0.45,2.92,2.92,0.0,False
EGBN,2018-12-31,1.17,4.42,4.42,0.0,False
EGBN,2019-12-31,1.06,4.19,4.18,0.01,False
EGBN,2020-12-31,1.21,4.09,4.09,0.0,False
EGBN,2021-12-31,1.3,5.52,5.52,0.0,False
EGBN,2022-12-31,1.32,4.39,4.39,0.0,False
EGBN,2023-12-31,0.68,3.31,3.31,0.0,False
EGBN,2024-12-31,0.51,-1.56,-1.56,0.0,False
EGBN,2025-12-31,-0.08,-4.54,-4.55,0.01,False
EGP,2014-12-31,0.4,1.52,1.52,0.0,False
EGP,2015-12-31,0.35,1.48,1.49,0.01,False
EGP,2016-12-31,0.46,2.93,2.93,0.0,False
EGP,2017-12-31,0.51,2.43,2.44,0.01,False
EGP,2018-12-31,0.51,2.5,2.49,0.01,False
EGP,2019-12-31,1.28,3.23,3.24,0.01,False
EGP,2020-12-31,0.94,2.76,2.76,0.0,False
EGP,2021-12-31,1.75,3.89,3.9,0.01,False
EGP,2022-12-31,0.89,4.39,4.36,0.03,False
EGP,2023-12-31,1.35,4.41,4.42,0.01,False
EGP,2024-12-31,1.16,4.65,4.66,0.01,False
EGP,2025-12-31,1.27,4.87,4.87,0.0,False
EHC,2014-12-31,0.44,2.29,2.29,0.0,False
EHC,2015-12-31,0.49,1.9,1.91,0.01,False
EHC,2016-12-31,0.68,2.58,2.59,0.01,False
EHC,2017-12-31,0.6,2.67,2.69,0.02,False
EHC,2018-12-31,0.28,2.93,2.93,0.0,False
EHC,2019-12-31,0.68,3.61,3.61,0.0,False
EHC,2020-12-31,0.86,2.85,2.85,0.0,False
EHC,2021-12-31,0.91,4.11,4.11,0.0,False
EHC,2022-12-31,0.89,2.7,2.7,0.0,False
EHC,2023-12-31,0.86,3.47,3.47,0.0,False
EHC,2024-12-31,1.18,4.46,4.46,0.0,False
EHC,2025-12-31,1.43,5.54,5.54,0.0,False
EIG,2014-12-31,0.91,3.14,3.14,0.0,False
EIG,2015-12-31,0.82,2.9,2.9,0.0,False
EIG,2016-12-31,1.07,3.22,3.24,0.02,False
EIG,2017-12-31,0.94,3.05,3.06,0.01,False
EIG,2018-12-31,0.77,4.25,4.24,0.01,False
EIG,2019-12-31,0.98,4.81,4.83,0.02,False
EIG,2020-12-31,2.14,4.02,3.97,0.05,False
EIG,2021-12-31,1.95,4.2,4.17,0.03,False
EIG,2022-12-31,1.72,1.78,1.75,0.03,False
EIG,2023-12-31,1.77,4.47,4.45,0.02,False
EIG,2024-12-31,1.14,4.71,4.71,0.0,False
EIG,2025-12-31,-1.06,0.33,0.46,0.13,True
ELAN,2018-12-31,0.05,0.29,0.28,0.01,False
ELAN,2019-12-31,-0.03,0.19,0.18,0.01,False
ELAN,2020-12-31,-0.66,-1.2,-1.27,0.07,True
ELAN,2021-12-31,-0.2,-0.96,-0.97,0.01,False
ELAN,2022-12-31,-0.11,-0.16,-0.16,0.0,False
ELAN,2023-12-31,-0.29,-2.5,-2.5,0.0,False
ELAN,2024-12-31,-0.02,0.67,0.68,0.01,False
ELAN,2025-12-31,-0.56,-0.48,-0.47,0.01,False
ELF,2017-12-31,0.44,0.68,0.68,0.0,False
ELF,2018-12-31,0.2,0.32,0.32,0.0,False
ELF,2020-03-31,-0.01,0.35,0.35,0.0,False
ELF,2021-03-31,-0.0,0.12,0.12,0.0,False
ELF,2022-03-31,0.03,0.41,0.41,0.0,False
ELF,2023-03-31,0.29,1.11,1.11,0.0,False
ELF,2024-03-31,0.25,2.22,2.21,0.01,False
ELF,2025-03-31,0.49,1.93,1.92,0.01,False
ELF,2026-03-31,-0.82,0.46,0.44,0.02,False
ELS,2014-12-31,0.35,1.42,1.41,0.01,False
ELS,2015-12-31,0.41,1.54,1.54,0.0,False
ELS,2016-12-31,0.43,1.93,1.92,0.01,False
ELS,2017-12-31,0.51,2.17,2.17,0.0,False
ELS,2018-12-31,0.56,2.39,2.38,0.01,False
ELS,2020-12-31,0.35,1.25,1.25,0.0,False
ELS,2021-12-31,0.36,1.43,1.43,0.0,False
ELS,2022-12-31,0.39,1.53,1.53,0.0,False
ELS,2023-12-31,0.49,1.68,1.69,0.01,False
ELS,2024-12-31,0.5,1.95,1.96,0.01,False
ELS,2025-12-31,0.52,2.01,2.01,0.0,False
EMN,2014-12-31,0.11,4.95,4.97,0.02,False
EMN,2015-12-31,0.83,5.66,5.66,0.0,False
EMN,2016-12-31,0.79,5.75,5.75,0.0,False
EMN,2017-12-31,3.38,9.49,9.47,0.02,False
EMN,2018-12-31,0.24,7.52,7.56,0.04,False
EMN,2019-12-31,0.19,5.46,5.48,0.02,False
EMN,2020-12-31,0.23,3.5,3.5,0.0,False
EMN,2021-12-31,2.74,6.23,6.25,0.02,False
EMN,2022-12-31,0.01,6.3,6.35,0.05,False
EMN,2023-12-31,2.6,7.48,7.49,0.01,False
EMN,2024-12-31,2.82,7.68,7.67,0.01,False
EMN,2025-12-31,0.92,4.09,4.1,0.01,False
ENOV,2014-12-31,0.64,2.98,3.02,0.04,False
ENOV,2015-12-31,0.36,1.35,1.34,0.01,False
ENOV,2016-12-31,0.31,1.04,1.04,0.0,False
ENOV,2017-12-31,-1.74,-0.63,1.22,1.85,True
ENOV,2019-12-31,-0.12,-3.88,-3.89,0.01,False
ENOV,2020-12-31,0.22,0.29,0.31,0.02,False
ENOV,2021-12-31,-0.01,1.44,0.46,0.98,True
ENOV,2023-12-31,0.05,-0.61,-0.61,0.0,False
ENOV,2024-12-31,-12.58,-14.82,-14.93,0.11,False
ENOV,2025-12-31,-9.1,-20.71,-20.75,0.04,False
ENPH,2022-12-31,1.07,2.76,2.77,0.01,False
ENPH,2023-12-31,0.15,3.06,3.08,0.02,False
ENPH,2024-12-31,0.42,0.71,0.75,0.04,False
ENPH,2025-12-31,0.29,1.29,1.29,0.0,False
ENR,2015-09-30,0.37,-0.07,-0.06,0.01,False
ENR,2016-09-30,0.34,2.04,2.04,0.0,False
ENR,2017-09-30,0.55,3.22,3.22,0.0,False
ENR,2018-09-30,0.02,1.52,1.52,0.0,False
ENR,2019-09-30,0.66,0.92,0.58,0.34,True
ENR,2021-09-30,1.23,2.17,2.11,0.06,False
ENR,2022-09-30,-5.24,-3.4,-3.37,0.03,False
ENR,2023-09-30,0.27,1.96,1.94,0.02,False
ENR,2024-09-30,0.64,0.51,0.52,0.01,False
ENR,2025-09-30,0.5,3.36,3.32,0.04,False
ENS,2015-03-31,0.57,3.33,3.77,0.44,True
ENS,2016-03-31,0.21,2.97,2.99,0.02,False
ENS,2017-03-31,0.76,3.64,3.64,0.0,False
ENS,2018-03-31,1.26,2.74,2.77,0.03,False
ENS,2019-03-31,0.43,3.74,3.73,0.01,False
ENS,2020-03-31,-0.04,3.2,3.2,0.0,False
ENS,2021-03-31,0.78,3.32,3.32,0.0,False
ENS,2022-03-31,0.67,3.35,3.36,0.01,False
ENS,2023-03-31,1.59,4.26,4.25,0.01,False
ENS,2024-03-31,1.48,6.5,6.5,0.0,False
ENS,2025-03-31,2.41,9.01,8.99,0.02,False
ENS,2026-03-31,2.05,7.71,7.7,0.01,False
ENSG,2014-12-31,0.5,1.57,1.56,0.01,False
ENSG,2016-12-31,0.35,0.96,0.96,0.0,False
ENSG,2017-12-31,0.21,0.76,0.77,0.01,False
ENSG,2018-12-31,0.48,1.7,1.7,0.0,False
ENSG,2019-12-31,0.49,1.97,1.97,0.0,False
ENSG,2020-12-31,0.82,3.05,3.06,0.01,False
ENSG,2021-12-31,0.86,3.42,3.42,0.0,False
ENSG,2022-12-31,1.06,3.95,3.95,0.0,False
ENSG,2023-12-31,0.38,3.66,3.65,0.01,False
ENSG,2024-12-31,1.36,5.11,5.12,0.01,False
ENSG,2025-12-31,1.61,5.84,5.84,0.0,False
ENTG,2014-12-31,0.07,0.05,0.06,0.01,False
ENTG,2015-12-31,0.12,0.57,0.57,0.0,False
ENTG,2016-12-31,0.18,0.67,0.68,0.01,False
ENTG,2017-12-31,-0.2,0.59,0.59,0.0,False
ENTG,2018-12-31,0.57,1.69,1.69,0.0,False
ENTG,2019-12-31,0.42,1.87,1.87,0.0,False
ENTG,2020-12-31,0.63,2.16,2.16,0.0,False
ENTG,2021-12-31,0.87,3.0,3.0,0.0,False
ENTG,2022-12-31,0.38,1.53,1.46,0.07,False
ENTG,2023-12-31,0.25,1.19,1.2,0.01,False
ENTG,2024-12-31,0.67,1.93,1.93,0.0,False
ENTG,2025-12-31,0.32,1.54,1.55,0.01,False
ENVA,2014-12-31,0.68,3.38,3.38,0.0,False
ENVA,2015-12-31,0.13,1.33,1.33,0.0,False
ENVA,2016-12-31,0.26,1.04,1.03,0.01,False
ENVA,2017-12-31,0.2,0.86,0.86,0.0,False
ENVA,2018-12-31,0.25,2.01,1.99,0.02,False
ENVA,2019-12-31,-1.48,1.05,1.06,0.01,False
ENVA,2020-12-31,6.47,11.31,11.7,0.39,False
ENVA,2021-12-31,1.3,6.79,6.79,0.0,False
ENVA,2022-12-31,1.56,6.19,6.19,0.0,False
ENVA,2023-12-31,1.13,5.48,5.49,0.01,False
ENVA,2024-12-31,2.3,7.44,7.43,0.01,False
ENVA,2025-12-31,2.94,11.52,11.52,0.0,False
EPAC,2015-08-31,0.36,0.32,0.32,0.0,False
EPAC,2017-08-31,-1.72,-1.19,-1.11,0.08,True
EPAC,2018-08-31,-0.63,-0.36,-0.36,0.0,False
EPAC,2019-08-31,-4.31,-4.04,-4.04,0.0,False
EPAC,2020-08-31,0.02,0.01,0.01,0.0,False
EPAC,2021-08-31,0.09,0.63,0.63,0.0,False
EPAC,2022-08-31,0.17,0.27,0.26,0.01,False
EPAC,2023-08-31,0.4,0.83,0.82,0.01,False
EPAC,2024-08-31,0.44,1.56,1.56,0.0,False
EPAC,2025-08-31,0.52,1.71,1.7,0.01,False
EPAM,2014-12-31,0.37,1.4,1.4,0.0,False
EPAM,2015-12-31,0.52,1.62,1.62,0.0,False
EPAM,2016-12-31,0.47,1.87,1.87,0.0,False
EPAM,2017-12-31,-0.55,1.34,1.32,0.02,False
EPAM,2018-12-31,1.05,4.24,4.24,0.0,False
EPAM,2019-12-31,1.29,4.53,4.53,0.0,False
EPAM,2020-12-31,1.46,5.6,5.6,0.0,False
EPAM,2021-12-31,2.4,8.15,8.15,0.0,False
EPAM,2022-12-31,2.61,7.08,7.09,0.01,False
EPAM,2023-12-31,1.66,7.07,7.06,0.01,False
EPAM,2024-12-31,1.8,7.84,7.84,0.0,False
EPAM,2025-12-31,1.98,6.73,6.72,0.01,False
EPC,2015-09-30,-3.61,-4.5,-4.44,0.06,False
EPC,2016-09-30,0.88,2.98,2.99,0.01,False
EPC,2017-09-30,-2.62,0.05,0.1,0.05,True
EPC,2018-09-30,0.36,1.9,1.9,0.0,False
EPC,2019-09-30,0.76,-6.87,-6.88,0.01,False
EPC,2020-09-30,0.38,1.24,1.24,0.0,False
EPC,2021-09-30,0.79,2.11,2.12,0.01,False
EPC,2022-09-30,0.65,1.85,1.84,0.01,False
EPC,2023-09-30,0.58,2.19,2.21,0.02,False
EPC,2024-09-30,0.18,1.97,1.97,0.0,False
EPC,2025-09-30,-0.66,0.52,0.53,0.01,False
EPR,2014-12-31,0.81,2.85,2.86,0.01,False
EPR,2015-12-31,0.78,2.93,2.93,0.0,False
EPR,2016-12-31,0.82,3.17,3.17,0.0,False
EPR,2017-12-31,0.74,3.28,3.29,0.01,False
EPR,2018-12-31,0.65,3.27,3.27,0.0,False
EPR,2019-12-31,0.39,2.33,2.32,0.01,False
EPR,2020-12-31,-0.35,-2.08,-2.05,0.03,False
EPR,2021-12-31,0.52,1.0,1.0,0.0,False
EPR,2022-12-31,0.49,2.03,2.03,0.0,False
EPR,2023-12-31,0.52,1.97,1.97,0.0,False
EPR,2024-12-31,-0.19,1.6,1.6,0.0,False
EPR,2025-12-31,0.8,3.28,3.28,0.0,False
EPRT,2019-12-31,0.18,0.63,0.63,0.0,False
EPRT,2020-12-31,0.05,0.44,0.44,0.0,False
EPRT,2021-12-31,0.24,0.81,0.82,0.01,False
EPRT,2022-12-31,0.25,0.99,0.99,0.0,False
EPRT,2023-12-31,0.31,1.24,1.24,0.0,False
EPRT,2024-12-31,0.3,1.14,1.15,0.01,False
EPRT,2025-12-31,0.34,1.28,1.28,0.0,False
EQH,2018-12-31,3.57,3.26,3.27,0.01,False
EQH,2019-12-31,-1.98,-3.52,-3.51,0.01,False
EQH,2020-12-31,-2.86,-1.97,-1.56,0.41,True
EQH,2021-12-31,0.58,-1.06,-1.24,0.18,True
EQH,2022-12-31,-2.2,4.39,4.49,0.1,False
EQH,2023-12-31,-2.14,3.39,3.48,0.09,False
EQH,2024-12-31,2.72,3.78,3.78,0.0,False
EQH,2025-12-31,0.72,-4.8,-4.83,0.03,False
ESAB,2022-12-31,0.0,2.7,3.69,0.99,True
ESAB,2023-12-31,0.83,3.36,3.36,0.0,False
ESAB,2024-12-31,0.88,4.32,4.31,0.01,False
ESAB,2025-12-31,0.62,3.71,3.67,0.04,False
ESE,2015-09-30,0.49,1.61,1.62,0.01,False
ESE,2016-09-30,0.65,1.76,1.77,0.01,False
ESE,2017-09-30,0.74,2.07,2.07,0.0,False
ESE,2018-09-30,1.09,3.53,3.54,0.01,False
ESE,2019-09-30,0.95,3.1,3.1,0.0,False
ESE,2020-09-30,-0.81,3.91,3.9,0.01,False
ESE,2021-09-30,0.77,2.48,2.42,0.06,False
ESE,2022-09-30,1.19,3.16,3.16,0.0,False
ESE,2023-09-30,1.24,3.58,3.58,0.0,False
ESE,2024-09-30,1.32,3.94,3.94,0.0,False
ESE,2025-09-30,8.41,11.53,11.55,0.02,False
ESI,2014-12-31,-0.22,-0.21,-1.94,1.73,True
ESI,2015-12-31,-0.6,-1.46,-1.52,0.06,False
ESI,2016-12-31,0.01,-0.77,-0.65,0.12,True
ESI,2017-12-31,-0.49,-1.03,-1.04,0.01,False
ESI,2018-12-31,1.02,-0.23,-1.13,0.9,True
ESI,2019-12-31,0.29,0.36,0.35,0.01,False
ESI,2020-12-31,0.12,0.31,0.3,0.01,False
ESI,2021-12-31,0.02,0.83,0.82,0.01,False
ESI,2022-12-31,0.05,0.76,0.76,0.0,False
ESI,2023-12-31,0.32,0.49,0.49,0.0,False
ESI,2024-12-31,0.23,1.02,1.01,0.01,False
ESI,2025-12-31,0.03,0.79,0.79,0.0,False
ESNT,2014-12-31,0.33,1.03,1.03,0.0,False
ESNT,2015-12-31,0.48,1.71,1.72,0.01,False
ESNT,2016-12-31,0.68,2.42,2.41,0.01,False
ESNT,2017-12-31,1.65,3.96,3.99,0.03,False
ESNT,2018-12-31,1.31,4.76,4.77,0.01,False
ESNT,2019-12-31,1.49,5.65,5.66,0.01,False
ESNT,2020-12-31,1.1,3.88,3.88,0.0,False
ESNT,2021-12-31,1.65,6.12,6.11,0.01,False
ESNT,2022-12-31,1.37,7.71,7.72,0.01,False
ESNT,2023-12-31,1.64,6.5,6.5,0.0,False
ESNT,2024-12-31,1.58,6.84,6.85,0.01,False
ESNT,2025-12-31,1.6,6.89,6.9,0.01,False
ETSY,2015-12-31,-0.04,-1.01,-0.59,0.42,True
ETSY,2016-12-31,-0.19,-0.26,-0.26,0.0,False
ETSY,2017-12-31,0.35,0.66,0.68,0.02,False
ETSY,2018-12-31,0.32,0.6,0.61,0.01,False
ETSY,2019-12-31,0.27,0.77,0.76,0.01,False
ETSY,2020-12-31,1.02,2.57,2.69,0.12,False
ETSY,2021-12-31,1.09,3.39,3.4,0.01,False
ETSY,2022-12-31,1.24,-5.27,-5.48,0.21,False
ETSY,2023-12-31,0.62,2.24,2.24,0.0,False
ETSY,2024-12-31,1.03,2.37,2.35,0.02,False
ETSY,2025-12-31,0.83,1.22,1.39,0.17,True
EVR,2014-12-31,0.66,2.07,2.08,0.01,False
EVR,2015-12-31,0.45,0.97,0.98,0.01,False
EVR,2016-12-31,0.98,2.44,2.43,0.01,False
EVR,2017-12-31,-0.5,2.71,2.8,0.09,False
EVR,2018-12-31,3.67,8.37,8.33,0.04,False
EVR,2019-12-31,2.48,6.89,6.89,0.0,False
EVR,2020-12-31,5.02,8.12,8.22,0.1,False
EVR,2021-12-31,6.97,17.17,17.08,0.09,False
EVR,2022-12-31,3.44,11.59,11.61,0.02,False
EVR,2023-12-31,2.03,6.34,6.37,0.03,False
EVR,2024-12-31,3.3,9.06,9.08,0.02,False
EVR,2025-12-31,4.76,14.01,14.05,0.04,False
EVTC,2014-12-31,0.16,0.85,0.86,0.01,False
EVTC,2015-12-31,0.43,1.1,1.11,0.01,False
EVTC,2016-12-31,0.22,1.01,1.01,0.0,False
EVTC,2017-12-31,0.08,0.74,0.76,0.02,False
EVTC,2018-12-31,0.27,1.16,1.16,0.0,False
EVTC,2019-12-31,0.34,1.41,1.41,0.0,False
EVTC,2020-12-31,0.44,1.42,1.43,0.01,False
EVTC,2021-12-31,0.56,2.21,2.21,0.0,False
EVTC,2022-12-31,0.44,3.5,3.45,0.05,False
EVTC,2023-12-31,0.17,1.21,1.21,0.0,False
EVTC,2024-12-31,0.62,1.73,1.73,0.0,False
EVTC,2025-12-31,0.56,2.19,2.2,0.01,False
EWBC,2014-12-31,0.65,2.39,2.38,0.01,False
EWBC,2015-12-31,0.63,2.65,2.66,0.01,False
EWBC,2016-12-31,0.76,2.97,2.97,0.0,False
EWBC,2017-12-31,0.58,3.46,3.47,0.01,False
EWBC,2018-12-31,1.18,4.81,4.81,0.0,False
EWBC,2019-12-31,1.28,4.6,4.61,0.01,False
EWBC,2020-12-31,1.15,3.97,3.97,0.0,False
EWBC,2021-12-31,1.52,6.1,6.1,0.0,False
EWBC,2022-12-31,2.37,7.92,7.92,0.0,False
EWBC,2023-12-31,1.69,8.18,8.18,0.0,False
EWBC,2024-12-31,2.09,8.32,8.33,0.01,False
EWBC,2025-12-31,2.55,9.52,9.52,0.0,False
EXEL,2017-12-29,0.12,0.49,0.49,0.0,False
EXEL,2018-12-28,1.15,2.21,2.21,0.0,False
EXEL,2020-01-03,0.22,1.02,1.02,0.0,False
EXEL,2021-01-01,0.09,0.35,0.35,0.0,False
EXEL,2021-12-31,0.29,0.71,0.72,0.01,False
EXEL,2022-12-30,-0.09,0.57,0.56,0.01,False
EXEL,2023-12-29,0.27,0.64,0.65,0.01,False
EXEL,2025-01-03,0.48,1.77,1.76,0.01,False
EXEL,2026-01-02,0.88,2.77,2.78,0.01,False
EXLS,2014-12-31,0.22,0.96,0.96,0.0,False
EXLS,2015-12-31,0.43,1.5,1.51,0.01,False
EXLS,2016-12-31,0.45,1.78,1.79,0.01,False
EXLS,2017-12-31,-0.27,1.39,1.39,0.0,False
EXLS,2018-12-31,0.11,1.61,1.62,0.01,False
EXLS,2019-12-31,0.62,1.95,1.95,0.0,False
EXLS,2020-12-31,0.94,2.59,2.59,0.0,False
EXLS,2021-12-31,0.83,3.34,3.35,0.01,False
EXLS,2022-12-31,0.94,4.23,4.23,0.0,False
EXLS,2024-12-31,0.31,1.21,1.21,0.0,False
EXLS,2025-12-31,0.38,1.54,1.54,0.0,False
EXP,2015-03-31,0.93,3.71,3.71,0.0,False
EXP,2016-03-31,0.79,3.05,3.05,0.0,False
EXP,2017-03-31,0.75,4.1,4.1,0.0,False
EXP,2018-03-31,0.76,5.28,5.28,0.0,False
EXP,2019-03-31,-2.81,1.34,1.47,0.13,True
EXP,2020-03-31,1.73,1.62,1.68,0.06,False
EXP,2021-03-31,1.56,8.12,8.12,0.0,False
EXP,2022-03-31,1.89,9.13,9.14,0.01,False
EXP,2023-03-31,2.79,12.46,12.46,0.0,False
EXP,2024-03-31,2.22,13.6,13.61,0.01,False
EXP,2025-03-31,2.0,13.76,13.77,0.01,False
EXP,2026-03-31,1.91,13.12,13.16,0.04,False
EXPO,2015-01-02,0.67,2.94,2.94,0.0,False
EXPO,2016-12-30,0.39,1.75,1.75,0.0,False
EXPO,2017-12-29,-0.14,1.52,1.53,0.01,False
EXPO,2020-01-03,0.36,1.53,1.53,0.0,False
EXPO,2021-01-01,0.41,1.55,1.55,0.0,False
EXPO,2021-12-31,0.38,1.9,1.9,0.0,False
EXPO,2022-12-30,0.44,1.96,1.96,0.0,False
EXPO,2023-12-29,0.41,1.95,1.94,0.01,False
EXPO,2025-01-03,0.46,2.12,2.11,0.01,False
EXPO,2026-01-02,0.49,2.08,2.07,0.01,False
EXTR,2015-06-30,-0.16,-0.73,-0.72,0.01,False
EXTR,2016-06-30,-0.02,-0.3,-0.31,0.01,False
EXTR,2017-06-30,0.11,-0.08,-0.08,0.0,False
EXTR,2018-06-30,-0.05,-0.41,-0.41,0.0,False
EXTR,2019-06-30,-0.15,-0.23,-0.22,0.01,False
EXTR,2020-06-30,-0.18,-1.06,-1.06,0.0,False
EXTR,2021-06-30,0.08,0.02,0.02,0.0,False
EXTR,2022-06-30,0.04,0.34,0.33,0.01,False
EXTR,2023-06-30,0.19,0.58,0.58,0.0,False
EXTR,2024-06-30,-0.44,-0.7,-0.66,0.04,False
EXTR,2025-06-30,-0.06,-0.05,-0.06,0.01,False
EXTR,2026-06-30,0.13,0.31,0.31,0.0,False
EYE,2018-12-29,-0.23,0.33,0.3,0.03,False
EYE,2019-12-28,0.05,0.4,0.4,0.0,False
EYE,2021-01-02,0.41,0.4,0.44,0.04,False
EYE,2022-01-01,0.09,1.44,1.43,0.01,False
EYE,2022-12-31,-0.25,0.36,0.52,0.16,True
EYE,2023-12-30,-0.25,-0.9,-0.84,0.06,True
EYE,2024-12-28,-0.37,-0.37,-0.36,0.01,False
EYE,2026-01-03,0.04,0.37,0.37,0.0,False
EZPW,2015-09-30,-1.64,-1.56,-1.59,0.03,False
EZPW,2016-09-30,0.06,-1.47,-1.49,0.02,False
EZPW,2017-09-30,0.21,0.58,0.59,0.01,False
EZPW,2018-09-30,-0.0,0.68,0.68,0.0,False
EZPW,2019-09-30,-0.01,0.04,0.04,0.0,False
EZPW,2020-09-30,-0.43,-1.25,-1.24,0.01,False
EZPW,2021-09-30,0.03,0.16,0.15,0.01,False
EZPW,2022-09-30,0.11,0.69,0.7,0.01,False
EZPW,2023-09-30,0.13,0.5,0.53,0.03,False
EZPW,2024-09-30,0.21,1.11,1.1,0.01,False
EZPW,2025-09-30,0.34,1.41,1.42,0.01,False
FA,2021-12-31,0.11,0.1,0.11,0.01,False
FA,2022-12-31,0.13,0.42,0.43,0.01,False
FA,2023-12-31,0.1,0.25,0.26,0.01,False
FA,2024-12-31,-0.62,-0.69,-0.74,0.05,True
FA,2025-12-31,0.02,-0.21,-0.2,0.01,False
FAF,2014-12-31,0.74,2.15,2.15,0.0,False
FAF,2015-12-31,0.74,2.62,2.62,0.0,False
FAF,2016-12-31,0.73,3.08,3.09,0.01,False
FAF,2017-12-31,1.95,3.75,3.76,0.01,False
FAF,2018-12-31,0.81,4.19,4.19,0.0,False
FAF,2019-12-31,1.96,6.22,6.22,0.0,False
FAF,2020-12-31,2.49,6.18,6.16,0.02,False
FAF,2021-12-31,2.33,11.15,11.14,0.01,False
FAF,2022-12-31,0.52,2.43,2.45,0.02,False
FAF,2023-12-31,0.33,2.08,2.07,0.01,False
FAF,2024-12-31,0.69,1.25,1.26,0.01,False
FAF,2025-12-31,2.04,6.0,6.0,0.0,False
FBIN,2014-12-31,0.28,0.94,0.95,0.01,False
FBIN,2015-12-31,0.54,1.94,1.93,0.01,False
FBIN,2016-12-31,0.66,2.62,2.62,0.0,False
FBIN,2017-12-31,0.83,3.04,3.03,0.01,False
FBIN,2018-12-31,0.6,2.66,2.66,0.0,False
FBIN,2019-12-31,0.74,3.06,3.06,0.0,False
FBIN,2020-12-31,1.16,3.93,3.94,0.01,False
FBIN,2021-12-31,1.28,5.54,5.54,0.0,False
FBIN,2022-12-31,0.85,5.22,5.23,0.01,False
FBIN,2023-12-30,0.64,3.17,3.17,0.0,False
FBIN,2024-12-28,0.84,3.75,3.75,0.0,False
FBIN,2025-12-27,0.63,2.47,2.47,0.0,False
FBK,2016-12-31,0.37,2.21,2.1,0.11,True
FBK,2017-12-31,0.74,1.84,1.86,0.02,False
FBK,2018-12-31,0.55,2.56,2.55,0.01,False
FBK,2019-12-31,0.68,2.65,2.65,0.0,False
FBK,2020-12-31,0.96,1.54,1.67,0.13,True
FBK,2021-12-31,1.02,3.96,3.97,0.01,False
FBK,2022-12-31,0.81,2.64,2.64,0.0,False
FBK,2023-12-31,0.63,2.57,2.57,0.0,False
FBK,2024-12-31,0.81,2.47,2.48,0.01,False
FBK,2025-12-31,1.07,2.4,2.45,0.05,False
FBNC,2014-12-31,0.34,1.2,1.19,0.01,False
FBNC,2015-12-31,0.33,1.3,1.3,0.0,False
FBNC,2016-12-31,0.4,1.33,1.33,0.0,False
FBNC,2017-12-31,0.48,1.8,1.82,0.02,False
FBNC,2018-12-31,0.8,3.01,3.01,0.0,False
FBNC,2019-12-31,0.7,3.09,3.1,0.01,False
FBNC,2020-12-31,0.83,2.82,2.81,0.01,False
FBNC,2021-12-31,0.3,3.29,3.19,0.1,False
FBNC,2022-12-31,1.08,4.12,4.12,0.0,False
FBNC,2023-12-31,0.72,2.53,2.53,0.0,False
FBNC,2024-12-31,0.09,1.85,1.84,0.01,False
FBNC,2025-12-31,0.38,2.68,2.68,0.0,False
FBP,2014-12-31,1.55,1.85,1.87,0.02,False
FBP,2015-12-31,0.07,0.1,0.1,0.0,False
FBP,2016-12-31,0.11,0.43,0.43,0.0,False
FBP,2017-12-31,0.11,0.3,0.3,0.0,False
FBP,2018-12-31,0.46,0.91,0.92,0.01,False
FBP,2019-12-31,0.16,0.76,0.76,0.0,False
FBP,2020-12-31,0.23,0.46,0.46,0.0,False
FBP,2021-12-31,0.35,1.32,1.31,0.01,False
FBP,2022-12-31,0.4,1.59,1.59,0.0,False
FBP,2023-12-31,0.46,1.7,1.71,0.01,False
FBP,2024-12-31,0.46,1.81,1.81,0.0,False
FBP,2025-12-31,0.55,2.15,2.15,0.0,False
FBRT,2014-12-31,0.26,0.62,0.75,0.13,True
FBRT,2015-12-31,0.28,1.03,1.03,0.0,False
FBRT,2016-12-31,0.2,0.95,0.95,0.0,False
FBRT,2017-12-31,0.46,1.07,1.06,0.01,False
FBRT,2018-12-31,0.37,1.41,1.44,0.03,False
FBRT,2019-12-31,0.42,1.57,1.6,0.03,False
FBRT,2020-12-31,0.58,0.79,0.9,0.11,True
FBRT,2021-12-31,-2.05,-0.33,-0.18,0.15,True
FBRT,2022-12-31,0.25,-0.83,-0.38,0.45,True
FBRT,2023-12-31,0.29,1.42,1.42,0.0,False
FBRT,2024-12-31,0.29,0.83,0.82,0.01,False
FBRT,2025-12-31,0.13,0.64,0.64,0.0,False
FCF,2014-12-31,0.08,0.47,0.48,0.01,False
FCF,2015-12-31,0.11,0.56,0.56,0.0,False
FCF,2016-12-31,0.2,0.67,0.67,0.0,False
FCF,2017-12-31,0.04,0.58,0.58,0.0,False
FCF,2018-12-31,0.27,1.08,1.08,0.0,False
FCF,2019-12-31,0.27,1.07,1.07,0.0,False
FCF,2020-12-31,0.27,0.76,0.75,0.01,False
FCF,2021-12-31,0.37,1.45,1.44,0.01,False
FCF,2022-12-31,0.38,1.36,1.37,0.01,False
FCF,2023-12-31,0.44,1.54,1.54,0.0,False
FCF,2024-12-31,0.35,1.39,1.39,0.0,False
FCF,2025-12-31,0.43,1.46,1.47,0.01,False
FCFS,2014-12-31,0.94,2.94,2.93,0.01,False
FCFS,2015-12-31,0.69,2.15,2.14,0.01,False
FCFS,2016-12-31,0.75,1.59,1.72,0.13,True
FCFS,2017-12-31,1.44,3.02,3.0,0.02,False
FCFS,2018-12-31,1.1,3.43,3.41,0.02,False
FCFS,2019-12-31,1.27,3.82,3.81,0.01,False
FCFS,2020-12-31,0.79,2.55,2.56,0.01,False
FCFS,2021-12-31,0.7,3.04,3.04,0.0,False
FCFS,2022-12-31,1.72,5.37,5.36,0.01,False
FCFS,2023-12-31,1.53,4.8,4.8,0.0,False
FCFS,2024-12-31,1.86,5.73,5.73,0.0,False
FCFS,2025-12-31,2.35,7.42,7.42,0.0,False
FCN,2014-12-31,0.02,1.44,1.44,0.0,False
FCN,2015-12-31,0.25,1.59,1.58,0.01,False
FCN,2016-12-31,0.17,2.06,2.05,0.01,False
FCN,2017-12-31,1.75,2.81,2.75,0.06,False
FCN,2018-12-31,0.61,3.93,3.93,0.0,False
FCN,2019-12-31,0.76,5.68,5.69,0.01,False
FCN,2020-12-31,1.57,5.68,5.67,0.01,False
FCN,2021-12-31,1.07,6.64,6.65,0.01,False
FCN,2022-12-31,1.33,6.57,6.58,0.01,False
FCN,2023-12-31,2.28,7.71,7.71,0.0,False
FCN,2024-12-31,1.39,7.81,7.81,0.0,False
FCN,2025-12-31,1.78,8.25,8.24,0.01,False
FCPT,2016-12-31,0.55,2.66,2.63,0.03,False
FCPT,2017-12-31,0.3,1.17,1.18,0.01,False
FCPT,2018-12-31,0.31,1.28,1.28,0.0,False
FCPT,2019-12-31,0.27,1.06,1.06,0.0,False
FCPT,2020-12-31,0.27,1.07,1.08,0.01,False
FCPT,2021-12-31,0.3,1.11,1.11,0.0,False
FCPT,2022-12-31,0.27,1.2,1.2,0.0,False
FCPT,2023-12-31,0.27,1.08,1.07,0.01,False
FCPT,2024-12-31,0.27,1.07,1.07,0.0,False
FCPT,2025-12-31,0.28,1.1,1.09,0.01,False
FDX,2015-05-31,-3.14,3.61,3.65,0.04,False
FDX,2016-05-31,-0.26,6.44,6.51,0.07,False
FDX,2017-05-31,3.77,11.08,11.07,0.01,False
FDX,2018-05-31,4.15,16.77,16.79,0.02,False
FDX,2019-05-31,-7.51,1.9,2.03,0.13,True
FDX,2020-05-31,-1.27,4.9,4.9,0.0,False
FDX,2021-05-31,6.91,19.48,19.45,0.03,False
FDX,2022-05-31,2.14,14.31,14.33,0.02,False
FDX,2023-05-31,6.07,15.52,15.48,0.04,False
FDX,2024-05-31,5.96,17.25,17.21,0.04,False
FDX,2025-05-31,6.89,16.89,16.81,0.08,False
FDX,2026-05-31,6.56,18.47,18.55,0.08,False
FELE,2015-01-03,0.06,1.42,1.41,0.01,False
FELE,2016-01-02,0.34,1.51,1.5,0.01,False
FELE,2016-12-31,0.38,1.66,1.65,0.01,False
FELE,2017-12-31,0.17,1.66,1.65,0.01,False
FELE,2018-12-31,0.51,2.23,2.23,0.0,False
FELE,2019-12-31,0.42,2.03,2.03,0.0,False
FELE,2020-12-31,0.57,2.14,2.14,0.0,False
FELE,2021-12-31,0.86,3.26,3.25,0.01,False
FELE,2022-12-31,0.84,3.97,3.97,0.0,False
FELE,2023-12-31,0.82,4.11,4.11,0.0,False
FELE,2024-12-31,0.72,3.85,3.86,0.01,False
FELE,2025-12-31,0.87,3.22,3.22,0.0,False
FFBC,2014-12-31,0.3,1.1,1.09,0.01,False
FFBC,2016-12-31,0.38,1.43,1.43,0.0,False
FFBC,2017-12-31,0.4,1.56,1.56,0.0,False
FFBC,2018-12-31,0.55,1.92,1.93,0.01,False
FFBC,2019-12-31,0.49,2.0,2.0,0.0,False
FFBC,2020-12-31,0.49,1.58,1.59,0.01,False
FFBC,2021-12-31,0.5,2.13,2.14,0.01,False
FFBC,2022-12-31,0.73,2.31,2.3,0.01,False
FFBC,2023-12-31,0.6,2.69,2.69,0.0,False
FFBC,2024-12-31,0.68,2.4,2.4,0.0,False
FFBC,2025-12-31,0.64,2.66,2.66,0.0,False
FFIN,2015-12-31,0.38,1.54,1.54,0.0,False
FFIN,2016-12-31,0.4,1.59,1.59,0.0,False
FFIN,2017-12-31,0.55,1.82,1.81,0.01,False
FFIN,2018-12-31,0.56,2.21,2.22,0.01,False
FFIN,2020-12-31,0.41,1.42,1.42,0.0,False
FFIN,2021-12-31,0.39,1.59,1.59,0.0,False
FFIN,2022-12-31,0.41,1.63,1.64,0.01,False
FFIN,2023-12-31,0.32,1.4,1.39,0.01,False
FFIN,2024-12-31,0.43,1.56,1.56,0.0,False
FFIN,2025-12-31,0.51,1.77,1.77,0.0,False
FG,2022-12-31,-2.68,4.7,4.18,0.52,True
FG,2023-12-31,-2.47,-0.54,-0.47,0.07,True
FG,2024-12-31,2.35,4.7,4.88,0.18,False
FG,2025-12-31,0.96,1.87,1.88,0.01,False
FHB,2016-12-31,0.41,1.65,1.65,0.0,False
FHB,2017-12-31,0.08,1.32,1.32,0.0,False
FHB,2018-12-31,0.44,1.93,1.93,0.0,False
FHB,2019-12-31,0.52,2.14,2.13,0.01,False
FHB,2020-12-31,0.47,1.42,1.43,0.01,False
FHB,2021-12-31,0.44,2.05,2.05,0.0,False
FHB,2022-12-31,0.62,2.07,2.08,0.01,False
FHB,2023-12-31,0.37,1.84,1.84,0.0,False
FHB,2024-12-31,0.41,1.79,1.79,0.0,False
FHB,2025-12-31,0.56,2.2,2.2,0.0,False
FHI,2018-12-31,0.61,2.18,2.18,0.0,False
FHI,2019-12-31,0.81,2.69,2.69,0.0,False
FHI,2020-12-31,0.94,3.22,3.23,0.01,False
FHI,2021-12-31,0.71,2.75,2.75,0.0,False
FHI,2022-12-31,0.63,2.66,2.65,0.01,False
FHI,2023-12-31,0.96,3.41,3.4,0.01,False
FHI,2024-12-31,1.09,3.24,3.23,0.01,False
FHI,2025-12-31,1.39,5.14,5.13,0.01,False
FHN,2014-12-31,0.2,0.9,0.9,0.0,False
FHN,2015-12-31,0.19,0.33,0.34,0.01,False
FHN,2016-12-31,0.23,0.94,0.94,0.0,False
FHN,2017-12-31,-0.2,0.69,0.65,0.04,False
FHN,2018-12-31,0.3,1.65,1.65,0.0,False
FHN,2019-12-31,0.37,1.38,1.38,0.0,False
FHN,2020-12-31,0.42,1.58,1.89,0.31,True
FHN,2021-12-31,0.4,1.74,1.74,0.0,False
FHN,2022-12-31,0.45,1.53,1.53,0.0,False
FHN,2023-12-31,0.32,1.54,1.54,0.0,False
FHN,2024-12-31,0.29,1.36,1.36,0.0,False
FHN,2025-12-31,0.52,1.88,1.87,0.01,False
FIBK,2014-12-31,0.49,1.86,1.87,0.01,False
FIBK,2015-12-31,0.51,1.9,1.9,0.0,False
FIBK,2016-12-31,0.55,2.13,2.13,0.0,False
FIBK,2017-12-31,0.59,2.03,2.05,0.02,False
FIBK,2018-12-31,0.66,2.76,2.75,0.01,False
FIBK,2019-12-31,0.8,2.84,2.83,0.01,False
FIBK,2020-12-31,0.76,2.54,2.53,0.01,False
FIBK,2021-12-31,0.83,3.11,3.11,0.0,False
FIBK,2022-12-31,0.82,1.85,1.96,0.11,True
FIBK,2023-12-31,0.59,2.48,2.48,0.0,False
FIBK,2024-12-31,0.5,2.19,2.19,0.0,False
FIBK,2025-12-31,1.08,2.95,2.94,0.01,False
FIVE,2015-01-31,0.61,0.88,0.88,0.0,False
FIVE,2016-01-30,0.77,1.06,1.05,0.01,False
FIVE,2017-01-28,0.9,1.3,1.3,0.0,False
FIVE,2018-02-03,1.21,1.84,1.84,0.0,False
FIVE,2019-02-02,1.58,2.66,2.66,0.0,False
FIVE,2020-02-01,1.97,3.12,3.12,0.0,False
FIVE,2021-01-30,2.2,2.18,2.2,0.02,False
FIVE,2022-01-29,2.49,4.95,4.95,0.0,False
FIVE,2023-01-28,3.07,4.69,4.69,0.0,False
FIVE,2024-02-03,3.65,5.42,5.41,0.01,False
FIVE,2025-02-01,3.39,4.59,4.6,0.01,False
FIVE,2026-01-31,4.28,6.46,6.47,0.01,False
FIVN,2019-12-31,0.01,-0.08,-0.08,0.0,False
FIVN,2020-12-31,-0.11,-0.65,-0.66,0.01,False
FIVN,2021-12-31,-0.05,-0.78,-0.79,0.01,False
FIVN,2022-12-31,-0.19,-1.35,-1.35,0.0,False
FIVN,2023-12-31,-0.17,-1.13,-1.13,0.0,False
FIVN,2024-12-31,0.15,-0.18,-0.17,0.01,False
FIVN,2025-12-31,0.23,0.46,0.45,0.01,False
FIX,2014-12-31,0.28,0.61,0.61,0.0,False
FIX,2015-12-31,0.35,1.29,1.3,0.01,False
FIX,2016-12-31,0.45,1.72,1.72,0.0,False
FIX,2017-12-31,0.2,1.47,1.47,0.0,False
FIX,2018-12-31,0.67,3.0,3.0,0.0,False
FIX,2019-12-31,0.92,3.08,3.08,0.0,False
FIX,2020-12-31,1.17,4.09,4.09,0.0,False
FIX,2021-12-31,1.04,3.94,3.93,0.01,False
FIX,2022-12-31,1.54,6.82,6.82,0.0,False
FIX,2023-12-31,2.55,9.0,9.01,0.01,False
FIX,2024-12-31,4.09,14.61,14.6,0.01,False
FIX,2025-12-31,9.37,28.9,28.88,0.02,False
FLG,2014-12-31,0.3,1.1,1.09,0.01,False
FLG,2015-12-31,-0.87,-0.06,-0.11,0.05,True
FLG,2016-12-31,0.23,1.02,1.01,0.01,False
FLG,2017-12-31,0.26,0.9,0.9,0.0,False
FLG,2018-12-31,0.19,0.79,0.79,0.0,False
FLG,2019-12-31,0.2,0.77,0.77,0.0,False
FLG,2020-12-31,0.39,1.03,1.02,0.01,False
FLG,2021-12-31,0.3,1.19,1.2,0.01,False
FLG,2022-12-31,0.3,1.25,1.26,0.01,False
FLG,2023-12-31,-3.75,-0.06,-0.16,0.1,True
FLG,2025-12-31,0.05,-0.51,-0.5,0.01,False
FLO,2015-01-03,0.13,0.83,0.82,0.01,False
FLO,2016-01-02,0.15,0.89,0.89,0.0,False
FLO,2016-12-31,0.06,0.77,0.78,0.01,False
FLO,2017-12-30,0.37,0.71,0.71,0.0,False
FLO,2018-12-29,0.1,0.74,0.74,0.0,False
FLO,2019-12-28,0.01,0.77,0.78,0.01,False
FLO,2021-01-02,0.26,0.71,0.72,0.01,False
FLO,2022-01-01,0.18,0.96,0.97,0.01,False
FLO,2022-12-31,0.23,1.07,1.07,0.0,False
FLO,2023-12-30,0.17,0.58,0.58,0.0,False
FLO,2024-12-28,0.2,1.17,1.17,0.0,False
FLO,2026-01-03,-0.32,0.4,0.4,0.0,False
FLR,2014-12-31,1.37,3.21,3.2,0.01,False
FLR,2015-12-31,-0.36,2.77,2.81,0.04,False
FLR,2016-12-31,0.5,1.99,2.0,0.01,False
FLR,2017-12-31,0.42,1.35,1.36,0.01,False
FLR,2018-12-31,0.07,1.3,1.59,0.29,True
FLR,2019-12-31,-2.12,-10.85,-10.87,0.02,False
FLR,2020-12-31,-1.17,-3.11,-3.1,0.01,False
FLR,2022-12-31,0.07,0.8,0.73,0.07,True
FLR,2023-12-31,-0.15,0.53,0.54,0.01,False
FLR,2024-12-31,10.65,12.27,12.3,0.03,False
FLR,2025-12-31,-9.89,-0.8,-0.31,0.49,True
FLS,2014-12-31,1.16,3.77,3.76,0.01,False
FLS,2015-12-31,0.54,2.0,2.0,0.0,False
FLS,2016-12-31,0.46,1.08,1.11,0.03,False
FLS,2017-12-31,-0.81,0.02,0.02,0.0,False
FLS,2018-12-31,0.48,0.91,0.91,0.0,False
FLS,2019-12-31,0.53,1.93,1.93,0.0,False
FLS,2020-12-31,0.43,0.89,0.89,0.0,False
FLS,2021-12-31,0.13,0.97,0.96,0.01,False
FLS,2022-12-31,0.92,1.43,1.44,0.01,False
FLS,2023-12-31,0.47,1.41,1.42,0.01,False
FLS,2024-12-31,0.59,2.14,2.14,0.0,False
FLS,2025-12-31,-0.23,2.62,2.64,0.02,False
FMC,2014-12-31,0.57,2.29,2.29,0.0,False
FMC,2015-12-31,-1.54,3.61,3.66,0.05,False
FMC,2016-12-31,0.12,1.56,1.56,0.0,False
FMC,2017-12-31,4.06,4.11,3.99,0.12,False
FMC,2018-12-31,0.24,3.7,3.69,0.01,False
FMC,2019-12-31,-0.02,3.61,3.62,0.01,False
FMC,2020-12-31,0.38,4.22,4.22,0.0,False
FMC,2021-12-31,1.52,5.7,5.7,0.0,False
FMC,2022-12-31,2.17,5.82,5.81,0.01,False
FMC,2023-12-31,8.79,10.55,10.53,0.02,False
FMC,2024-12-31,-0.13,2.72,2.72,0.0,False
FMC,2025-12-31,-13.79,-17.9,-17.88,0.02,False
FN,2015-06-26,0.36,1.21,1.21,0.0,False
FN,2016-06-24,0.53,1.67,1.68,0.01,False
FN,2017-06-30,0.71,2.56,2.57,0.01,False
FN,2018-06-29,0.6,2.21,2.21,0.0,False
FN,2019-06-28,0.88,3.23,3.23,0.0,False
FN,2020-06-26,0.75,3.02,3.01,0.01,False
FN,2021-06-25,1.13,3.95,3.95,0.0,False
FN,2022-06-24,1.51,5.36,5.36,0.0,False
FN,2023-06-30,1.65,6.72,6.73,0.01,False
FN,2024-06-28,2.22,8.1,8.1,0.0,False
FN,2025-06-27,2.42,9.18,9.17,0.01,False
FN,2026-06-26,3.83,13.05,13.05,0.0,False
FNB,2014-12-31,0.21,0.81,0.8,0.01,False
FNB,2015-12-31,0.21,0.87,0.86,0.01,False
FNB,2016-12-31,0.23,0.78,0.78,0.0,False
FNB,2017-12-31,0.07,0.61,0.63,0.02,False
FNB,2018-12-31,0.3,1.12,1.12,0.0,False
FNB,2019-12-31,0.28,1.16,1.16,0.0,False
FNB,2020-12-31,0.22,0.86,0.85,0.01,False
FNB,2021-12-31,0.3,1.23,1.23,0.0,False
FNB,2022-12-31,0.38,1.21,1.22,0.01,False
FNB,2023-12-31,0.14,1.33,1.31,0.02,False
FNB,2024-12-31,0.3,1.26,1.27,0.01,False
FNB,2025-12-31,0.47,1.56,1.56,0.0,False
FND,2017-12-28,0.45,1.0,1.03,0.03,False
FND,2018-12-27,0.17,1.1,1.11,0.01,False
FND,2019-12-26,0.33,1.43,1.44,0.01,False
FND,2020-12-31,0.53,1.83,1.84,0.01,False
FND,2021-12-30,0.46,2.63,2.64,0.01,False
FND,2022-12-29,0.64,2.77,2.78,0.01,False
FND,2023-12-28,0.34,2.27,2.28,0.01,False
FND,2024-12-26,0.44,1.9,1.9,0.0,False
FND,2025-12-25,0.36,1.92,1.92,0.0,False
FNF,2020-12-31,2.69,4.87,4.99,0.12,False
FNF,2021-12-31,1.88,8.45,8.44,0.01,False
FNF,2022-12-31,0.25,4.07,4.1,0.03,False
FNF,2023-12-31,-0.25,1.91,1.91,0.0,False
FNF,2024-12-31,1.64,4.64,4.65,0.01,False
FNF,2025-12-31,-0.43,2.22,2.21,0.01,False
FORM,2015-12-26,-0.01,-0.03,-0.03,0.0,False
FORM,2016-12-31,-0.22,-0.05,-0.1,0.05,False
FORM,2017-12-30,0.07,0.55,0.55,0.0,False
FORM,2018-12-29,1.11,1.36,1.38,0.02,False
FORM,2019-12-28,0.23,0.5,0.51,0.01,False
FORM,2020-12-26,0.24,0.99,0.99,0.0,False
FORM,2021-12-25,0.33,1.07,1.06,0.01,False
FORM,2022-12-31,-0.18,0.64,0.65,0.01,False
FORM,2023-12-30,0.96,1.05,1.05,0.0,False
FORM,2024-12-28,0.12,0.89,0.89,0.0,False
FORM,2025-12-27,0.29,0.69,0.69,0.0,False
FOXF,2014-12-31,0.08,0.74,0.73,0.01,False
FOXF,2015-12-31,0.18,0.66,0.66,0.0,False
FOXF,2016-12-30,0.26,0.95,0.94,0.01,False
FOXF,2017-12-29,0.07,1.1,1.11,0.01,False
FOXF,2018-12-28,0.52,2.16,2.16,0.0,False
FOXF,2020-01-03,0.58,2.38,2.38,0.0,False
FOXF,2021-01-01,0.75,2.18,2.22,0.04,False
FOXF,2021-12-31,0.89,3.87,3.87,0.0,False
FOXF,2022-12-30,1.25,4.84,4.84,0.0,False
FOXF,2023-12-29,0.1,2.85,2.85,0.0,False
FOXF,2025-01-03,-0.0,0.16,0.16,0.0,False
FOXF,2026-01-02,-6.88,-13.06,-13.03,0.03,False
FR,2014-12-31,0.17,0.42,0.42,0.0,False
FR,2015-12-31,0.39,0.67,0.66,0.01,False
FR,2016-12-31,0.2,1.04,1.05,0.01,False
FR,2017-12-31,0.81,1.68,1.69,0.01,False
FR,2018-12-31,0.4,1.3,1.31,0.01,False
FR,2019-12-31,0.76,1.88,1.88,0.0,False
FR,2020-12-31,0.65,1.53,1.53,0.0,False
FR,2021-12-31,0.87,2.08,2.09,0.01,False
FR,2022-12-31,0.62,2.71,2.72,0.01,False
FR,2023-12-31,0.67,2.07,2.07,0.0,False
FR,2024-12-31,0.52,2.18,2.17,0.01,False
FR,2025-12-31,0.59,1.86,1.87,0.01,False
FRPT,2014-12-31,-7.38,-9.87,-9.63,0.24,False
FRPT,2015-12-31,0.08,-0.12,-0.11,0.01,False
FRPT,2016-12-31,0.04,-0.09,-0.09,0.0,False
FRPT,2017-12-31,0.04,-0.14,-0.12,0.02,False
FRPT,2018-12-31,0.05,-0.15,-0.15,0.0,False
FRPT,2019-12-31,0.13,-0.05,-0.04,0.01,False
FRPT,2020-12-31,-0.09,-0.1,-0.08,0.02,False
FRPT,2021-12-31,-0.21,-0.69,-0.69,0.0,False
FRPT,2022-12-31,-0.06,-1.3,-1.29,0.01,False
FRPT,2023-12-31,0.32,-0.7,-0.7,0.0,False
FRPT,2024-12-31,0.35,0.93,0.93,0.0,False
FRPT,2025-12-31,0.49,2.42,2.64,0.22,True
FSS,2014-12-31,0.38,1.01,1.0,0.01,False
FSS,2015-12-31,0.18,1.0,1.0,0.0,False
FSS,2016-12-31,0.21,0.72,0.71,0.01,False
FSS,2017-12-31,0.5,1.02,1.02,0.0,False
FSS,2018-12-31,0.53,1.54,1.54,0.0,False
FSS,2019-12-31,0.48,1.77,1.76,0.01,False
FSS,2020-12-31,0.42,1.56,1.56,0.0,False
FSS,2021-12-31,0.31,1.62,1.63,0.01,False
FSS,2022-12-31,0.56,1.96,1.97,0.01,False
FSS,2023-12-31,0.75,2.57,2.56,0.01,False
FSS,2024-12-31,0.81,3.51,3.5,0.01,False
FSS,2025-12-31,0.99,4.01,4.01,0.0,False
FTDR,2018-12-31,0.2,1.47,1.47,0.0,False
FTDR,2019-12-31,0.22,1.8,1.8,0.0,False
FTDR,2020-12-31,0.01,1.3,1.31,0.01,False
FTDR,2021-12-31,0.07,1.49,1.5,0.01,False
FTDR,2022-12-31,0.1,0.86,0.87,0.01,False
FTDR,2023-12-31,0.1,2.11,2.12,0.01,False
FTDR,2024-12-31,0.12,3.03,3.01,0.02,False
FTDR,2025-12-31,0.03,3.42,3.42,0.0,False
FTI,2016-12-31,-1.13,3.06,3.16,0.1,False
FTI,2017-12-31,-0.33,0.24,0.24,0.0,False
FTI,2018-12-31,-5.09,-4.36,-4.2,0.16,False
FTI,2019-12-31,-5.47,-5.48,-5.39,0.09,False
FTI,2020-12-31,0.02,-7.24,-7.33,0.09,False
FTI,2021-12-31,-0.33,0.04,0.03,0.01,False
FTI,2022-12-31,-0.09,-0.24,-0.24,0.0,False
FTI,2023-12-31,0.11,0.11,0.12,0.01,False
FTI,2024-12-31,0.51,1.91,1.91,0.0,False
FTI,2025-12-31,0.59,2.31,2.3,0.01,False
FTRE,2024-12-31,-0.68,-3.67,-3.67,0.0,False
FUL,2015-11-28,0.49,1.69,1.69,0.0,False
FUL,2016-12-03,0.76,2.42,2.42,0.0,False
FUL,2017-12-02,-0.15,1.13,1.13,0.0,False
FUL,2018-12-01,0.79,3.29,3.29,0.0,False
FUL,2019-11-30,0.61,2.52,2.52,0.0,False
FUL,2020-11-28,0.77,2.36,2.36,0.0,False
FUL,2021-11-27,0.93,2.97,2.97,0.0,False
FUL,2022-12-03,0.87,3.26,3.26,0.0,False
FUL,2023-12-02,0.8,2.59,2.59,0.0,False
FUL,2024-11-30,-0.13,2.31,2.3,0.01,False
FUL,2025-11-29,0.54,2.76,2.75,0.01,False
FULT,2014-12-31,0.21,0.85,0.84,0.01,False
FULT,2015-12-31,0.22,0.85,0.85,0.0,False
FULT,2016-12-31,0.24,0.93,0.93,0.0,False
FULT,2017-12-31,0.19,0.98,0.98,0.0,False
FULT,2018-12-31,0.33,1.18,1.18,0.0,False
FULT,2019-12-31,0.29,1.34,1.35,0.01,False
FULT,2020-12-31,0.31,1.09,1.08,0.01,False
FULT,2021-12-31,0.37,1.63,1.62,0.01,False
FULT,2022-12-31,0.47,1.67,1.67,0.0,False
FULT,2023-12-31,0.37,1.64,1.64,0.0,False
FULT,2024-12-31,0.36,1.57,1.57,0.0,False
FULT,2025-12-31,0.53,2.08,2.08,0.0,False
FUN,2025-12-31,-0.91,-15.87,-15.89,0.02,False
G,2014-12-31,0.21,0.85,0.85,0.0,False
G,2015-12-31,0.3,1.09,1.09,0.0,False
G,2016-12-31,0.38,1.29,1.28,0.01,False
G,2017-12-31,0.34,1.34,1.34,0.0,False
G,2018-12-31,0.41,1.45,1.45,0.0,False
G,2019-12-31,0.42,1.56,1.56,0.0,False
G,2020-12-31,0.38,1.57,1.57,0.0,False
G,2021-12-31,0.38,1.91,1.91,0.0,False
G,2022-12-31,0.48,1.88,1.88,0.0,False
G,2023-12-31,1.59,3.43,3.41,0.02,False
G,2024-12-31,0.79,2.84,2.85,0.01,False
G,2025-12-31,0.82,3.13,3.13,0.0,False
GAP,2015-01-31,0.74,2.87,2.87,0.0,False
GAP,2016-01-30,0.53,2.22,2.23,0.01,False
GAP,2017-01-28,0.55,1.69,1.69,0.0,False
GAP,2018-02-03,0.52,2.14,2.14,0.0,False
GAP,2019-02-02,0.72,2.59,2.59,0.0,False
GAP,2020-02-01,-0.49,0.92,0.93,0.01,False
GAP,2021-01-30,0.63,-1.8,-1.78,0.02,False
GAP,2022-01-29,-0.04,0.66,0.67,0.01,False
GAP,2023-01-28,-0.75,-0.55,-0.55,0.0,False
GAP,2024-02-03,0.47,1.32,1.34,0.02,False
GAP,2025-02-01,0.53,2.2,2.2,0.0,False
GAP,2026-01-31,0.43,2.13,2.13,0.0,False
GATX,2014-12-31,1.3,4.49,4.48,0.01,False
GATX,2015-12-31,1.36,4.69,4.69,0.0,False
GATX,2016-12-31,0.77,6.28,6.29,0.01,False
GATX,2017-12-31,8.77,12.81,12.75,0.06,False
GATX,2018-12-31,1.3,5.51,5.52,0.01,False
GATX,2019-12-31,1.58,5.81,5.81,0.0,False
GATX,2020-12-31,0.5,4.27,4.27,0.0,False
GATX,2021-12-31,1.69,3.97,3.98,0.01,False
GATX,2022-12-31,1.35,4.33,4.35,0.02,False
GATX,2023-12-31,1.86,7.2,7.12,0.08,False
GATX,2024-12-31,2.1,7.77,7.78,0.01,False
GATX,2025-12-31,2.68,9.14,9.12,0.02,False
GBCI,2014-12-31,0.37,1.51,1.51,0.0,False
GBCI,2015-12-31,0.39,1.54,1.54,0.0,False
GBCI,2016-12-31,0.41,1.59,1.59,0.0,False
GBCI,2017-12-31,0.19,1.5,1.5,0.0,False
GBCI,2018-12-31,0.59,2.17,2.17,0.0,False
GBCI,2019-12-31,0.62,2.38,2.38,0.0,False
GBCI,2020-12-31,0.86,2.79,2.81,0.02,False
GBCI,2021-12-31,0.46,2.91,2.86,0.05,False
GBCI,2022-12-31,0.72,2.74,2.74,0.0,False
GBCI,2023-12-31,0.49,2.01,2.01,0.0,False
GBCI,2024-12-31,0.54,1.67,1.68,0.01,False
GBCI,2025-12-31,0.49,1.99,1.99,0.0,False
GBX,2015-08-31,1.99,5.9,5.93,0.03,False
GBX,2016-08-31,1.03,5.71,5.73,0.02,False
GBX,2017-08-31,0.73,3.64,3.65,0.01,False
GBX,2018-08-31,0.94,4.69,4.68,0.01,False
GBX,2019-08-31,1.06,2.14,2.14,0.0,False
GBX,2020-08-31,-0.0,1.47,1.46,0.01,False
GBX,2021-08-31,0.89,0.9,0.96,0.06,True
GBX,2022-08-31,0.62,1.41,1.4,0.01,False
GBX,2023-08-31,0.72,1.82,1.89,0.07,False
GBX,2024-08-31,1.92,4.97,4.96,0.01,False
GBX,2025-08-31,1.19,6.33,6.35,0.02,False
GEO,2014-12-31,0.52,1.99,1.98,0.01,False
GEO,2015-12-31,0.59,1.88,1.88,0.0,False
GEO,2016-12-31,0.66,2.0,2.0,0.0,False
GEO,2018-12-31,0.28,1.21,1.2,0.01,False
GEO,2019-12-31,0.32,1.4,1.4,0.0,False
GEO,2020-12-31,0.1,0.95,0.94,0.01,False
GEO,2021-12-31,-0.36,0.58,0.58,0.0,False
GEO,2022-12-31,0.28,1.17,1.17,0.0,False
GEO,2023-12-31,0.17,0.72,0.72,0.0,False
GEO,2024-12-31,0.11,0.19,0.22,0.03,False
GEO,2025-12-31,0.23,1.89,1.82,0.07,False
GFF,2015-09-30,0.24,0.62,0.73,0.11,True
GFF,2016-09-30,0.18,0.69,0.68,0.01,False
GFF,2017-09-30,-0.28,0.35,0.35,0.0,False
GFF,2018-09-30,-0.03,2.94,2.96,0.02,False
GFF,2019-09-30,0.37,0.86,0.87,0.01,False
GFF,2020-09-30,0.41,1.17,1.19,0.02,False
GFF,2021-09-30,0.3,1.48,1.48,0.0,False
GFF,2022-09-30,-9.14,-4.95,-3.71,1.24,True
GFF,2023-09-30,0.76,1.37,1.42,0.05,False
GFF,2024-09-30,1.29,4.23,4.23,0.0,False
GFF,2025-09-30,0.93,0.98,1.09,0.11,True
GGG,2014-12-26,0.8,3.65,3.65,0.0,False
GGG,2015-12-25,0.93,5.83,5.86,0.03,False
GGG,2016-12-30,-1.82,0.72,0.71,0.01,False
GGG,2018-12-28,0.43,1.97,1.97,0.0,False
GGG,2019-12-27,0.49,2.0,2.0,0.0,False
GGG,2020-12-25,0.66,1.91,1.92,0.01,False
GGG,2021-12-31,0.69,2.52,2.52,0.0,False
GGG,2022-12-30,0.74,2.67,2.66,0.01,False
GGG,2023-12-29,0.64,2.94,2.94,0.0,False
GGG,2024-12-27,0.63,2.82,2.82,0.0,False
GGG,2025-12-26,0.79,3.09,3.08,0.01,False
GHC,2014-12-31,58.89,190.28,195.03,4.75,False
GHC,2015-12-31,8.98,-17.92,-17.87,0.05,False
GHC,2016-12-31,6.58,29.8,29.8,0.0,False
GHC,2017-12-31,38.52,54.15,53.89,0.26,False
GHC,2018-12-31,10.63,50.32,50.2,0.12,False
GHC,2019-12-31,27.25,61.21,61.21,0.0,False
GHC,2020-12-31,47.09,59.59,58.13,1.46,False
GHC,2021-12-31,17.12,70.45,70.45,0.0,False
GHC,2022-12-31,1.28,13.54,13.79,0.25,False
GHC,2023-12-31,11.69,43.44,43.82,0.38,False
GHC,2024-12-31,124.52,163.87,163.4,0.47,False
GHC,2025-12-31,24.69,66.4,66.47,0.07,False
GIII,2015-01-31,0.95,4.83,4.97,0.14,False
GIII,2017-01-31,-0.4,1.13,1.1,0.03,False
GIII,2018-01-31,-0.01,1.25,1.25,0.0,False
GIII,2019-01-31,0.48,2.74,2.75,0.01,False
GIII,2020-01-31,0.52,2.96,2.94,0.02,False
GIII,2021-01-31,0.29,0.45,0.48,0.03,False
GIII,2022-01-31,0.98,4.06,4.05,0.01,False
GIII,2023-01-31,-5.93,-3.31,-2.79,0.52,True
GIII,2024-01-31,0.61,3.77,3.75,0.02,False
GIII,2025-01-31,1.03,4.23,4.2,0.03,False
GIII,2026-01-31,-0.72,1.54,1.51,0.03,False
GKOS,2015-12-31,-0.07,-11.5,-2.13,9.37,True
GKOS,2016-12-31,0.0,0.12,0.12,0.0,False
GKOS,2017-12-31,0.04,0.0,0.0,0.0,False
GKOS,2018-12-31,0.05,-0.37,-0.37,0.0,False
GKOS,2019-12-31,0.84,0.26,0.37,0.11,True
GKOS,2020-12-31,-0.24,-2.73,-2.7,0.03,False
GKOS,2021-12-31,-0.49,-1.1,-1.07,0.03,False
GKOS,2022-12-31,-0.69,-2.12,-2.09,0.03,False
GKOS,2023-12-31,-0.75,-2.78,-2.78,0.0,False
GKOS,2024-12-31,-0.6,-2.81,-2.77,0.04,False
GKOS,2025-12-31,-2.32,-3.26,-3.28,0.02,False
GLPI,2014-12-31,0.26,1.18,1.58,0.4,True
GLPI,2015-12-31,0.25,1.08,1.08,0.0,False
GLPI,2016-12-31,0.45,1.54,1.6,0.06,False
GLPI,2017-12-31,0.43,1.78,1.79,0.01,False
GLPI,2018-12-31,0.21,1.58,1.58,0.0,False
GLPI,2019-12-31,0.53,1.81,1.81,0.0,False
GLPI,2020-12-31,0.74,2.29,2.3,0.01,False
GLPI,2021-12-31,0.5,2.26,2.26,0.0,False
GLPI,2022-12-31,0.74,2.68,2.7,0.02,False
GLPI,2023-12-31,0.78,2.77,2.77,0.0,False
GLPI,2024-12-31,0.79,2.87,2.87,0.0,False
GLPI,2025-12-31,0.94,2.93,2.95,0.02,False
GME,2015-01-31,2.23,3.54,3.47,0.07,False
GME,2016-01-30,2.36,3.81,3.78,0.03,False
GME,2017-01-28,2.03,3.42,3.4,0.02,False
GME,2018-02-03,-1.04,0.35,0.34,0.01,False
GME,2019-02-02,-1.84,-6.58,-6.59,0.01,False
GME,2020-02-01,0.32,-4.78,-5.38,0.6,True
GME,2021-01-30,1.23,-3.34,-3.31,0.03,False
GME,2022-01-29,-1.94,-5.19,-5.25,0.06,False
GME,2024-02-03,0.21,0.02,0.02,0.0,False
GME,2025-02-01,0.29,0.26,0.33,0.07,True
GME,2026-01-31,0.23,0.76,0.77,0.01,False
GMED,2014-12-31,0.29,0.97,0.97,0.0,False
GMED,2015-12-31,0.39,1.18,1.17,0.01,False
GMED,2016-12-31,0.25,1.08,1.08,0.0,False
GMED,2017-12-31,0.25,1.1,1.1,0.0,False
GMED,2018-12-31,0.36,1.54,1.54,0.0,False
GMED,2019-12-31,0.44,1.53,1.52,0.01,False
GMED,2020-12-31,0.51,0.99,1.01,0.02,False
GMED,2021-12-31,0.15,1.44,1.44,0.0,False
GMED,2022-12-31,0.49,1.86,1.85,0.01,False
GMED,2023-12-31,0.11,1.17,1.07,0.1,True
GMED,2024-12-31,0.19,0.75,0.75,0.0,False
GMED,2025-12-31,1.03,3.94,3.92,0.02,False
GNL,2018-12-31,-0.09,0.02,0.01,0.01,False
GNL,2019-12-31,0.1,0.4,0.39,0.01,False
GNL,2020-12-31,-0.15,-0.1,-0.09,0.01,False
GNL,2021-12-31,-0.08,-0.21,-0.2,0.01,False
GNL,2022-12-31,-0.17,-0.09,-0.09,0.0,False
GNL,2023-12-31,-0.26,-1.73,-1.71,0.02,False
GNL,2024-12-31,-0.08,-0.76,-0.76,0.0,False
GNL,2025-12-31,0.17,-1.18,-1.21,0.03,False
GNTX,2015-12-31,0.3,1.08,1.08,0.0,False
GNTX,2016-12-31,0.3,1.2,1.19,0.01,False
GNTX,2017-12-31,0.46,1.41,1.41,0.0,False
GNTX,2018-12-31,0.41,1.63,1.62,0.01,False
GNTX,2019-12-31,0.4,1.66,1.66,0.0,False
GNTX,2020-12-31,0.58,1.41,1.41,0.0,False
GNTX,2021-12-31,0.36,1.5,1.5,0.0,False
GNTX,2022-12-31,0.37,1.36,1.36,0.0,False
GNTX,2023-12-31,0.51,1.85,1.84,0.01,False
GNTX,2024-12-31,0.39,1.76,1.76,0.0,False
GNTX,2025-12-31,0.43,1.74,1.74,0.0,False
GNW,2014-12-31,-1.57,-2.55,-2.51,0.04,False
GNW,2015-12-31,-0.59,-1.24,-1.24,0.0,False
GNW,2016-12-31,-0.25,-0.56,-0.56,0.0,False
GNW,2017-12-31,0.7,1.62,1.63,0.01,False
GNW,2018-12-31,-0.65,0.24,0.24,0.0,False
GNW,2019-12-31,-0.03,0.68,0.67,0.01,False
GNW,2020-12-31,0.52,0.35,0.35,0.0,False
GNW,2021-12-31,0.32,1.77,1.76,0.01,False
GNW,2022-12-31,0.35,1.19,1.19,0.0,False
GNW,2023-12-31,-0.47,0.12,0.16,0.04,False
GNW,2024-12-31,-0.0,0.67,0.68,0.01,False
GNW,2025-12-31,0.0,0.53,0.54,0.01,False
GO,2019-12-28,0.12,0.16,0.19,0.03,False
GO,2021-01-02,0.24,1.08,1.08,0.0,False
GO,2022-01-01,0.07,0.63,0.63,0.0,False
GO,2022-12-31,0.16,0.65,0.65,0.0,False
GO,2023-12-30,0.14,0.79,0.79,0.0,False
GO,2024-12-28,0.02,0.39,0.4,0.01,False
GO,2026-01-03,-2.24,-2.31,-2.3,0.01,False
GOLF,2016-12-31,-0.0,0.36,0.62,0.26,True
GOLF,2017-12-31,0.16,1.23,1.23,0.0,False
GOLF,2018-12-31,0.15,1.32,1.32,0.0,False
GOLF,2019-12-31,0.24,1.6,1.6,0.0,False
GOLF,2020-12-31,0.29,1.28,1.28,0.0,False
GOLF,2021-12-31,-0.35,2.38,2.38,0.0,False
GOLF,2022-12-31,-0.0,2.73,2.75,0.02,False
GOLF,2023-12-31,-0.41,2.89,2.94,0.05,False
GOLF,2024-12-31,-0.02,3.33,3.37,0.04,False
GOLF,2025-12-31,-0.58,3.1,3.11,0.01,False
GOOGL,2021-12-31,30.66,112.2,112.2,0.0,False
GOOGL,2023-12-31,1.64,5.8,5.8,0.0,False
GOOGL,2024-12-31,2.13,8.03,8.04,0.01,False
GOOGL,2025-12-31,2.82,10.81,10.81,0.0,False
GPI,2014-12-31,0.77,3.61,3.6,0.01,False
GPI,2015-12-31,-1.41,3.85,3.9,0.05,False
GPI,2016-12-31,1.44,6.68,6.67,0.01,False
GPI,2017-12-31,5.26,10.11,10.08,0.03,False
GPI,2018-12-31,1.62,7.78,7.83,0.05,False
GPI,2019-12-31,2.58,9.34,9.34,0.0,False
GPI,2020-12-31,5.43,15.5,15.51,0.01,False
GPI,2021-12-31,4.84,30.04,30.11,0.07,False
GPI,2022-12-31,10.78,47.04,47.14,0.1,False
GPI,2023-12-31,7.88,42.67,42.73,0.06,False
GPI,2024-12-31,7.1,36.76,36.81,0.05,False
GPI,2025-12-31,3.52,25.01,25.24,0.23,False
GPK,2014-12-31,0.12,0.27,0.27,0.0,False
GPK,2015-12-31,0.17,0.69,0.7,0.01,False
GPK,2016-12-31,0.11,0.71,0.71,0.0,False
GPK,2017-12-31,0.56,0.97,0.96,0.01,False
GPK,2018-12-31,0.16,0.72,0.71,0.01,False
GPK,2019-12-31,0.11,0.7,0.7,0.0,False
GPK,2020-12-31,0.24,0.62,0.6,0.02,False
GPK,2021-12-31,0.13,0.69,0.68,0.01,False
GPK,2022-12-31,0.51,1.69,1.69,0.0,False
GPK,2023-12-31,0.64,2.35,2.34,0.01,False
GPK,2024-12-31,0.46,2.16,2.16,0.0,False
GPK,2025-12-31,0.24,1.48,1.48,0.0,False
GPOR,2014-12-31,1.28,2.88,2.88,0.0,False
GPOR,2015-12-31,-7.68,-11.29,-12.27,0.98,True
GPOR,2016-12-31,-1.86,-7.99,-7.97,0.02,False
GPOR,2017-12-31,0.85,2.44,2.41,0.03,False
GPOR,2018-12-31,0.77,2.46,2.45,0.01,False
GPOR,2019-12-31,-11.4,-12.59,-12.49,0.1,False
GPOR,2020-12-31,-1.03,-10.15,-10.14,0.01,False
GPOR,2022-12-31,34.19,20.29,20.32,0.03,False
GPOR,2023-12-31,11.33,65.78,66.46,0.68,False
GPOR,2024-12-31,-15.7,-15.7,-14.72,0.98,True
GPOR,2025-12-31,6.73,20.23,21.48,1.25,True
GRBK,2014-12-31,2.15,3.81,3.4,0.41,True
GRBK,2015-12-31,0.1,0.41,0.38,0.03,False
GRBK,2016-12-31,0.16,0.49,0.49,0.0,False
GRBK,2017-12-31,-0.16,0.32,0.3,0.02,False
GRBK,2018-12-31,0.26,1.01,1.02,0.01,False
GRBK,2019-12-31,0.31,1.16,1.16,0.0,False
GRBK,2020-12-31,0.58,2.23,2.24,0.01,False
GRBK,2021-12-31,1.24,3.72,3.72,0.0,False
GRBK,2022-12-31,1.19,6.04,6.02,0.02,False
GRBK,2023-12-31,1.6,6.16,6.14,0.02,False
GRBK,2024-12-31,2.35,8.47,8.45,0.02,False
GRBK,2025-12-31,1.79,7.08,7.07,0.01,False
GSHD,2019-12-31,-0.05,0.23,0.22,0.01,False
GSHD,2020-12-31,0.13,0.48,0.51,0.03,False
GSHD,2021-12-31,0.01,0.25,0.26,0.01,False
GSHD,2022-12-31,0.02,0.02,0.03,0.01,False
GSHD,2023-12-31,0.28,0.71,0.55,0.16,True
GSHD,2024-12-31,0.57,1.15,1.16,0.01,False
GSHD,2025-12-31,0.36,0.92,1.04,0.12,True
GT,2014-12-31,6.91,8.02,8.78,0.76,True
GT,2015-12-31,-1.41,1.1,1.12,0.02,False
GT,2016-12-31,2.17,4.79,4.74,0.05,False
GT,2017-12-31,-0.39,1.34,1.37,0.03,False
GT,2018-12-31,0.47,2.91,2.89,0.02,False
GT,2019-12-31,-1.69,-1.34,-1.33,0.01,False
GT,2020-12-31,0.27,-5.36,-5.35,0.01,False
GT,2021-12-31,1.94,2.72,2.89,0.17,True
GT,2022-12-31,-0.36,0.71,0.71,0.0,False
GT,2023-12-31,-1.02,-2.41,-2.42,0.01,False
GT,2024-12-31,0.26,0.24,0.24,0.0,False
GT,2025-12-31,0.37,-5.98,-5.99,0.01,False
GTES,2021-01-02,0.08,0.26,0.27,0.01,False
GTES,2022-01-01,0.21,1.0,1.0,0.0,False
GTES,2022-12-31,0.3,0.77,0.77,0.0,False
GTES,2023-12-30,0.24,0.85,0.84,0.01,False
GTES,2024-12-28,0.14,0.73,0.74,0.01,False
GTES,2025-12-31,0.2,0.97,0.96,0.01,False
GTM,2024-12-31,0.04,0.08,0.08,0.0,False
GTM,2025-12-31,0.11,0.38,0.38,0.0,False
GTY,2016-12-31,0.24,1.13,1.12,0.01,False
GTY,2017-12-31,0.33,1.28,1.26,0.02,False
GTY,2018-12-31,0.32,1.17,1.17,0.0,False
GTY,2019-12-31,0.33,1.19,1.19,0.0,False
GTY,2020-12-31,0.78,1.61,1.62,0.01,False
GTY,2021-12-31,0.39,1.37,1.37,0.0,False
GTY,2022-12-31,0.58,1.88,1.88,0.0,False
GTY,2023-12-31,0.31,1.16,1.15,0.01,False
GTY,2024-12-31,0.39,1.26,1.25,0.01,False
GTY,2025-12-31,0.45,1.34,1.35,0.01,False
GVA,2014-12-31,0.42,0.61,0.64,0.03,False
GVA,2015-12-31,0.71,1.5,1.52,0.02,False
GVA,2016-12-31,0.4,1.39,1.42,0.03,False
GVA,2017-12-31,0.8,1.69,1.71,0.02,False
GVA,2018-12-31,0.14,0.82,0.96,0.14,True
GVA,2020-12-31,0.18,-3.19,-3.18,0.01,False
GVA,2021-12-31,-0.32,0.1,0.22,0.12,True
GVA,2022-12-31,0.46,1.63,1.7,0.07,False
GVA,2023-12-31,0.49,0.7,0.97,0.27,True
GVA,2024-12-31,0.77,2.4,2.62,0.22,True
GVA,2025-12-31,0.88,3.51,3.86,0.35,True
GWRE,2015-07-31,0.15,0.13,0.14,0.01,False
GWRE,2016-07-31,0.21,0.19,0.2,0.01,False
GWRE,2017-07-31,0.34,0.26,0.28,0.02,False
GWRE,2018-07-31,0.72,-0.39,-0.25,0.14,True
GWRE,2019-07-31,0.27,0.24,0.25,0.01,False
GWRE,2020-07-31,0.47,-0.32,-0.33,0.01,False
GWRE,2021-07-31,-0.01,-0.79,-0.79,0.0,False
GWRE,2022-07-31,-0.37,-2.17,-2.16,0.01,False
GWRE,2023-07-31,0.15,-1.35,-1.36,0.01,False
GWRE,2024-07-31,0.21,-0.07,-0.07,0.0,False
GWRE,2025-07-31,0.59,0.79,0.81,0.02,False
GWRE,2026-07-31,0.37,1.62,1.63,0.01,False
GXO,2021-12-31,0.48,1.32,1.32,0.0,False
GXO,2022-12-31,0.39,1.68,1.67,0.01,False
GXO,2023-12-31,0.61,1.91,1.92,0.01,False
GXO,2024-12-31,0.83,1.12,1.12,0.0,False
GXO,2025-12-31,0.37,0.3,0.28,0.02,False
H,2014-12-31,1.2,2.25,2.23,0.02,False
H,2015-12-31,0.27,0.87,0.86,0.01,False
H,2016-12-31,0.31,1.52,1.52,0.0,False
H,2017-12-31,0.62,1.97,1.97,0.0,False
H,2018-12-31,0.4,6.55,6.68,0.13,False
H,2019-12-31,3.06,7.25,7.21,0.04,False
H,2020-12-31,-2.0,-6.94,-6.93,0.01,False
H,2021-12-31,-0.27,-2.19,-2.13,0.06,False
H,2022-12-31,2.63,4.06,4.09,0.03,False
H,2023-12-31,0.24,2.03,2.05,0.02,False
H,2024-12-31,-0.57,12.45,12.65,0.2,False
H,2025-12-31,-0.22,-0.57,-0.55,0.02,False
HAE,2015-03-28,-0.06,0.32,0.32,0.0,False
HAE,2016-04-02,-0.17,-1.1,-1.09,0.01,False
HAE,2017-04-01,-1.0,-0.52,-0.51,0.01,False
HAE,2018-03-31,0.22,0.86,0.85,0.01,False
HAE,2019-03-30,0.39,1.04,1.04,0.0,False
HAE,2020-03-28,0.34,1.47,1.48,0.01,False
HAE,2021-04-03,-0.21,1.56,1.55,0.01,False
HAE,2022-04-02,0.19,0.84,0.84,0.0,False
HAE,2023-04-01,0.57,2.23,2.24,0.01,False
HAE,2024-03-30,0.4,2.29,2.29,0.0,False
HAE,2025-03-29,1.17,3.31,3.31,0.0,False
HAE,2026-03-28,-0.43,2.03,2.05,0.02,False
HAFC,2014-12-31,0.18,1.56,1.56,0.0,False
HAFC,2015-12-31,0.47,1.7,1.68,0.02,False
HAFC,2016-12-31,0.44,1.75,1.75,0.0,False
HAFC,2017-12-31,0.35,1.69,1.69,0.0,False
HAFC,2018-12-31,0.36,1.8,1.79,0.01,False
HAFC,2019-12-31,0.1,1.07,1.06,0.01,False
HAFC,2020-12-31,0.48,1.39,1.38,0.01,False
HAFC,2021-12-31,1.11,3.23,3.22,0.01,False
HAFC,2022-12-31,0.93,3.32,3.32,0.0,False
HAFC,2023-12-31,0.61,2.62,2.62,0.0,False
HAFC,2024-12-31,0.58,2.05,2.05,0.0,False
HAFC,2025-12-31,0.7,2.51,2.51,0.0,False
HALO,2015-12-31,0.04,-0.25,-0.25,0.0,False
HALO,2016-12-31,-0.22,-0.51,-0.81,0.3,True
HALO,2017-12-31,0.82,0.35,0.45,0.1,True
HALO,2018-12-31,-0.01,-0.55,-0.56,0.01,False
HALO,2019-12-31,-0.25,-0.51,-0.5,0.01,False
HALO,2020-12-31,0.49,0.89,0.91,0.02,False
HALO,2021-12-31,0.46,2.75,2.74,0.01,False
HALO,2022-12-31,0.41,1.44,1.44,0.0,False
HALO,2023-12-31,0.65,2.11,2.1,0.01,False
HALO,2024-12-31,1.06,3.43,3.43,0.0,False
HALO,2025-12-31,-1.16,2.53,2.56,0.03,False
HASI,2014-12-31,0.06,0.47,0.43,0.04,False
HASI,2015-12-31,0.06,0.23,0.21,0.02,False
HASI,2016-12-31,0.1,0.33,0.32,0.01,False
HASI,2017-12-31,0.07,0.58,0.57,0.01,False
HASI,2018-12-31,0.17,0.76,0.75,0.01,False
HASI,2019-12-31,0.69,1.22,1.24,0.02,False
HASI,2020-12-31,0.33,1.12,1.1,0.02,False
HASI,2021-12-31,0.66,1.43,1.51,0.08,True
HASI,2022-12-31,-0.21,0.47,0.47,0.0,False
HASI,2023-12-31,0.71,1.31,1.42,0.11,True
HASI,2024-12-31,0.44,1.48,1.62,0.14,True
HASI,2025-12-31,-0.39,1.4,1.41,0.01,False
HAYW,2021-12-31,0.22,-0.2,0.49,0.69,True
HAYW,2022-12-31,0.07,0.76,0.78,0.02,False
HAYW,2023-12-31,0.14,0.36,0.37,0.01,False
HAYW,2024-12-31,0.25,0.53,0.54,0.01,False
HAYW,2025-12-31,0.31,0.68,0.68,0.0,False
HCC,2018-12-31,7.1,13.18,13.17,0.01,False
HCC,2019-12-31,0.41,5.85,5.86,0.01,False
HCC,2020-12-31,-0.66,-0.7,-0.7,0.0,False
HCC,2021-12-31,2.69,2.92,2.93,0.01,False
HCC,2022-12-31,1.93,12.4,12.4,0.0,False
HCC,2023-12-31,2.48,9.21,9.2,0.01,False
HCC,2024-12-31,0.02,4.79,4.79,0.0,False
HCC,2025-12-31,0.44,1.09,1.08,0.01,False
HCI,2014-12-31,1.29,5.35,5.36,0.01,False
HCI,2015-12-31,1.06,5.91,5.9,0.01,False
HCI,2016-12-31,0.43,2.84,2.92,0.08,False
HCI,2017-12-31,1.14,-1.22,-0.75,0.47,True
HCI,2018-12-31,-0.95,2.08,2.34,0.26,True
HCI,2019-12-31,0.82,3.27,3.31,0.04,False
HCI,2020-12-31,0.37,3.2,3.49,0.29,True
HCI,2021-12-31,0.01,0.28,0.21,0.07,True
HCI,2022-12-31,0.14,-6.47,-6.24,0.23,False
HCI,2023-12-31,3.4,7.56,7.62,0.06,False
HCI,2024-12-31,0.27,8.84,8.89,0.05,False
HCI,2025-12-31,7.24,22.67,22.72,0.05,False
HCSG,2014-12-31,0.21,0.31,0.31,0.0,False
HCSG,2015-12-31,0.13,0.82,0.8,0.02,False
HCSG,2016-12-31,0.27,1.06,1.05,0.01,False
HCSG,2017-12-31,0.27,1.18,1.19,0.01,False
HCSG,2018-12-31,0.42,1.12,1.12,0.0,False
HCSG,2019-12-31,0.25,0.86,0.87,0.01,False
HCSG,2020-12-31,0.37,1.32,1.32,0.0,False
HCSG,2021-12-31,0.03,0.62,0.61,0.01,False
HCSG,2022-12-31,0.22,0.46,0.47,0.01,False
HCSG,2023-12-31,0.31,0.53,0.52,0.01,False
HCSG,2024-12-31,0.16,0.54,0.53,0.01,False
HCSG,2025-12-31,0.43,0.81,0.81,0.0,False
HD,2015-02-01,1.04,4.71,4.71,0.0,False
HD,2016-01-31,1.16,5.45,5.46,0.01,False
HD,2017-01-29,1.44,6.45,6.45,0.0,False
HD,2018-01-28,1.52,7.28,7.29,0.01,False
HD,2019-02-03,2.09,9.73,9.73,0.0,False
HD,2020-02-02,2.28,10.25,10.25,0.0,False
HD,2021-01-31,2.65,11.93,11.94,0.01,False
HD,2022-01-30,3.22,15.53,15.53,0.0,False
HD,2023-01-29,3.3,16.68,16.69,0.01,False
HD,2024-01-28,2.82,15.1,15.11,0.01,False
HD,2025-02-02,3.01,14.91,14.91,0.0,False
HD,2026-02-01,2.58,14.23,14.23,0.0,False
HE,2014-12-31,0.32,1.64,1.64,0.0,False
HE,2015-12-31,0.39,1.5,1.5,0.0,False
HE,2016-12-31,0.41,2.29,2.29,0.0,False
HE,2017-12-31,0.3,1.52,1.52,0.0,False
HE,2018-12-31,0.45,1.84,1.85,0.01,False
HE,2019-12-31,0.6,1.99,1.99,0.0,False
HE,2020-12-31,0.46,1.81,1.81,0.0,False
HE,2021-12-31,0.5,2.25,2.25,0.0,False
HE,2022-12-31,0.52,2.2,2.2,0.0,False
HE,2023-12-31,0.44,1.81,1.81,0.0,False
HE,2024-12-31,-0.4,-12.67,-11.23,1.44,True
HE,2025-12-31,0.23,0.71,0.71,0.0,False
HFWA,2014-12-31,0.24,0.79,0.82,0.03,False
HFWA,2015-12-31,0.32,1.25,1.25,0.0,False
HFWA,2016-12-31,0.33,1.3,1.3,0.0,False
HFWA,2017-12-31,0.34,1.39,1.39,0.0,False
HFWA,2018-12-31,0.45,1.49,1.49,0.0,False
HFWA,2019-12-31,0.46,1.82,1.83,0.01,False
HFWA,2020-12-31,0.66,1.28,1.29,0.01,False
HFWA,2021-12-31,0.55,2.73,2.73,0.0,False
HFWA,2022-12-31,0.63,2.3,2.31,0.01,False
HFWA,2023-12-31,0.18,1.75,1.75,0.0,False
HFWA,2024-12-31,0.34,1.24,1.24,0.0,False
HFWA,2025-12-31,0.65,1.96,1.96,0.0,False
HGV,2017-12-31,1.83,3.28,3.28,0.0,False
HGV,2018-12-31,1.24,3.06,3.05,0.01,False
HGV,2019-12-31,0.83,2.43,2.42,0.01,False
HGV,2020-12-31,-1.82,-2.37,-2.36,0.01,False
HGV,2021-12-31,0.62,1.54,1.75,0.21,True
HGV,2022-12-31,0.68,2.94,2.93,0.01,False
HGV,2023-12-31,0.62,2.8,2.8,0.0,False
HGV,2024-12-31,0.2,0.46,0.45,0.01,False
HGV,2025-12-31,0.54,0.9,0.89,0.01,False
HIMS,2021-12-31,-0.15,-0.62,-0.58,0.04,False
HIMS,2022-12-31,-0.05,-0.32,-0.32,0.0,False
HIMS,2023-12-31,0.01,-0.11,-0.11,0.0,False
HIMS,2024-12-31,0.1,0.53,0.53,0.0,False
HIMS,2025-12-31,0.07,0.5,0.51,0.01,False
HIW,2014-12-31,0.24,1.19,1.19,0.0,False
HIW,2015-12-31,0.21,1.0,1.0,0.0,False
HIW,2016-12-31,0.25,5.38,5.3,0.08,False
HIW,2017-12-31,0.55,1.78,1.78,0.0,False
HIW,2018-12-31,0.51,1.63,1.64,0.01,False
HIW,2019-12-31,0.58,1.3,1.3,0.0,False
HIW,2020-12-31,0.79,3.33,3.32,0.01,False
HIW,2021-12-31,1.19,2.97,2.98,0.01,False
HIW,2022-12-31,0.26,1.48,1.49,0.01,False
HIW,2023-12-31,0.36,1.39,1.39,0.0,False
HIW,2024-12-31,-0.03,0.95,0.94,0.01,False
HIW,2025-12-31,0.26,1.46,1.45,0.01,False
HL,2014-12-31,0.04,0.04,0.05,0.01,False
HL,2015-12-31,-0.17,-0.24,-0.23,0.01,False
HL,2016-12-31,0.05,0.18,0.18,0.0,False
HL,2017-12-31,-0.07,-0.06,-0.06,0.0,False
HL,2018-12-31,-0.05,-0.05,-0.06,0.01,False
HL,2019-12-31,-0.02,-0.21,-0.2,0.01,False
HL,2020-12-31,0.0,-0.03,-0.03,0.0,False
HL,2021-12-31,0.02,0.049,0.06,0.011,False
HL,2022-12-31,-0.01,-0.07,0.07,0.14,True
HL,2023-12-31,-0.07,-0.15,-0.14,0.01,False
HL,2024-12-31,0.02,0.05,0.06,0.01,False
HL,2025-12-31,0.2,0.49,0.49,0.0,False
HLI,2016-03-31,0.36,1.11,1.1,0.01,False
HLI,2017-03-31,0.51,1.62,1.63,0.01,False
HLI,2018-03-31,0.58,2.6,2.6,0.0,False
HLI,2019-03-31,0.69,2.42,2.42,0.0,False
HLI,2020-03-31,0.9,2.8,2.8,0.0,False
HLI,2021-03-31,1.44,4.54,4.55,0.01,False
HLI,2022-03-31,0.97,6.41,6.41,0.0,False
HLI,2023-03-31,0.96,3.76,3.76,0.0,False
HLI,2024-03-31,1.18,4.11,4.11,0.0,False
HLI,2025-03-31,1.77,5.83,5.82,0.01,False
HLI,2026-03-31,1.47,6.22,6.22,0.0,False
HLIT,2014-12-31,-0.06,-0.5,-0.5,0.0,False
HLIT,2015-12-31,-0.08,-0.17,-0.18,0.01,False
HLIT,2019-12-31,0.07,-0.07,-0.07,0.0,False
HLIT,2020-12-31,0.14,-0.31,-0.3,0.01,False
HLIT,2021-12-31,0.17,0.1,0.12,0.02,False
HLIT,2022-12-31,0.05,0.26,0.25,0.01,False
HLIT,2023-12-31,0.7,0.69,0.72,0.03,False
HLIT,2024-12-31,0.3,0.31,0.33,0.02,False
HLIT,2025-12-31,-0.49,-0.39,-0.38,0.01,False
HLNE,2021-03-31,1.0,2.73,2.81,0.08,False
HMN,2014-12-31,0.72,2.47,2.47,0.0,False
HMN,2015-12-31,0.49,2.2,2.2,0.0,False
HMN,2016-12-31,0.48,2.03,2.02,0.01,False
HMN,2017-12-31,3.02,4.08,4.08,0.0,False
HMN,2018-12-31,-0.48,0.44,0.44,0.0,False
HMN,2019-12-31,0.79,4.4,4.4,0.0,False
HMN,2020-12-31,1.14,3.18,3.17,0.01,False
HMN,2021-12-31,1.11,3.54,3.39,0.15,False
HMN,2022-12-31,-0.44,-0.06,-0.06,0.0,False
HMN,2023-12-31,0.95,1.08,1.09,0.01,False
HMN,2024-12-31,0.92,2.48,2.48,0.0,False
HMN,2025-12-31,0.87,3.9,3.9,0.0,False
HNI,2015-01-03,0.16,1.35,1.35,0.0,False
HNI,2016-01-02,0.71,2.32,2.32,0.0,False
HNI,2016-12-31,0.24,1.88,1.88,0.0,False
HNI,2017-12-30,0.77,2.03,2.0,0.03,False
HNI,2018-12-29,0.73,2.1,2.11,0.01,False
HNI,2019-12-28,1.11,2.56,2.54,0.02,False
HNI,2021-01-02,0.52,0.96,0.98,0.02,False
HNI,2022-01-01,0.19,1.35,1.36,0.01,False
HNI,2022-12-31,0.39,2.95,2.94,0.01,False
HNI,2023-12-30,0.46,1.0,1.09,0.09,True
HNI,2024-12-28,0.78,2.88,2.88,0.0,False
HNI,2026-01-03,-0.91,1.28,1.11,0.17,True
HOG,2014-12-31,0.35,3.87,3.88,0.01,False
HOG,2015-12-31,0.22,3.62,3.69,0.07,False
HOG,2016-12-31,0.27,3.82,3.83,0.01,False
HOG,2017-12-31,0.05,2.98,3.02,0.04,False
HOG,2018-12-31,0.0,3.16,3.19,0.03,False
HOG,2019-12-31,0.09,2.67,2.68,0.01,False
HOG,2020-12-31,-0.62,0.01,0.01,0.0,False
HOG,2021-12-31,0.14,4.2,4.19,0.01,False
HOG,2022-12-31,0.28,4.97,4.96,0.01,False
HOG,2023-12-31,0.18,4.82,4.87,0.05,False
HOG,2024-12-31,-0.92,3.34,3.44,0.1,False
HOG,2025-12-31,-2.4,2.65,2.78,0.13,False
HOMB,2014-12-31,0.44,1.7,1.7,0.0,False
HOMB,2015-12-31,0.53,2.01,2.02,0.01,False
HOMB,2017-12-31,0.13,0.91,0.89,0.02,False
HOMB,2018-12-31,0.41,1.73,1.73,0.0,False
HOMB,2019-12-31,0.44,1.73,1.73,0.0,False
HOMB,2020-12-31,0.5,1.3,1.3,0.0,False
HOMB,2021-12-31,0.45,1.94,1.94,0.0,False
HOMB,2022-12-31,0.57,1.58,1.57,0.01,False
HOMB,2023-12-31,0.43,1.95,1.94,0.01,False
HOMB,2024-12-31,0.51,2.02,2.01,0.01,False
HOMB,2025-12-31,0.6,2.41,2.41,0.0,False
HOPE,2014-12-31,0.29,1.12,1.11,0.01,False
HOPE,2015-12-31,0.29,1.17,1.16,0.01,False
HOPE,2016-12-31,0.29,1.1,1.1,0.0,False
HOPE,2017-12-31,0.13,1.03,1.03,0.0,False
HOPE,2018-12-31,0.35,1.45,1.44,0.01,False
HOPE,2019-12-31,0.34,1.36,1.35,0.01,False
HOPE,2020-12-31,0.23,0.91,0.9,0.01,False
HOPE,2021-12-31,0.43,1.66,1.66,0.0,False
HOPE,2022-12-31,0.43,1.81,1.81,0.0,False
HOPE,2023-12-31,0.22,1.12,1.11,0.01,False
HOPE,2024-12-31,0.2,0.82,0.82,0.0,False
HOPE,2025-12-31,0.27,0.49,0.49,0.0,False
HP,2015-09-30,-0.19,3.86,3.87,0.01,False
HP,2016-09-30,-0.68,-0.54,-0.54,0.0,False
HP,2017-09-30,-0.21,-1.2,-1.2,0.0,False
HP,2018-09-30,0.02,4.37,4.37,0.0,False
HP,2019-09-30,0.37,-0.33,-0.34,0.01,False
HP,2020-09-30,-0.55,-4.59,-4.6,0.01,False
HP,2021-09-30,-0.74,-3.05,-3.04,0.01,False
HP,2022-09-30,0.42,0.05,0.05,0.0,False
HP,2023-09-30,0.77,4.16,4.16,0.0,False
HP,2024-09-30,0.76,3.42,3.43,0.01,False
HP,2025-09-30,-0.58,-1.67,-1.66,0.01,False
HQY,2015-01-31,0.03,0.22,0.21,0.01,False
HQY,2016-01-31,0.05,0.29,0.28,0.01,False
HQY,2017-01-31,0.07,0.45,0.44,0.01,False
HQY,2018-01-31,0.09,0.76,0.77,0.01,False
HQY,2019-01-31,0.21,1.18,1.17,0.01,False
HQY,2020-01-31,-0.0,0.65,0.58,0.07,True
HQY,2021-01-31,0.07,0.12,0.12,0.0,False
HQY,2022-01-31,-0.39,-0.53,-0.53,0.0,False
HQY,2023-01-31,-0.0,-0.31,-0.31,0.0,False
HQY,2024-01-31,0.3,0.64,0.64,0.0,False
HQY,2025-01-31,0.29,1.08,1.09,0.01,False
HQY,2026-01-31,0.57,2.45,2.46,0.01,False
HR,2015-12-31,0.08,0.25,0.26,0.01,False
HR,2016-12-31,0.11,0.32,0.33,0.01,False
HR,2017-12-31,0.2,0.33,0.34,0.01,False
HR,2018-12-31,0.07,1.01,1.02,0.01,False
HR,2019-12-31,0.04,0.14,0.14,0.0,False
HR,2020-12-31,0.12,0.23,0.24,0.01,False
HR,2021-12-31,0.07,0.44,0.44,0.0,False
HR,2022-12-31,-0.12,0.08,0.15,0.07,True
HR,2023-12-31,-0.11,-0.74,-0.74,0.0,False
HR,2024-12-31,-0.3,-1.77,-1.81,0.04,False
HR,2025-12-31,0.04,-0.71,-0.71,0.0,False
HRB,2015-04-30,2.6,1.64,1.71,0.07,False
HRB,2016-04-30,3.06,1.8,1.49,0.31,True
HRB,2017-04-30,3.69,1.95,1.91,0.04,False
HRB,2018-04-30,5.32,2.77,2.91,0.14,False
HRB,2019-04-30,4.22,2.0,2.04,0.04,False
HRB,2020-04-30,2.32,-0.04,-0.04,0.0,False
HRB,2023-06-30,1.92,3.53,3.51,0.02,False
HRB,2024-06-30,1.77,4.18,4.12,0.06,False
HRB,2025-06-30,2.15,4.42,4.39,0.03,False
HRB,2026-06-30,2.26,5.68,5.66,0.02,False
HRMY,2020-12-31,-0.01,-7.79,-2.48,5.31,True
HRMY,2021-12-31,0.37,0.57,0.58,0.01,False
HRMY,2022-12-31,0.79,2.97,2.97,0.0,False
HRMY,2023-12-31,0.45,2.12,2.13,0.01,False
HRMY,2024-12-31,0.85,2.51,2.51,0.0,False
HRMY,2025-12-31,0.38,2.71,2.71,0.0,False
HSTM,2014-12-31,0.09,0.36,0.37,0.01,False
HSTM,2015-12-31,0.06,0.29,0.28,0.01,False
HSTM,2016-12-31,-0.01,0.12,0.12,0.0,False
HSTM,2017-12-31,0.12,0.31,0.31,0.0,False
HSTM,2018-12-31,0.09,1.0,1.0,0.0,False
HSTM,2019-12-31,0.11,0.47,0.49,0.02,False
HSTM,2020-12-31,0.03,0.44,0.44,0.0,False
HSTM,2021-12-31,-0.01,0.19,0.18,0.01,False
HSTM,2022-12-31,0.08,0.39,0.39,0.0,False
HSTM,2023-12-31,0.15,0.5,0.5,0.0,False
HSTM,2024-12-31,0.16,0.66,0.66,0.0,False
HSTM,2025-12-31,0.09,0.61,0.61,0.0,False
HTH,2014-12-31,0.35,1.17,1.17,0.0,False
HTH,2015-12-31,0.21,2.09,2.09,0.0,False
HTH,2016-12-31,0.36,1.49,1.48,0.01,False
HTH,2017-12-31,0.14,1.35,1.36,0.01,False
HTH,2018-12-31,0.3,1.28,1.28,0.0,False
HTH,2019-12-31,0.54,2.43,2.44,0.01,False
HTH,2020-12-31,1.35,5.02,5.01,0.01,False
HTH,2021-12-31,0.78,4.6,4.61,0.01,False
HTH,2022-12-31,0.4,1.63,1.6,0.03,False
HTH,2023-12-31,0.44,1.69,1.69,0.0,False
HTH,2024-12-31,0.55,1.74,1.74,0.0,False
HTH,2025-12-31,0.69,2.65,2.64,0.01,False
HTLD,2014-12-31,0.24,0.96,0.96,0.0,False
HTLD,2015-12-31,0.2,0.84,0.84,0.0,False
HTLD,2016-12-31,0.16,0.68,0.68,0.0,False
HTLD,2017-12-31,0.46,0.9,0.9,0.0,False
HTLD,2018-12-31,0.27,0.88,0.88,0.0,False
HTLD,2019-12-31,0.16,0.89,0.89,0.0,False
HTLD,2020-12-31,0.22,0.87,0.87,0.0,False
HTLD,2021-12-31,0.26,1.0,1.0,0.0,False
HTLD,2022-12-31,0.2,1.69,1.69,0.0,False
HTLD,2023-12-31,0.06,0.18,0.19,0.01,False
HTLD,2024-12-31,-0.02,-0.37,-0.38,0.01,False
HTLD,2025-12-31,-0.25,-0.68,-0.67,0.01,False
HTO,2014-12-31,0.28,2.54,2.54,0.0,False
HTO,2015-12-31,0.79,1.84,1.85,0.01,False
HTO,2016-12-31,0.67,2.57,2.57,0.0,False
HTO,2017-12-31,0.84,2.86,2.86,0.0,False
HTO,2018-12-31,0.38,1.82,1.82,0.0,False
HTO,2019-12-31,-0.19,0.82,0.82,0.0,False
HTO,2020-12-31,0.46,2.14,2.14,0.0,False
HTO,2021-12-31,0.6,2.02,2.03,0.01,False
HTO,2022-12-31,1.09,2.41,2.43,0.02,False
HTO,2023-12-31,0.59,2.67,2.68,0.01,False
HTO,2024-12-31,0.68,2.85,2.87,0.02,False
HTO,2025-12-31,0.45,2.92,2.92,0.0,False
HUBG,2014-12-31,0.45,1.41,1.4,0.01,False
HUBG,2015-12-31,0.63,1.97,1.97,0.0,False
HUBG,2016-12-31,0.55,2.21,2.2,0.01,False
HUBG,2017-12-31,2.99,4.05,4.05,0.0,False
HUBG,2018-12-31,1.46,6.01,6.01,0.0,False
HUBG,2019-12-31,0.84,3.2,3.2,0.0,False
HUBG,2020-12-31,0.67,2.2,2.19,0.01,False
HUBG,2021-12-31,2.48,5.05,5.06,0.01,False
HUBG,2022-12-31,2.42,10.64,10.64,0.0,False
HUBG,2023-12-31,0.46,4.75,2.62,2.13,True
HWC,2014-12-31,0.49,2.11,2.1,0.01,False
HWC,2015-12-31,0.2,1.65,1.64,0.01,False
HWC,2016-12-31,0.66,1.89,1.87,0.02,False
HWC,2017-12-31,0.65,2.5,2.48,0.02,False
HWC,2018-12-31,1.12,3.73,3.72,0.01,False
HWC,2019-12-31,1.04,3.73,3.72,0.01,False
HWC,2020-12-31,1.2,-0.54,-0.54,0.0,False
HWC,2021-12-31,1.58,5.25,5.22,0.03,False
HWC,2022-12-31,1.67,6.0,5.98,0.02,False
HWC,2023-12-31,0.58,4.5,4.5,0.0,False
HWC,2024-12-31,1.41,5.29,5.28,0.01,False
HWC,2025-12-31,1.5,5.69,5.67,0.02,False
HWKN,2015-03-29,0.36,1.81,1.81,0.0,False
HWKN,2016-04-03,0.46,1.72,1.72,0.0,False
HWKN,2017-04-02,0.4,2.14,2.13,0.01,False
HWKN,2018-04-01,-3.5,-0.85,-0.86,0.01,False
HWKN,2019-03-31,0.35,2.28,2.28,0.0,False
HWKN,2020-03-29,0.44,2.66,2.66,0.0,False
HWKN,2022-04-03,0.5,2.44,2.44,0.0,False
HWKN,2023-04-02,0.55,2.86,2.86,0.0,False
HWKN,2024-03-31,0.66,3.59,3.59,0.0,False
HWKN,2025-03-30,0.77,4.03,4.03,0.0,False
HWKN,2026-03-29,0.74,3.91,3.91,0.0,False
HXL,2014-12-31,0.54,2.12,2.12,0.0,False
HXL,2015-12-31,0.56,2.44,2.44,0.0,False
HZO,2015-09-30,1.32,1.94,1.92,0.02,False
HZO,2016-09-30,0.22,0.93,0.91,0.02,False
HZO,2017-09-30,0.17,0.96,0.95,0.01,False
HZO,2018-09-30,0.5,1.71,1.71,0.0,False
HZO,2019-09-30,0.31,1.59,1.57,0.02,False
HZO,2020-09-30,1.13,3.35,3.37,0.02,False
HZO,2021-09-30,1.45,6.77,6.78,0.01,False
HZO,2022-09-30,1.73,8.86,8.84,0.02,False
HZO,2023-09-30,0.67,4.89,4.87,0.02,False
HZO,2024-09-30,0.17,1.65,1.65,0.0,False
HZO,2025-09-30,-0.04,-1.55,-1.43,0.12,True
IART,2014-12-31,0.51,1.03,1.03,0.0,False
IART,2015-12-31,0.37,-0.13,-0.1,0.03,False
IART,2016-12-31,0.36,0.95,0.94,0.01,False
IART,2018-12-31,0.29,0.72,0.72,0.0,False
IART,2019-12-31,0.17,0.57,0.58,0.01,False
IART,2020-12-31,1.08,1.57,1.57,0.0,False
IART,2021-12-31,0.53,1.98,1.98,0.0,False
IART,2022-12-31,0.64,2.17,2.16,0.01,False
IART,2023-12-31,0.25,0.83,0.84,0.01,False
IART,2024-12-31,0.25,-0.09,-0.09,0.0,False
IART,2025-12-31,-0.02,-6.73,-6.74,0.01,False
IBOC,2014-12-31,0.58,2.29,2.28,0.01,False
IBOC,2015-12-31,0.52,2.05,2.05,0.0,False
IBOC,2016-12-31,0.53,2.02,2.02,0.0,False
IBOC,2017-12-31,0.68,2.36,2.36,0.0,False
IBOC,2018-12-31,0.88,3.24,3.24,0.0,False
IBOC,2019-12-31,0.79,3.12,3.12,0.0,False
IBOC,2020-12-31,0.76,2.61,2.62,0.01,False
IBOC,2021-12-31,0.89,4.0,4.0,0.0,False
IBOC,2022-12-31,1.69,4.79,4.78,0.01,False
IBOC,2023-12-31,1.71,6.62,6.62,0.0,False
IBOC,2024-12-31,1.85,6.57,6.57,0.0,False
IBOC,2025-12-31,1.72,6.63,6.62,0.01,False
IBP,2016-12-31,0.35,1.23,1.23,0.0,False
IBP,2017-12-31,0.34,1.3,1.3,0.0,False
IBP,2018-12-31,0.54,1.76,1.75,0.01,False
IBP,2019-12-31,0.64,2.28,2.28,0.0,False
IBP,2020-12-31,0.94,3.28,3.27,0.01,False
IBP,2021-12-31,0.99,4.01,4.01,0.0,False
IBP,2022-12-31,2.42,7.76,7.74,0.02,False
IBP,2023-12-31,2.29,8.61,8.61,0.0,False
IBP,2024-12-31,2.39,9.1,9.1,0.0,False
IBP,2025-12-31,2.83,9.73,9.71,0.02,False
ICHR,2017-12-29,0.72,2.14,2.15,0.01,False
ICHR,2018-12-28,0.15,2.24,2.3,0.06,False
ICHR,2019-12-27,0.34,0.46,0.47,0.01,False
ICHR,2020-12-25,0.52,1.42,1.42,0.0,False
ICHR,2021-12-31,0.51,2.45,2.45,0.0,False
ICHR,2022-12-30,0.49,2.51,2.51,0.0,False
ICHR,2023-12-29,-0.4,-1.47,-1.47,0.0,False
ICHR,2024-12-27,-0.12,-0.65,-0.64,0.01,False
ICHR,2025-12-26,-0.46,-1.54,-1.54,0.0,False
ICUI,2014-12-31,0.45,1.68,1.68,0.0,False
ICUI,2015-12-31,0.32,2.73,2.73,0.0,False
ICUI,2016-12-31,0.54,3.57,3.66,0.09,False
ICUI,2017-12-31,2.17,3.17,3.29,0.12,False
ICUI,2018-12-31,-0.34,1.34,1.33,0.01,False
ICUI,2019-12-31,0.95,4.69,4.69,0.0,False
ICUI,2020-12-31,1.2,4.02,4.02,0.0,False
ICUI,2021-12-31,0.91,4.74,4.74,0.0,False
ICUI,2022-12-31,-0.65,-3.12,-3.11,0.01,False
ICUI,2023-12-31,-0.72,-1.24,-1.23,0.01,False
ICUI,2024-12-31,-0.97,-4.83,-4.83,0.0,False
ICUI,2025-12-31,-0.61,0.05,0.03,0.02,False
IDA,2014-12-31,0.69,3.86,3.85,0.01,False
IDA,2015-12-31,0.63,3.87,3.87,0.0,False
IDA,2016-12-31,0.66,3.94,3.94,0.0,False
IDA,2017-12-31,0.77,4.22,4.21,0.01,False
IDA,2018-12-31,0.52,4.49,4.49,0.0,False
IDA,2019-12-31,0.93,4.6,4.61,0.01,False
IDA,2020-12-31,0.74,4.69,4.69,0.0,False
IDA,2021-12-31,0.65,4.85,4.85,0.0,False
IDA,2022-12-31,0.83,5.11,5.11,0.0,False
IDA,2023-12-31,0.61,5.14,5.14,0.0,False
IDA,2024-12-31,0.7,5.48,5.5,0.02,False
IDA,2025-12-31,0.78,5.9,5.9,0.0,False
IDCC,2014-12-31,0.36,2.58,2.62,0.04,False
IDCC,2015-12-31,0.84,3.19,3.27,0.08,False
IDCC,2016-12-31,3.75,8.67,8.78,0.11,False
IDCC,2017-12-31,1.37,4.76,4.87,0.11,False
IDCC,2018-12-31,0.05,1.79,1.81,0.02,False
IDCC,2019-12-31,0.44,0.66,0.66,0.0,False
IDCC,2020-12-31,-0.04,1.44,1.44,0.0,False
IDCC,2021-12-31,0.7,1.76,1.77,0.01,False
IDCC,2022-12-31,1.08,3.09,3.07,0.02,False
IDCC,2023-12-31,1.42,7.51,7.62,0.11,False
IDCC,2024-12-31,4.09,12.04,12.07,0.03,False
IDCC,2025-12-31,1.2,11.93,11.8,0.13,False
IESC,2015-09-30,0.35,0.77,0.77,0.0,False
IESC,2016-09-30,4.69,5.56,5.62,0.06,False
IESC,2017-09-30,0.15,0.62,0.62,0.0,False
IESC,2018-09-30,0.22,-0.66,-0.67,0.01,False
IESC,2019-09-30,0.46,1.56,1.55,0.01,False
IESC,2020-09-30,0.69,1.95,1.94,0.01,False
IESC,2021-09-30,1.06,3.14,3.15,0.01,False
IESC,2022-09-30,0.78,1.5,1.44,0.06,False
IESC,2023-09-30,1.85,4.72,4.54,0.18,False
IESC,2024-09-30,2.7,9.53,9.89,0.36,False
IESC,2025-09-30,4.78,14.81,15.02,0.21,False
IIPR,2017-12-31,0.18,-0.04,-0.13,0.09,True
IIPR,2018-12-31,0.24,0.71,0.75,0.04,False
IIPR,2019-12-31,0.79,1.97,2.03,0.06,False
IIPR,2020-12-31,0.91,3.22,3.27,0.05,False
IIPR,2021-12-31,1.13,4.55,4.55,0.0,False
IIPR,2022-12-31,1.46,5.52,5.52,0.0,False
IIPR,2023-12-31,1.45,5.77,5.77,0.0,False
IIPR,2024-12-31,1.36,5.53,5.52,0.01,False
IIPR,2025-12-31,1.06,3.92,3.93,0.01,False
ILMN,2014-12-28,1.03,2.37,2.37,0.0,False
ILMN,2016-01-03,0.7,3.1,3.1,0.0,False
ILMN,2017-01-01,0.84,3.13,3.07,0.06,False
ILMN,2017-12-31,0.45,4.91,4.92,0.01,False
ILMN,2018-12-30,1.39,5.54,5.56,0.02,False
ILMN,2019-12-29,1.59,6.73,6.74,0.01,False
ILMN,2021-01-03,1.74,4.44,4.45,0.01,False
ILMN,2022-01-02,0.71,5.05,5.04,0.01,False
ILMN,2023-01-01,-0.9,-28.01,-28.0,0.01,False
ILMN,2023-12-31,-1.11,-7.34,-7.34,0.0,False
ILMN,2024-12-29,1.18,-7.67,-7.69,0.02,False
ILMN,2025-12-28,2.17,5.46,5.45,0.01,False
INDB,2014-12-31,0.66,2.49,2.49,0.0,False
INDB,2015-12-31,0.74,2.5,2.5,0.0,False
INDB,2016-12-31,0.64,2.9,2.9,0.0,False
INDB,2017-12-31,0.8,3.18,3.19,0.01,False
INDB,2018-12-31,1.07,4.4,4.4,0.0,False
INDB,2019-12-31,1.38,5.03,5.03,0.0,False
INDB,2020-12-31,1.05,3.65,3.64,0.01,False
INDB,2021-12-31,0.04,3.65,3.47,0.18,True
INDB,2022-12-31,1.69,5.7,5.69,0.01,False
INDB,2023-12-31,1.26,5.42,5.42,0.0,False
INDB,2024-12-31,1.18,4.52,4.52,0.0,False
INDB,2025-12-31,1.52,4.45,4.44,0.01,False
INDV,2024-12-31,0.13,0.02,0.02,0.0,False
INDV,2025-12-31,0.77,1.62,1.64,0.02,False
INGR,2014-12-31,0.83,4.74,4.74,0.0,False
INGR,2015-12-31,1.41,5.51,5.51,0.0,False
INGR,2016-12-31,1.26,6.54,6.55,0.01,False
INGR,2017-12-31,1.34,7.06,7.06,0.0,False
INGR,2018-12-31,1.36,6.15,6.17,0.02,False
INGR,2019-12-31,1.62,6.13,6.13,0.0,False
INGR,2020-12-31,1.71,5.16,5.15,0.01,False
INGR,2021-12-31,0.98,1.69,1.73,0.04,False
INGR,2022-12-31,1.71,7.34,7.34,0.0,False
INGR,2023-12-31,1.97,9.6,9.6,0.0,False
INGR,2024-12-31,1.43,9.71,9.71,0.0,False
INGR,2025-12-31,2.57,11.17,11.18,0.01,False
INSP,2019-12-31,-0.38,-1.39,-1.4,0.01,False
INSP,2020-12-31,-0.28,-2.22,-2.19,0.03,False
INSP,2021-12-31,-0.09,-1.55,-1.54,0.01,False
INSP,2022-12-31,0.11,-1.63,-1.6,0.03,False
INSP,2023-12-31,0.5,-0.73,-0.72,0.01,False
INSP,2024-12-31,1.12,1.7,1.75,0.05,False
INSP,2025-12-31,4.6,4.92,4.89,0.03,False
INSW,2019-12-31,0.54,-0.04,-0.03,0.01,False
INSW,2020-12-31,-4.25,-0.39,-0.2,0.19,True
INSW,2021-12-31,-0.67,-3.26,-3.48,0.22,True
INSW,2022-12-31,4.35,7.75,7.77,0.02,False
INSW,2023-12-31,2.67,11.24,11.25,0.01,False
INSW,2024-12-31,0.72,8.39,8.38,0.01,False
INSW,2025-12-31,2.56,6.23,6.23,0.0,False
INVA,2014-12-31,-0.14,-1.52,-1.5,0.02,False
INVA,2015-12-31,0.04,-0.16,-0.16,0.0,False
INVA,2016-12-31,0.23,0.53,0.53,0.0,False
INVA,2017-12-31,0.5,1.16,1.17,0.01,False
INVA,2018-12-31,2.34,3.53,3.53,0.0,False
INVA,2019-12-31,0.42,1.43,1.43,0.0,False
INVA,2020-12-31,0.48,2.02,2.02,0.0,False
INVA,2021-12-31,0.14,2.78,2.87,0.09,False
INVA,2022-12-31,-0.69,2.36,2.37,0.01,False
INVA,2023-12-31,0.61,2.03,2.2,0.17,True
INVA,2024-12-31,0.27,0.2,0.36,0.16,True
INVA,2025-12-31,1.55,2.66,3.3,0.64,True
INVX,2014-12-31,1.5,5.21,5.19,0.02,False
INVX,2015-12-31,1.28,4.99,4.98,0.01,False
INVX,2016-12-31,0.03,2.47,2.47,0.0,False
INVX,2017-12-31,-1.94,-2.72,-2.69,0.03,False
INVX,2018-12-31,-2.09,-2.65,-2.58,0.07,False
INVX,2019-12-31,0.2,0.04,0.05,0.01,False
INVX,2020-12-31,-0.32,-0.86,-0.87,0.01,False
INVX,2021-12-31,-1.8,-3.62,-3.62,0.0,False
INVX,2022-12-31,-0.01,0.01,0.01,0.0,False
INVX,2023-12-31,0.05,0.01,0.02,0.01,False
INVX,2024-12-31,0.35,1.71,2.77,1.06,True
INVX,2025-12-31,0.2,1.2,1.2,0.0,False
IOSP,2014-12-31,1.1,3.37,3.38,0.01,False
IOSP,2015-12-31,1.29,4.86,4.86,0.0,False
IOSP,2016-12-31,0.91,3.33,3.33,0.0,False
IOSP,2017-12-31,-0.2,2.51,2.52,0.01,False
IOSP,2018-12-31,0.83,3.46,3.45,0.01,False
IOSP,2019-12-31,1.25,4.54,4.54,0.0,False
IOSP,2020-12-31,0.9,1.13,1.16,0.03,False
IOSP,2021-12-31,0.96,3.74,3.75,0.01,False
IOSP,2022-12-31,1.02,5.32,5.32,0.0,False
IOSP,2023-12-31,1.5,5.56,5.56,0.0,False
IOSP,2024-12-31,-2.79,1.43,1.42,0.01,False
IOSP,2025-12-31,1.9,4.67,4.67,0.0,False
IPAR,2014-12-31,0.11,0.96,0.95,0.01,False
IPAR,2015-12-31,0.06,0.98,0.98,0.0,False
IPAR,2016-12-31,0.13,1.08,1.07,0.01,False
IPAR,2017-12-31,0.14,1.34,1.33,0.01,False
IPAR,2018-12-31,0.25,1.71,1.71,0.0,False
IPAR,2019-12-31,0.26,1.91,1.9,0.01,False
IPAR,2020-12-31,0.0,0.74,1.21,0.47,True
IPAR,2021-12-31,-0.04,2.74,2.75,0.01,False
IPAR,2022-12-31,0.52,3.78,3.78,0.0,False
IPAR,2023-12-31,0.32,4.75,4.75,0.0,False
IPAR,2024-12-31,0.76,5.1,5.12,0.02,False
IPAR,2025-12-31,0.88,5.24,5.24,0.0,False
IPGP,2014-12-31,1.06,3.8,3.79,0.01,False
IPGP,2015-12-31,1.13,4.54,4.53,0.01,False
IPGP,2016-12-31,1.39,4.85,4.85,0.0,False
IPGP,2017-12-31,0.96,6.36,6.36,0.0,False
IPGP,2018-12-31,1.4,7.38,7.38,0.0,False
IPGP,2019-12-31,-0.08,3.35,3.35,0.0,False
IPGP,2020-12-31,0.91,2.96,2.97,0.01,False
IPGP,2021-12-31,1.21,5.16,5.16,0.0,False
IPGP,2022-12-31,-1.97,1.91,2.16,0.25,True
IPGP,2023-12-31,0.89,4.62,4.63,0.01,False
IPGP,2024-12-31,0.18,-4.18,-4.09,0.09,False
IPGP,2025-12-31,0.31,0.74,0.73,0.01,False
IRDM,2014-12-31,0.21,0.71,0.69,0.02,False
IRDM,2015-12-31,-0.77,-0.15,-0.09,0.06,True
IRDM,2016-12-31,0.19,0.9,0.89,0.01,False
IRDM,2017-12-31,1.07,1.8,1.82,0.02,False
IRDM,2018-12-31,-0.09,-0.21,-0.22,0.01,False
IRDM,2019-12-31,-0.81,-1.29,-1.33,0.04,False
IRDM,2022-12-31,-0.01,0.09,0.07,0.02,False
IRDM,2023-12-31,0.3,0.13,0.12,0.01,False
IRDM,2024-12-31,0.31,0.95,0.94,0.01,False
IRDM,2025-12-31,0.23,1.05,1.06,0.01,False
IRT,2014-12-31,0.01,0.19,0.14,0.05,False
IRT,2015-12-31,0.13,0.84,0.78,0.06,True
IRT,2016-12-31,-0.61,0.05,-0.19,0.24,True
IRT,2017-12-31,0.07,0.42,0.41,0.01,False
IRT,2018-12-31,0.16,0.29,0.3,0.01,False
IRT,2019-12-31,0.26,0.5,0.51,0.01,False
IRT,2020-12-31,0.14,0.16,0.16,0.0,False
IRT,2021-12-31,0.23,0.38,0.41,0.03,False
IRT,2022-12-31,0.15,0.53,0.53,0.0,False
IRT,2023-12-31,-0.18,-0.07,-0.08,0.01,False
IRT,2024-12-31,-0.0,0.18,0.17,0.01,False
IRT,2025-12-31,0.14,0.24,0.24,0.0,False
ITGR,2015-01-02,0.54,2.14,2.14,0.0,False
ITGR,2016-01-01,-0.85,-0.19,-0.29,0.1,True
ITGR,2016-12-30,0.25,0.18,0.19,0.01,False
ITGR,2017-12-29,1.68,2.06,2.09,0.03,False
ITGR,2018-12-28,0.58,1.42,5.15,3.73,True
ITGR,2019-12-31,0.33,2.76,2.92,0.16,True
ITGR,2020-12-31,0.47,2.34,2.33,0.01,False
ITGR,2021-12-31,0.71,2.91,2.91,0.0,False
ITGR,2022-12-31,0.54,1.98,1.99,0.01,False
ITGR,2023-12-31,0.78,2.69,2.69,0.0,False
ITGR,2024-12-31,0.9,3.36,3.36,0.0,False
ITGR,2025-12-31,1.31,2.8,2.89,0.09,False
ITRI,2014-12-31,-1.28,-0.61,-0.58,0.03,False
ITRI,2015-12-31,0.23,0.32,0.33,0.01,False
ITRI,2016-12-31,0.3,0.82,0.82,0.0,False
ITRI,2017-12-31,0.05,1.46,1.45,0.01,False
ITRI,2018-12-31,0.62,-2.55,-2.53,0.02,False
ITRI,2019-12-31,0.36,1.22,1.23,0.01,False
ITRI,2020-12-31,0.54,-1.44,-1.44,0.0,False
ITRI,2021-12-31,-1.31,-1.78,-1.83,0.05,False
ITRI,2022-12-31,0.5,-0.21,-0.22,0.01,False
ITRI,2023-12-31,0.96,2.1,2.11,0.01,False
ITRI,2024-12-31,1.26,5.18,5.18,0.0,False
ITRI,2025-12-31,2.21,6.51,6.5,0.01,False
ITT,2014-12-31,0.39,2.01,1.99,0.02,False
ITT,2015-12-31,0.4,3.89,3.88,0.01,False
ITT,2016-12-31,0.29,2.06,2.07,0.01,False
ITT,2017-12-31,-0.75,1.29,1.28,0.01,False
ITT,2018-12-31,0.59,3.77,3.76,0.01,False
ITT,2019-12-31,0.77,3.66,3.67,0.01,False
ITT,2020-12-31,-0.15,0.82,0.83,0.01,False
ITT,2021-12-31,1.2,3.65,3.66,0.01,False
ITT,2022-12-31,1.38,4.38,4.38,0.0,False
ITT,2023-12-31,1.11,4.96,4.96,0.0,False
ITT,2024-12-31,1.55,6.3,6.3,0.0,False
ITT,2025-12-31,1.64,6.11,6.11,0.0,False
IVT,2019-12-31,0.04,0.05,0.53,0.48,True
IVT,2020-12-31,0.0,-0.01,-0.14,0.13,True
IVT,2022-12-31,-0.0,0.77,0.77,0.0,False
IVT,2023-12-31,0.04,0.08,0.08,0.0,False
IVT,2024-12-31,0.12,0.17,0.19,0.02,False
IVT,2025-12-31,0.03,1.43,1.42,0.01,False
JAZZ,2014-12-31,1.22,0.75,0.93,0.18,True
JAZZ,2015-12-31,1.32,5.23,5.23,0.0,False
JAZZ,2016-12-31,1.9,6.41,6.41,0.0,False
JAZZ,2017-12-31,3.79,7.95,7.96,0.01,False
JAZZ,2018-12-31,2.64,7.3,7.3,0.0,False
JAZZ,2019-12-31,1.29,9.1,9.09,0.01,False
JAZZ,2020-12-31,2.3,4.18,4.22,0.04,False
JAZZ,2021-12-31,-0.59,-5.47,-5.52,0.05,False
JAZZ,2022-12-31,-3.94,-3.67,-3.58,0.09,False
JAZZ,2023-12-31,1.42,6.12,6.1,0.02,False
JAZZ,2024-12-31,2.78,8.46,8.65,0.19,False
JAZZ,2025-12-31,3.38,-5.8,-5.84,0.04,False
JBGS,2017-12-31,-0.15,-0.59,-0.7,0.11,True
JBGS,2018-12-31,-0.01,0.31,0.31,0.0,False
JBGS,2019-12-31,0.25,0.48,0.48,0.0,False
JBGS,2020-12-31,-0.35,-0.49,-0.49,0.0,False
JBGS,2021-12-31,-0.44,-0.63,-0.63,0.0,False
JBGS,2022-12-31,-0.16,0.69,0.7,0.01,False
JBGS,2023-12-31,-0.34,-0.83,-0.78,0.05,True
JBGS,2024-12-31,-0.72,-1.67,-1.65,0.02,False
JBGS,2025-12-31,-0.79,-2.12,-2.09,0.03,False
JBLU,2014-12-31,0.23,1.16,1.19,0.03,False
JBLU,2015-12-31,0.56,1.98,1.98,0.0,False
JBLU,2016-12-31,0.53,2.23,2.22,0.01,False
JBLU,2017-12-31,2.07,3.51,3.47,0.04,False
JBLU,2018-12-31,0.54,0.59,0.6,0.01,False
JBLU,2019-12-31,0.56,1.92,1.91,0.01,False
JBLU,2020-12-31,-1.26,-4.85,-4.88,0.03,False
JBLU,2021-12-31,-0.41,-0.59,-0.57,0.02,False
JBLU,2022-12-31,0.07,-1.12,-1.12,0.0,False
JBLU,2023-12-31,-0.31,-0.94,-0.93,0.01,False
JBLU,2024-12-31,-0.13,-2.34,-2.3,0.04,False
JBLU,2025-12-31,-0.48,-1.67,-1.66,0.01,False
JBSS,2015-06-25,0.75,2.61,2.61,0.0,False
JBSS,2016-06-30,0.64,2.69,2.68,0.01,False
JBSS,2017-06-29,0.59,3.16,3.17,0.01,False
JBSS,2018-06-28,0.49,2.83,2.83,0.0,False
JBSS,2019-06-27,0.98,3.43,3.43,0.0,False
JBSS,2020-06-25,0.89,4.7,4.69,0.01,False
JBSS,2021-06-24,1.07,5.17,5.17,0.0,False
JBSS,2022-06-30,1.5,5.32,5.33,0.01,False
JBSS,2023-06-29,1.26,5.4,5.4,0.0,False
JBSS,2024-06-27,0.86,5.16,5.15,0.01,False
JBSS,2025-06-26,1.15,5.03,5.03,0.0,False
JBSS,2026-06-25,0.71,5.26,5.26,0.0,False
JBTM,2014-12-31,0.5,1.02,1.03,0.01,False
JBTM,2015-12-31,0.7,1.87,1.88,0.01,False
JBTM,2016-12-31,0.78,2.27,2.27,0.0,False
JBTM,2017-12-31,0.6,2.53,2.53,0.0,False
JBTM,2018-12-31,1.33,3.23,3.23,0.0,False
JBTM,2019-12-31,1.32,4.02,4.02,0.0,False
JBTM,2020-12-31,0.93,3.38,3.39,0.01,False
JBTM,2021-12-31,0.98,3.68,3.69,0.01,False
JBTM,2022-12-31,1.17,4.08,4.07,0.01,False
JBTM,2023-12-31,2.53,18.13,18.13,0.0,False
JBTM,2024-12-31,-0.22,2.65,2.65,0.0,False
JBTM,2025-12-31,1.03,-0.99,-0.98,0.01,False
JEF,2014-12-31,-0.03,0.53,0.54,0.01,False
JEF,2015-12-31,0.15,0.71,0.74,0.03,False
JEF,2016-12-31,0.37,0.33,0.34,0.01,False
JEF,2017-12-31,-0.75,0.43,0.45,0.02,False
JEF,2019-11-30,0.6,3.03,3.03,0.0,False
JEF,2020-11-30,1.09,2.69,2.65,0.04,False
JEF,2021-11-30,1.2,6.13,6.13,0.0,False
JEF,2022-11-30,0.56,3.02,3.06,0.04,False
JEF,2023-11-30,0.29,1.1,1.1,0.0,False
JEF,2024-11-30,0.93,2.98,2.99,0.01,False
JEF,2025-11-30,0.85,2.83,2.83,0.0,False
JJSF,2015-09-26,1.05,3.73,3.73,0.0,False
JJSF,2016-09-24,1.1,4.05,4.05,0.0,False
JJSF,2017-09-30,1.29,4.2,4.21,0.01,False
JJSF,2018-09-29,1.24,5.51,5.51,0.0,False
JJSF,2019-09-28,1.36,5.0,5.0,0.0,False
JJSF,2020-09-26,0.35,0.95,0.96,0.01,False
JJSF,2021-09-25,0.98,2.9,2.91,0.01,False
JJSF,2022-09-24,0.9,2.46,2.46,0.0,False
JJSF,2023-09-30,1.57,4.08,4.08,0.0,False
JJSF,2024-09-28,1.52,4.45,4.45,0.0,False
JJSF,2025-09-27,0.58,3.35,3.36,0.01,False
JLL,2014-12-31,4.28,8.51,8.52,0.01,False
JLL,2020-12-31,4.79,7.7,7.7,0.0,False
JLL,2021-12-31,8.13,18.49,18.47,0.02,False
JLL,2022-12-31,3.63,13.27,13.27,0.0,False
JLL,2023-12-31,3.57,4.66,4.67,0.01,False
JLL,2024-12-31,4.98,11.3,11.3,0.0,False
JLL,2025-12-31,8.34,16.41,16.4,0.01,False
JOE,2019-12-31,0.15,0.45,0.45,0.0,False
JOE,2020-12-31,0.34,0.77,0.77,0.0,False
JOE,2021-12-31,0.54,1.26,1.27,0.01,False
JOE,2022-12-31,0.48,1.21,1.21,0.0,False
JOE,2023-12-31,0.23,1.34,1.33,0.01,False
JOE,2024-12-31,0.32,1.27,1.27,0.0,False
JOE,2025-12-31,0.52,2.0,1.99,0.01,False
JXN,2021-12-31,6.2,33.69,33.69,0.0,False
JXN,2022-12-31,-8.09,63.81,64.23,0.42,False
JXN,2023-12-31,-18.54,10.91,10.76,0.15,False
JXN,2024-12-31,4.4,11.4,11.74,0.34,False
JXN,2025-12-31,-3.11,-0.33,-0.24,0.09,True
KAI,2015-01-03,0.82,2.57,2.56,0.01,False
KAI,2016-01-02,0.94,3.1,3.1,0.0,False
KAI,2016-12-31,0.69,2.88,2.88,0.0,False
KAI,2017-12-30,0.07,2.76,2.75,0.01,False
KAI,2018-12-29,1.61,5.29,5.3,0.01,False
KAI,2019-12-28,0.76,4.55,4.54,0.01,False
KAI,2021-01-02,1.4,4.77,4.77,0.0,False
KAI,2022-01-01,2.07,7.21,7.21,0.0,False
KAI,2022-12-31,2.23,10.35,10.35,0.0,False
KAI,2023-12-30,2.33,9.9,9.9,0.0,False
KAI,2024-12-28,2.04,9.48,9.48,0.0,False
KAI,2026-01-03,2.04,8.65,8.65,0.0,False
KALU,2014-12-31,0.83,3.86,3.86,0.0,False
KALU,2015-12-31,0.73,-13.8,-13.76,0.04,False
KALU,2016-12-31,1.39,5.08,5.09,0.01,False
KALU,2017-12-31,-0.89,2.58,2.63,0.05,False
KALU,2018-12-31,1.41,5.43,5.43,0.0,False
KALU,2019-12-31,-0.66,3.8,3.83,0.03,False
KALU,2020-12-31,0.37,1.79,1.81,0.02,False
KALU,2021-12-31,0.11,-1.17,-1.17,0.0,False
KALU,2022-12-31,-1.69,-1.89,-1.86,0.03,False
KALU,2023-12-31,0.47,2.94,2.92,0.02,False
KALU,2024-12-31,0.44,2.88,2.87,0.01,False
KALU,2025-12-31,1.66,6.76,6.77,0.01,False
KBH,2014-11-30,8.37,9.04,9.25,0.21,False
KBH,2015-11-30,0.42,0.83,0.85,0.02,False
KBH,2016-11-30,0.4,1.13,1.12,0.01,False
KBH,2017-11-30,0.84,1.83,1.85,0.02,False
KBH,2018-11-30,0.96,1.58,1.71,0.13,True
KBH,2019-11-30,1.31,2.86,2.85,0.01,False
KBH,2020-11-30,1.12,3.13,3.13,0.0,False
KBH,2021-11-30,1.91,6.03,6.01,0.02,False
KBH,2022-11-30,2.47,9.12,9.09,0.03,False
KBH,2023-11-30,1.85,7.04,7.03,0.01,False
KBH,2024-11-30,2.52,8.47,8.45,0.02,False
KBH,2025-11-30,1.55,6.15,6.15,0.0,False
KBR,2014-12-31,-8.39,-8.53,-8.66,0.13,False
KBR,2015-12-31,0.29,1.4,1.4,0.0,False
KBR,2016-12-31,-0.61,-0.43,-0.43,0.0,False
KBR,2017-12-31,1.96,3.08,3.06,0.02,False
KBR,2018-12-31,0.3,1.98,1.99,0.01,False
KBR,2019-12-31,0.4,1.41,1.41,0.0,False
KBR,2020-12-31,0.13,-0.52,-0.51,0.01,False
KBR,2021-12-31,0.45,0.08,0.12,0.04,False
KBR,2022-12-31,0.54,1.13,1.26,0.13,True
KBR,2023-12-29,0.18,-2.02,-1.96,0.06,False
KBR,2025-01-03,0.57,2.8,2.79,0.01,False
KBR,2026-01-02,0.87,3.21,3.21,0.0,False
KD,2023-03-31,-3.24,-6.06,-6.06,0.0,False
KD,2024-03-31,-0.2,-1.49,-1.48,0.01,False
KD,2025-03-31,0.28,1.03,1.05,0.02,False
KD,2026-03-31,0.07,0.84,0.85,0.01,False
KEX,2014-12-31,1.19,4.93,4.93,0.0,False
KEX,2015-12-31,0.94,4.11,4.11,0.0,False
KEX,2016-12-31,0.6,2.62,2.62,0.0,False
KEX,2017-12-31,3.87,5.38,5.62,0.24,False
KEX,2018-12-31,-0.41,1.31,1.31,0.0,False
KEX,2019-12-31,0.05,2.38,2.37,0.01,False
KEX,2020-12-31,0.37,-4.55,-4.55,0.0,False
KEX,2021-12-31,0.18,-4.12,-4.11,0.01,False
KEX,2022-12-31,0.62,2.03,2.03,0.0,False
KEX,2023-12-31,1.04,3.72,3.72,0.0,False
KEX,2024-12-31,0.74,4.91,4.91,0.0,False
KEX,2025-12-31,1.69,6.34,6.33,0.01,False
KFY,2015-04-30,0.51,1.77,1.76,0.01,False
KFY,2016-04-30,0.1,0.61,0.58,0.03,False
KFY,2017-04-30,0.47,1.47,1.47,0.0,False
KFY,2018-04-30,0.72,2.35,2.35,0.0,False
KFY,2019-04-30,0.87,1.78,1.81,0.03,False
KFY,2020-04-30,-0.01,1.88,1.9,0.02,False
KFY,2021-04-30,1.2,2.07,2.09,0.02,False
KFY,2022-04-30,1.69,5.98,5.98,0.0,False
KFY,2023-04-30,0.89,3.93,3.95,0.02,False
KFY,2024-04-30,1.23,3.21,3.23,0.02,False
KFY,2025-04-30,1.19,4.6,4.6,0.0,False
KFY,2026-04-30,1.37,5.22,5.22,0.0,False
KGS,2023-12-31,-0.1,0.27,0.29,0.02,False
KGS,2024-12-31,0.22,0.6,0.56,0.04,False
KGS,2025-12-31,0.28,0.87,0.89,0.02,False
KLIC,2015-10-03,0.14,0.67,0.67,0.0,False
KLIC,2016-10-01,0.15,0.67,0.67,0.0,False
KLIC,2017-09-30,0.57,1.74,1.55,0.19,True
KLIC,2018-09-29,0.43,0.82,0.8,0.02,False
KLIC,2019-09-28,0.1,0.18,0.18,0.0,False
KLIC,2020-10-03,0.25,0.83,0.83,0.0,False
KLIC,2021-10-02,2.07,5.76,5.78,0.02,False
KLIC,2022-10-01,1.1,7.06,7.09,0.03,False
KLIC,2023-09-30,0.41,0.99,0.99,0.0,False
KLIC,2024-09-28,0.23,-1.22,-1.24,0.02,False
KLIC,2025-10-04,0.12,-0.02,0.004,0.024,False
KMPR,2014-12-31,1.24,2.13,2.12,0.01,False
KMPR,2015-12-31,0.09,1.65,1.65,0.0,False
KMPR,2016-12-31,0.61,0.33,0.33,0.0,False
KMPR,2017-12-31,0.71,2.33,2.33,0.0,False
KMPR,2018-12-31,0.1,3.25,3.22,0.03,False
KMPR,2019-12-31,1.86,7.96,7.96,0.0,False
KMPR,2020-12-31,1.45,6.14,6.14,0.0,False
KMPR,2021-12-31,-1.69,-1.99,-1.87,0.12,True
KMPR,2022-12-31,-0.87,-4.72,-4.72,0.0,False
KMPR,2023-12-31,0.8,-4.25,-4.25,0.0,False
KMPR,2024-12-31,1.51,4.91,4.91,0.0,False
KMPR,2025-12-31,-0.13,2.19,2.29,0.1,False
KMT,2015-06-30,0.27,-4.71,-4.71,0.0,False
KMT,2016-06-30,-0.84,-2.84,-2.83,0.01,False
KMT,2017-06-30,0.3,0.6,0.61,0.01,False
KMT,2018-06-30,0.83,2.42,2.42,0.0,False
KMT,2019-06-30,0.74,2.9,2.9,0.0,False
KMT,2020-06-30,-0.11,-0.07,-0.07,0.0,False
KMT,2021-06-30,0.41,0.64,0.65,0.01,False
KMT,2022-06-30,0.5,1.72,1.72,0.0,False
KMT,2023-06-30,0.45,1.45,1.46,0.01,False
KMT,2024-06-30,0.47,1.37,1.37,0.0,False
KMT,2025-06-30,0.28,1.2,1.2,0.0,False
KMT,2026-06-30,2.91,4.4,4.42,0.02,False
KMX,2015-02-28,0.67,2.73,2.73,0.0,False
KMX,2016-02-29,0.71,3.02,3.03,0.01,False
KMX,2017-02-28,0.81,3.27,3.26,0.01,False
KMX,2018-02-28,0.67,3.59,3.6,0.01,False
KMX,2019-02-28,1.13,4.79,4.79,0.0,False
KMX,2020-02-29,1.3,5.33,5.33,0.0,False
KMX,2021-02-28,1.27,4.51,4.52,0.01,False
KMX,2022-02-28,0.98,6.96,6.97,0.01,False
KMX,2023-02-28,0.44,3.03,3.03,0.0,False
KMX,2024-02-29,0.32,3.03,3.02,0.01,False
KMX,2025-02-28,0.58,3.21,3.21,0.0,False
KMX,2026-02-28,-0.85,1.6,1.68,0.08,False
KN,2014-12-31,-0.01,-1.02,-1.02,0.0,False
KN,2015-12-31,-2.11,-2.66,-2.69,0.03,False
KN,2016-12-31,0.21,-0.48,-0.47,0.01,False
KN,2017-12-31,0.92,0.72,0.75,0.03,False
KN,2018-12-31,0.85,0.72,0.74,0.02,False
KN,2019-12-31,0.21,0.51,0.53,0.02,False
KN,2020-12-31,0.31,0.06,0.07,0.01,False
KN,2021-12-31,0.98,1.59,1.59,0.0,False
KN,2022-12-31,-2.35,-4.77,-4.69,0.08,False
KN,2023-12-31,0.52,0.79,0.79,0.0,False
KN,2024-12-31,0.2,-2.66,-2.64,0.02,False
KN,2025-12-31,0.24,0.51,0.5,0.01,False
KNF,2023-12-31,0.62,3.68,3.23,0.45,True
KNF,2024-12-31,0.41,3.54,3.55,0.01,False
KNF,2025-12-31,0.56,2.76,2.76,0.0,False
KNSL,2017-12-31,0.27,1.16,1.16,0.0,False
KNSL,2018-12-31,0.2,1.56,1.56,0.0,False
KNSL,2019-12-31,0.79,2.86,2.86,0.0,False
KNSL,2020-12-31,1.65,3.85,3.87,0.02,False
KNSL,2021-12-31,2.1,6.63,6.62,0.01,False
KNSL,2022-12-31,2.9,6.88,6.88,0.0,False
KNSL,2023-12-31,4.43,13.21,13.22,0.01,False
KNSL,2024-12-31,4.68,17.79,17.78,0.01,False
KNSL,2025-12-31,5.99,21.67,21.65,0.02,False
KNTK,2017-12-31,0.03,-0.04,-0.3,0.26,True
KNTK,2018-12-31,-0.0,-0.06,-0.03,0.03,False
KNTK,2019-12-31,-4.64,-4.73,-4.93,0.2,False
KNTK,2021-12-31,-15.34,-12.72,-3.86,8.86,True
KNTK,2024-12-31,-0.22,0.79,1.02,0.23,True
KNTK,2025-12-31,2.1,2.51,2.63,0.12,False
KNX,2014-12-31,0.41,1.13,1.12,0.01,False
KNX,2015-12-31,0.51,1.37,1.38,0.01,False
KNX,2016-12-31,0.38,1.11,1.1,0.01,False
KNX,2017-12-31,2.5,2.94,4.34,1.4,True
KNX,2018-12-31,0.86,2.36,2.36,0.0,False
KNX,2019-12-31,0.39,1.8,1.8,0.0,False
KNX,2020-12-31,0.84,2.4,2.4,0.0,False
KNX,2021-12-31,1.53,4.45,4.45,0.0,False
KNX,2022-12-31,0.92,4.73,4.73,0.0,False
KNX,2023-12-31,-0.07,1.33,1.34,0.01,False
KNX,2024-12-31,0.43,0.73,0.73,0.0,False
KNX,2025-12-31,-0.04,0.41,0.41,0.0,False
KOP,2014-12-31,-1.67,-1.62,-1.58,0.04,False
KOP,2015-12-31,-4.3,-3.54,-3.51,0.03,False
KOP,2016-12-31,0.3,1.39,1.39,0.0,False
KOP,2017-12-31,-0.66,1.35,1.32,0.03,False
KOP,2018-12-31,-0.13,1.06,1.1,0.04,False
KOP,2019-12-31,0.97,3.16,3.16,0.0,False
KOP,2020-12-31,0.86,5.71,5.71,0.0,False
KOP,2021-12-31,1.01,3.88,3.88,0.0,False
KOP,2022-12-31,0.65,2.98,2.98,0.0,False
KOP,2023-12-31,0.59,4.15,4.14,0.01,False
KOP,2024-12-31,-0.49,2.44,2.46,0.02,False
KOP,2025-12-31,1.43,2.73,2.74,0.01,False
KR,2015-01-31,1.04,3.45,3.44,0.01,False
KR,2017-01-28,0.53,2.04,2.05,0.01,False
KR,2018-02-03,0.96,2.11,2.09,0.02,False
KR,2019-02-02,0.31,3.69,3.76,0.07,False
KR,2020-02-01,0.4,2.04,2.04,0.0,False
KR,2021-01-30,-0.1,3.25,3.27,0.02,False
KR,2022-01-29,0.75,2.18,2.17,0.01,False
KR,2023-01-28,0.62,3.07,3.06,0.01,False
KR,2024-02-03,1.0,2.95,2.96,0.01,False
KR,2025-02-01,0.9,3.67,3.67,0.0,False
KR,2026-01-31,1.35,1.53,1.54,0.01,False
KRC,2014-12-31,0.32,1.96,1.95,0.01,False
KRC,2015-12-31,0.27,2.42,2.42,0.0,False
KRC,2020-12-31,0.68,1.64,1.63,0.01,False
KRC,2021-12-31,0.41,5.37,5.36,0.01,False
KRC,2022-12-31,0.45,1.98,1.97,0.01,False
KRC,2023-12-31,0.4,1.8,1.8,0.0,False
KRC,2024-12-31,0.5,1.77,1.77,0.0,False
KRC,2025-12-31,0.1,2.31,2.32,0.01,False
KRG,2015-12-31,0.06,0.18,0.18,0.0,False
KRG,2016-12-31,0.04,0.02,0.01,0.01,False
KRG,2017-12-31,0.03,0.14,0.14,0.0,False
KRG,2018-12-31,-0.38,-0.56,-0.56,0.0,False
KRG,2019-12-31,0.18,-0.01,-0.01,0.0,False
KRG,2020-12-31,-0.08,-0.19,-0.19,0.0,False
KRG,2021-12-31,-0.52,-0.31,-0.73,0.42,True
KRG,2022-12-31,-0.01,-0.07,-0.06,0.01,False
KRG,2023-12-31,0.04,0.22,0.22,0.0,False
KRG,2024-12-31,0.1,0.02,0.02,0.0,False
KRG,2025-12-31,0.84,1.38,1.37,0.01,False
KRMN,2024-12-31,0.01,0.08,0.08,0.0,False
KRMN,2025-12-31,0.06,0.13,0.13,0.0,False
KRYS,2020-12-31,-0.53,-1.7,-1.71,0.01,False
KRYS,2021-12-31,-0.94,-3.12,-3.13,0.01,False
KRYS,2022-12-31,-1.25,-5.51,-5.49,0.02,False
KRYS,2023-12-31,0.29,0.07,0.39,0.32,True
KRYS,2024-12-31,1.51,2.98,3.0,0.02,False
KRYS,2025-12-31,1.69,6.84,6.84,0.0,False
KSS,2015-01-31,1.84,4.27,4.24,0.03,False
KSS,2016-01-30,1.57,3.49,3.46,0.03,False
KSS,2017-01-28,1.45,3.14,3.11,0.03,False
KSS,2018-02-03,2.8,5.13,5.12,0.01,False
KSS,2019-02-02,1.68,4.87,4.84,0.03,False
KSS,2020-02-01,1.72,4.39,4.37,0.02,False
KSS,2021-01-30,2.24,-1.06,-1.06,0.0,False
KSS,2022-01-29,2.21,6.43,6.32,0.11,False
KSS,2023-01-28,-2.62,-0.58,-0.15,0.43,True
KSS,2024-02-03,1.68,2.86,2.85,0.01,False
KSS,2025-02-01,0.42,0.97,0.98,0.01,False
KSS,2026-01-31,1.1,2.39,2.38,0.01,False
KTB,2019-12-28,0.5,1.69,1.69,0.0,False
KTB,2021-01-02,0.73,1.15,1.17,0.02,False
KTB,2022-01-01,0.75,3.31,3.31,0.0,False
KTB,2022-12-31,0.91,4.3,4.31,0.01,False
KTB,2023-12-30,1.21,4.06,4.06,0.0,False
KTB,2024-12-28,1.14,4.37,4.36,0.01,False
KTB,2026-01-03,1.31,4.05,4.05,0.0,False
KTOS,2014-12-28,-0.04,-1.36,-1.35,0.01,False
KTOS,2015-12-27,-0.07,0.32,0.34,0.02,False
KTOS,2016-12-25,-0.07,-1.0,-0.99,0.01,False
KTOS,2017-12-31,-0.21,-0.46,-0.48,0.02,False
KTOS,2018-12-30,0.04,-0.03,-0.03,0.0,False
KTOS,2019-12-29,0.03,0.12,0.11,0.01,False
KTOS,2020-12-27,0.6,0.61,0.67,0.06,True
KTOS,2021-12-26,-0.02,-0.02,-0.02,0.0,False
KTOS,2022-12-25,-0.07,-0.29,-0.29,0.0,False
KTOS,2023-12-31,0.02,-0.06,-0.07,0.01,False
KTOS,2024-12-29,0.03,0.11,0.11,0.0,False
KTOS,2025-12-28,0.03,0.13,0.13,0.0,False
KWR,2014-12-31,0.95,4.25,4.26,0.01,False
KWR,2015-12-31,0.86,3.85,3.84,0.01,False
KWR,2016-12-31,1.31,4.63,4.63,0.0,False
KWR,2017-12-31,-0.73,1.51,1.52,0.01,False
KWR,2018-12-31,0.58,4.44,4.45,0.01,False
KWR,2019-12-31,0.85,2.25,2.08,0.17,True
KWR,2020-12-31,2.71,2.21,2.22,0.01,False
KWR,2021-12-31,1.01,6.77,6.77,0.0,False
KWR,2022-12-31,-4.23,-0.88,-0.89,0.01,False
KWR,2023-12-31,1.12,6.26,6.26,0.0,False
KWR,2024-12-31,0.8,6.5,6.51,0.01,False
KWR,2025-12-31,1.2,-0.1,-0.14,0.04,False
LAD,2014-12-31,1.55,5.25,5.26,0.01,False
LAD,2015-12-31,1.8,6.9,6.91,0.01,False
LAD,2016-12-31,2.03,7.73,7.72,0.01,False
LAD,2017-12-31,3.56,9.76,9.75,0.01,False
LAD,2018-12-31,2.53,10.88,10.86,0.02,False
LAD,2019-12-31,2.89,11.58,11.6,0.02,False
LAD,2020-12-31,7.0,19.21,19.53,0.32,False
LAD,2021-12-31,9.64,36.31,36.54,0.23,False
LAD,2022-12-31,9.04,44.11,44.17,0.06,False
LAD,2023-12-31,7.71,36.25,36.29,0.04,False
LAD,2024-12-31,8.07,29.63,29.65,0.02,False
LAD,2025-12-31,5.68,32.1,32.32,0.22,False
LAMR,2014-12-31,2.19,2.67,2.66,0.01,False
LAMR,2015-12-31,0.79,2.71,2.72,0.01,False
LAMR,2016-12-31,0.82,3.06,3.05,0.01,False
LAMR,2017-12-31,0.88,3.22,3.23,0.01,False
LAMR,2018-12-31,0.96,3.08,3.08,0.0,False
LAMR,2019-12-31,1.02,3.7,3.71,0.01,False
LAMR,2020-12-31,1.08,2.41,2.41,0.0,False
LAMR,2021-12-31,1.21,3.82,3.83,0.01,False
LAMR,2022-12-31,0.65,4.32,4.31,0.01,False
LAMR,2023-12-31,1.46,4.85,4.85,0.0,False
LAMR,2024-12-31,-0.01,3.53,3.52,0.01,False
LAMR,2025-12-31,1.51,5.78,5.77,0.01,False
LAUR,2017-12-31,0.48,-1.31,-1.2,0.11,True
LAUR,2018-12-31,0.33,1.5,1.73,0.23,True
LAUR,2019-12-31,0.28,4.18,4.22,0.04,False
LAUR,2020-12-31,1.82,-2.9,-2.93,0.03,False
LAUR,2021-12-31,0.14,1.11,1.01,0.1,True
LAUR,2022-12-31,0.23,0.42,0.41,0.01,False
LAUR,2023-12-31,0.26,0.67,0.68,0.01,False
LAUR,2024-12-31,0.62,1.94,1.92,0.02,False
LAUR,2025-12-31,1.13,1.88,1.89,0.01,False
LAZ,2014-12-31,1.29,3.21,3.2,0.01,False
LAZ,2015-12-31,1.18,7.41,7.4,0.01,False
LAZ,2016-12-31,0.96,2.92,2.92,0.0,False
LAZ,2017-12-31,-0.63,1.91,1.91,0.0,False
LAZ,2018-12-31,0.89,4.05,4.06,0.01,False
LAZ,2019-12-31,0.67,2.42,2.44,0.02,False
LAZ,2020-12-31,1.64,3.52,3.54,0.02,False
LAZ,2021-12-31,1.86,4.63,4.63,0.0,False
LAZ,2022-12-31,0.44,3.47,3.51,0.04,False
LAZ,2023-12-31,0.73,-0.89,-0.9,0.01,False
LAZ,2024-12-31,0.8,2.66,2.68,0.02,False
LAZ,2025-12-31,0.45,2.18,2.17,0.01,False
LBRT,2018-12-31,0.27,1.81,1.81,0.0,False
LBRT,2019-12-31,-0.15,0.58,0.53,0.05,True
LBRT,2020-12-31,-0.41,-1.35,-1.36,0.01,False
LBRT,2021-12-31,-0.31,-1.03,-1.03,0.0,False
LBRT,2022-12-31,0.79,2.09,2.11,0.02,False
LBRT,2023-12-31,0.53,3.15,3.15,0.0,False
LBRT,2024-12-31,0.31,1.87,1.87,0.0,False
LBRT,2025-12-31,0.08,0.89,0.89,0.0,False
LCII,2014-12-31,0.49,2.57,2.56,0.01,False
LCII,2015-12-31,0.65,3.02,3.02,0.0,False
LCII,2016-12-31,1.05,5.2,5.2,0.0,False
LCII,2017-12-31,0.69,5.25,5.24,0.01,False
LCII,2018-12-31,0.79,5.84,5.83,0.01,False
LCII,2019-12-31,1.14,5.83,5.84,0.01,False
LCII,2020-12-31,1.92,6.26,6.27,0.01,False
LCII,2021-12-31,3.22,11.31,11.32,0.01,False
LCII,2022-12-31,-0.67,15.5,15.48,0.02,False
LCII,2023-12-31,-0.09,2.53,2.52,0.01,False
LCII,2024-12-31,0.37,5.6,5.6,0.0,False
LCII,2025-12-31,0.77,7.55,7.57,0.02,False
LEA,2014-12-31,3.24,8.24,8.23,0.01,False
LEA,2015-12-31,3.08,9.61,9.59,0.02,False
LEA,2016-12-31,3.23,13.32,13.33,0.01,False
LEA,2017-12-31,5.85,18.65,18.59,0.06,False
LEA,2018-12-31,3.39,17.18,17.22,0.04,False
LEA,2019-12-31,2.5,12.73,12.75,0.02,False
LEA,2020-12-31,3.33,2.59,2.62,0.03,False
LEA,2021-12-31,0.35,6.16,6.19,0.03,False
LEA,2022-12-31,1.97,5.47,5.47,0.0,False
LEA,2023-12-31,2.18,9.68,9.68,0.0,False
LEA,2024-12-31,1.61,8.94,8.97,0.03,False
LEA,2025-12-31,1.58,8.15,8.15,0.0,False
LECO,2014-12-31,0.96,3.18,3.18,0.0,False
LECO,2015-12-31,0.67,1.68,1.7,0.02,False
LECO,2016-12-31,0.81,2.91,2.91,0.0,False
LECO,2017-12-31,0.36,3.71,3.71,0.0,False
LECO,2018-12-31,1.35,4.38,4.37,0.01,False
LECO,2019-12-31,1.03,4.68,4.68,0.0,False
LECO,2020-12-31,1.08,3.41,3.42,0.01,False
LECO,2021-12-31,1.25,4.61,4.6,0.01,False
LECO,2022-12-31,1.87,8.05,8.04,0.01,False
LECO,2023-12-31,2.7,9.37,9.37,0.0,False
LECO,2024-12-31,2.47,8.15,8.15,0.0,False
LECO,2025-12-31,2.45,9.32,9.32,0.0,False
LEU,2021-12-31,5.72,9.29,9.75,0.46,False
LEU,2022-12-31,1.24,3.3,3.38,0.08,False
LEU,2023-12-31,3.57,5.39,5.44,0.05,False
LEU,2024-12-31,3.17,4.38,4.47,0.09,False
LEU,2025-12-31,0.75,4.13,3.9,0.23,True
LFUS,2014-12-27,0.86,4.38,4.37,0.01,False
LFUS,2016-01-02,1.0,3.64,3.63,0.01,False
LFUS,2016-12-31,1.19,4.59,4.6,0.01,False
LFUS,2017-12-30,-0.48,5.19,5.21,0.02,False
LFUS,2018-12-29,1.29,6.51,6.52,0.01,False
LFUS,2019-12-28,0.92,5.59,5.6,0.01,False
LFUS,2020-12-26,2.37,5.25,5.29,0.04,False
LFUS,2022-01-01,2.08,11.39,11.38,0.01,False
LFUS,2022-12-31,3.73,14.93,14.94,0.01,False
LFUS,2023-12-30,1.71,10.34,10.34,0.0,False
LFUS,2024-12-28,-2.07,4.0,4.0,0.0,False
LFUS,2025-12-27,-9.97,-3.15,-2.89,0.26,True
LGIH,2014-12-31,0.34,1.33,1.33,0.0,False
LGIH,2015-12-31,0.73,2.48,2.44,0.04,False
LGIH,2016-12-31,0.99,3.38,3.41,0.03,False
LGIH,2017-12-31,1.39,4.7,4.73,0.03,False
LGIH,2018-12-31,1.71,6.23,6.24,0.01,False
LGIH,2019-12-31,2.52,7.0,7.02,0.02,False
LGIH,2020-12-31,5.35,12.75,12.76,0.01,False
LGIH,2021-12-31,4.54,17.25,17.25,0.0,False
LGIH,2022-12-31,1.45,13.75,13.76,0.01,False
LGIH,2023-12-31,2.2,8.43,8.42,0.01,False
LGIH,2024-12-31,2.16,8.31,8.3,0.01,False
LGIH,2025-12-31,0.75,3.13,3.12,0.01,False
LGND,2014-12-31,0.33,0.56,0.55,0.01,False
LGND,2015-12-31,0.29,10.72,12.12,1.4,True
LGND,2016-12-31,-0.18,-0.13,-0.08,0.05,False
LGND,2017-12-31,-0.29,0.55,0.53,0.02,False
LGND,2018-12-31,-1.6,-0.76,5.96,6.72,True
LGND,2019-12-31,-0.38,29.39,31.85,2.46,True
LGND,2020-12-31,0.37,-0.19,-0.18,0.01,False
LGND,2021-12-31,-0.31,3.33,3.31,0.02,False
LGND,2022-12-31,-1.05,-1.99,-1.98,0.01,False
LGND,2023-12-31,1.01,2.88,2.94,0.06,False
LGND,2024-12-31,-1.67,-0.19,-0.22,0.03,False
LGND,2025-12-31,2.09,5.8,6.13,0.33,True
LIF,2022-12-31,-0.2,-1.52,-1.5,0.02,False
LIF,2023-12-31,-0.05,-0.43,-0.42,0.01,False
LIF,2024-12-31,0.13,-0.07,-0.06,0.01,False
LIF,2025-12-31,1.49,1.73,1.77,0.04,False
LIVN,2016-12-31,-0.62,-1.3,-1.29,0.01,False
LIVN,2017-12-31,-2.28,-0.5,-0.52,0.02,False
LIVN,2018-12-31,-4.5,-4.07,-3.91,0.16,False
LIVN,2019-12-31,-2.98,-3.23,-3.21,0.02,False
LIVN,2020-12-31,-5.79,-7.13,-7.1,0.03,False
LIVN,2021-12-31,-0.1,-2.72,-2.68,0.04,False
LIVN,2022-12-31,0.03,-1.62,-1.61,0.01,False
LIVN,2023-12-31,0.3,0.32,0.32,0.0,False
LIVN,2024-12-31,1.01,1.13,1.16,0.03,False
LIVN,2025-12-31,0.57,-4.45,-4.45,0.0,False
LKFN,2014-12-31,0.66,2.62,2.61,0.01,False
LKFN,2015-12-31,0.73,2.76,2.75,0.01,False
LKFN,2017-12-31,0.45,2.24,2.23,0.01,False
LKFN,2018-12-31,0.83,3.12,3.13,0.01,False
LKFN,2019-12-31,0.86,3.38,3.38,0.0,False
LKFN,2020-12-31,0.96,3.29,3.3,0.01,False
LKFN,2021-12-31,0.95,3.74,3.74,0.0,False
LKFN,2022-12-31,1.01,4.04,4.04,0.0,False
LKFN,2023-12-31,1.15,3.64,3.65,0.01,False
LKFN,2024-12-31,0.94,3.63,3.63,0.0,False
LKFN,2025-12-31,1.16,4.01,4.01,0.0,False
LKQ,2014-12-31,0.26,1.24,1.25,0.01,False
LKQ,2015-12-31,0.31,1.38,1.38,0.0,False
LKQ,2016-12-31,0.28,1.5,1.5,0.0,False
LKQ,2017-12-31,0.4,1.72,1.72,0.0,False
LKQ,2018-12-31,0.11,1.52,1.52,0.0,False
LKQ,2019-12-31,0.46,1.74,1.74,0.0,False
LKQ,2020-12-31,0.59,2.09,2.09,0.0,False
LKQ,2021-12-31,0.81,3.66,3.66,0.0,False
LKQ,2022-12-31,0.72,4.11,4.13,0.02,False
LKQ,2023-12-31,0.66,3.5,3.49,0.01,False
LKQ,2024-12-31,0.6,2.62,2.62,0.0,False
LKQ,2025-12-31,0.26,2.36,2.35,0.01,False
LMAT,2014-12-31,0.11,0.23,0.23,0.0,False
LMAT,2015-12-31,0.13,0.42,0.42,0.0,False
LMAT,2016-12-31,0.13,0.55,0.55,0.0,False
LMAT,2017-12-31,0.21,0.85,0.86,0.01,False
LMAT,2018-12-31,0.3,1.13,1.13,0.0,False
LMAT,2019-12-31,0.23,0.88,0.88,0.0,False
LMAT,2020-12-31,0.34,1.04,1.04,0.0,False
LMAT,2021-12-31,0.28,1.26,1.25,0.01,False
LMAT,2022-12-31,0.25,0.93,0.93,0.0,False
LMAT,2023-12-31,0.38,1.34,1.34,0.0,False
LMAT,2024-12-31,0.49,1.94,1.93,0.01,False
LMAT,2025-12-31,0.72,2.55,2.52,0.03,False
LNC,2014-12-31,1.32,5.66,5.67,0.01,False
LNC,2015-12-31,1.13,4.5,4.51,0.01,False
LNC,2016-12-31,0.83,5.0,5.03,0.03,False
LNC,2017-12-31,3.64,9.21,9.22,0.01,False
LNC,2018-12-31,1.85,7.43,7.4,0.03,False
LNC,2019-12-31,2.18,4.36,4.38,0.02,False
LNC,2020-12-31,0.75,2.42,2.56,0.14,True
LNC,2021-12-31,1.21,7.39,7.43,0.04,False
LNC,2022-12-31,0.08,-13.35,-13.1,0.25,False
LNC,2023-12-31,-7.22,-4.86,-4.92,0.06,False
LNC,2024-12-31,9.59,18.34,18.41,0.07,False
LNC,2025-12-31,3.81,5.32,5.83,0.51,True
LNN,2015-08-31,-0.28,2.19,2.22,0.03,False
LNN,2016-08-31,0.73,1.88,1.85,0.03,False
LNN,2017-08-31,0.59,2.16,2.17,0.01,False
LNN,2018-08-31,0.46,1.88,1.88,0.0,False
LNN,2019-08-31,0.14,0.2,0.2,0.0,False
LNN,2020-08-31,1.35,3.56,3.56,0.0,False
LNN,2021-08-31,0.53,3.87,3.88,0.01,False
LNN,2022-08-31,1.62,5.94,5.94,0.0,False
LNN,2023-08-31,1.74,6.55,6.54,0.01,False
LNN,2024-08-31,1.17,6.02,6.01,0.01,False
LNN,2025-08-31,0.99,6.78,6.78,0.0,False
LNTH,2016-12-31,0.13,0.84,0.82,0.02,False
LNTH,2017-12-31,2.49,3.17,3.17,0.0,False
LNTH,2018-12-31,0.33,1.03,1.03,0.0,False
LNTH,2019-12-31,0.26,0.79,0.79,0.0,False
LNTH,2020-12-31,-0.05,-0.23,-0.25,0.02,False
LNTH,2021-12-31,-0.6,-1.06,-1.06,0.0,False
LNTH,2022-12-31,-1.68,0.4,0.4,0.0,False
LNTH,2023-12-31,1.43,4.6,4.65,0.05,False
LNTH,2024-12-31,-0.16,4.38,4.36,0.02,False
LNTH,2025-12-31,0.84,3.39,3.41,0.02,False
LOPE,2014-12-31,0.7,2.37,2.37,0.0,False
LOPE,2015-12-31,0.81,2.78,2.78,0.0,False
LOPE,2016-12-31,1.01,3.15,3.15,0.0,False
LOPE,2017-12-31,1.41,4.21,4.22,0.01,False
LOPE,2018-12-31,1.56,4.73,4.73,0.0,False
LOPE,2019-12-31,1.59,5.37,5.37,0.0,False
LOPE,2020-12-31,1.86,5.46,5.45,0.01,False
LOPE,2021-12-31,2.15,6.01,5.92,0.09,False
LOPE,2022-12-31,2.31,5.73,5.73,0.0,False
LOPE,2023-12-31,2.71,6.8,6.8,0.0,False
LOPE,2024-12-31,2.84,7.74,7.73,0.01,False
LOPE,2025-12-31,3.14,7.72,7.71,0.01,False
LPG,2016-03-31,0.36,2.29,2.29,0.0,False
LPG,2017-03-31,0.04,-0.02,-0.03,0.01,False
LPG,2018-03-31,-0.06,-0.37,-0.38,0.01,False
LPG,2019-03-31,-0.29,-0.93,-0.93,0.0,False
LPG,2020-03-31,0.56,2.07,2.07,0.0,False
LPG,2021-03-31,0.93,1.89,1.86,0.03,False
LPG,2022-03-31,0.88,1.78,1.78,0.0,False
LPG,2023-03-31,1.89,4.29,4.29,0.0,False
LPG,2024-03-31,1.96,7.6,7.6,0.0,False
LPG,2025-03-31,0.19,2.16,2.14,0.02,False
LPG,2026-03-31,1.9,4.55,4.54,0.01,False
LPX,2014-12-31,-0.31,-0.54,-0.53,0.01,False
LPX,2015-12-31,-0.05,-0.62,-0.62,0.0,False
LPX,2016-12-31,0.29,1.03,1.03,0.0,False
LPX,2017-12-31,0.89,2.67,2.66,0.01,False
LPX,2018-12-31,0.12,2.71,2.73,0.02,False
LPX,2019-12-31,-0.45,-0.09,-0.04,0.05,False
LPX,2020-12-31,2.35,4.5,4.46,0.04,False
LPX,2021-12-31,2.18,13.95,14.09,0.14,False
LPX,2022-12-31,-0.11,13.27,13.87,0.6,False
LPX,2023-12-31,0.82,2.46,2.46,0.0,False
LPX,2024-12-31,0.9,5.89,5.89,0.0,False
LPX,2025-12-31,-0.11,2.09,2.08,0.01,False
LQDA,2020-12-31,-0.39,-1.8,-1.76,0.04,False
LQDA,2021-12-31,-0.22,-0.7,-0.7,0.0,False
LQDA,2022-12-31,-0.1,-0.69,-0.67,0.02,False
LQDA,2023-12-31,-0.42,-1.2,-1.21,0.01,False
LQDA,2024-12-31,-0.45,-1.66,-1.66,0.0,False
LQDA,2025-12-31,0.17,-0.81,-0.8,0.01,False
LQDT,2015-09-30,-1.46,-3.5,-3.5,0.0,False
LQDT,2016-09-30,-1.75,-1.95,-1.96,0.01,False
LQDT,2019-09-30,-0.16,-0.58,-0.58,0.0,False
LQDT,2020-09-30,0.16,-0.11,-0.11,0.0,False
LQDT,2021-09-30,0.96,1.48,1.45,0.03,False
LQDT,2022-09-30,0.25,1.2,1.2,0.0,False
LQDT,2023-09-30,0.2,0.66,0.65,0.01,False
LQDT,2024-09-30,0.2,0.63,0.63,0.0,False
LQDT,2025-09-30,0.24,0.87,0.87,0.0,False
LRN,2016-06-30,-0.02,0.24,0.23,0.01,False
LRN,2017-06-30,-0.16,0.01,0.01,0.0,False
LRN,2018-06-30,0.22,0.66,0.68,0.02,False
LRN,2019-06-30,0.08,0.89,0.91,0.02,False
LRN,2020-06-30,0.11,0.6,0.6,0.0,False
LRN,2021-06-30,0.25,1.72,1.71,0.01,False
LRN,2022-06-30,0.62,2.49,2.52,0.03,False
LRN,2023-06-30,1.0,2.95,2.97,0.02,False
LRN,2024-06-30,1.43,4.68,4.69,0.01,False
LRN,2025-06-30,0.96,5.95,5.95,0.0,False
LRN,2026-06-30,1.72,7.17,7.14,0.03,False
LSCC,2015-01-03,0.13,0.41,0.4,0.01,False
LSCC,2016-01-02,-0.38,-1.35,-1.36,0.01,False
LSCC,2016-12-31,-0.07,-0.46,-0.45,0.01,False
LSCC,2017-12-30,-0.06,-0.58,-0.58,0.0,False
LSCC,2018-12-29,-0.06,-0.22,-0.21,0.01,False
LSCC,2019-12-28,0.1,0.31,0.32,0.01,False
LSCC,2021-01-02,0.11,0.34,0.34,0.0,False
LSCC,2022-01-01,0.2,0.67,0.67,0.0,False
LSCC,2022-12-31,0.37,1.28,1.27,0.01,False
LSCC,2023-12-30,0.71,1.85,1.85,0.0,False
LSCC,2024-12-28,0.12,0.44,0.44,0.0,False
LSCC,2026-01-03,-0.06,0.02,0.02,0.0,False
LSTR,2014-12-27,0.86,3.09,3.07,0.02,False
LSTR,2015-12-26,0.88,3.37,3.37,0.0,False
LSTR,2016-12-31,0.94,3.25,3.25,0.0,False
LSTR,2017-12-30,1.54,4.21,4.21,0.0,False
LSTR,2018-12-29,1.68,6.19,6.18,0.01,False
LSTR,2019-12-28,1.27,5.73,5.72,0.01,False
LSTR,2020-12-26,1.7,4.98,4.98,0.0,False
LSTR,2021-12-25,2.99,9.98,9.98,0.0,False
LSTR,2022-12-31,2.6,11.75,11.76,0.01,False
LSTR,2023-12-30,1.62,7.35,7.36,0.01,False
LSTR,2024-12-28,1.31,5.52,5.51,0.01,False
LSTR,2025-12-27,0.7,3.31,3.31,0.0,False
LTC,2014-12-31,0.57,1.99,1.99,0.0,False
LTC,2015-12-31,0.48,1.95,1.94,0.01,False
LTC,2016-12-31,0.52,2.2,2.21,0.01,False
LTC,2017-12-31,0.5,2.2,2.2,0.0,False
LTC,2018-12-31,0.76,3.88,3.89,0.01,False
LTC,2019-12-31,0.32,2.02,2.02,0.0,False
LTC,2020-12-31,0.45,2.41,2.42,0.01,False
LTC,2021-12-31,0.33,1.42,1.41,0.01,False
LTC,2022-12-31,0.44,2.48,2.48,0.0,False
LTC,2023-12-31,0.67,2.16,2.16,0.0,False
LTC,2024-12-31,0.39,2.05,2.04,0.01,False
LTC,2025-12-31,2.11,2.44,2.52,0.08,False
LTH,2021-12-31,-1.64,-3.65,-3.73,0.08,False
LTH,2022-12-31,0.07,-0.02,-0.01,0.01,False
LTH,2023-12-31,0.12,0.38,0.37,0.01,False
LTH,2024-12-31,0.17,0.74,0.74,0.0,False
LTH,2025-12-31,0.54,1.65,1.66,0.01,False
LUMN,2014-12-31,0.33,1.35,1.36,0.01,False
LUMN,2015-12-31,0.62,1.59,1.58,0.01,False
LUMN,2016-12-31,0.08,1.16,1.16,0.0,False
LUMN,2017-12-31,1.26,1.76,2.21,0.45,True
LUMN,2018-12-31,-2.29,-1.66,-1.63,0.03,False
LUMN,2019-12-31,0.21,-4.93,-4.92,0.01,False
LUMN,2020-12-31,-2.15,-1.17,-1.14,0.03,False
LUMN,2021-12-31,0.5,1.91,1.91,0.0,False
LUMN,2022-12-31,-3.13,-1.63,-1.54,0.09,True
LUMN,2023-12-31,-2.03,-10.47,-10.48,0.01,False
LUMN,2024-12-31,0.09,-0.05,-0.06,0.01,False
LUMN,2025-12-31,-0.0,-1.74,-1.75,0.01,False
LW,2017-05-28,0.52,2.22,2.22,0.0,False
LW,2018-05-27,0.68,2.82,2.82,0.0,False
LW,2019-05-26,0.75,3.17,3.18,0.01,False
LW,2020-05-31,-0.01,2.49,2.49,0.0,False
LW,2021-05-30,0.45,2.17,2.16,0.01,False
LW,2022-05-29,0.22,1.37,1.38,0.01,False
LW,2023-05-28,3.4,6.92,6.95,0.03,False
LW,2024-05-26,0.89,4.98,4.98,0.0,False
LW,2025-05-25,0.85,2.51,2.5,0.01,False
LW,2026-05-31,0.8,2.09,2.08,0.01,False
LXP,2014-12-31,0.15,0.37,0.38,0.01,False
LXP,2015-12-31,0.15,0.46,0.45,0.01,False
LXP,2016-12-31,0.09,0.42,0.37,0.05,True
LXP,2017-12-31,0.12,0.33,0.33,0.0,False
LXP,2018-12-31,0.08,0.9,0.93,0.03,False
LXP,2019-12-31,0.34,1.13,1.15,0.02,False
LXP,2020-12-31,0.38,0.65,0.66,0.01,False
LXP,2021-12-31,0.84,1.26,1.34,0.08,True
LXP,2022-12-31,0.13,0.38,0.38,0.0,False
LXP,2023-12-31,0.04,0.08,0.08,0.0,False
LXP,2024-12-31,0.11,0.13,0.13,0.0,False
LYFT,2019-12-31,-1.17,-53.5,-11.44,42.06,True
LYFT,2020-12-31,-1.43,-5.61,-5.61,0.0,False
LYFT,2021-12-31,-0.83,-3.2,-3.02,0.18,True
LYFT,2022-12-31,-1.61,-4.44,-4.47,0.03,False
LYFT,2023-12-31,-0.07,-0.9,-0.88,0.02,False
LYFT,2024-12-31,0.14,0.04,0.06,0.02,False
LYFT,2025-12-31,6.7,6.92,6.81,0.11,False
LZ,2021-12-31,-0.13,-0.72,-0.67,0.05,True
LZ,2022-12-31,0.03,-0.22,-0.25,0.03,False
LZ,2023-12-31,0.04,0.08,0.07,0.01,False
LZ,2024-12-31,0.07,0.16,0.16,0.0,False
LZ,2025-12-31,0.03,0.08,0.08,0.0,False
LZB,2015-04-25,0.39,1.35,1.34,0.01,False
LZB,2016-04-30,0.45,1.56,1.55,0.01,False
LZB,2017-04-29,0.56,1.73,1.73,0.0,False
LZB,2018-04-28,0.71,1.67,1.67,0.0,False
LZB,2019-04-27,0.03,1.45,1.44,0.01,False
LZB,2020-04-25,0.05,1.65,1.66,0.01,False
LZB,2021-04-24,0.81,2.28,2.3,0.02,False
LZB,2022-04-30,1.32,3.4,3.39,0.01,False
LZB,2023-04-29,0.79,3.49,3.48,0.01,False
LZB,2024-04-27,0.91,2.83,2.83,0.0,False
LZB,2025-04-26,0.35,2.35,2.35,0.0,False
LZB,2026-04-25,0.81,2.47,2.47,0.0,False
M,2015-01-31,2.26,4.27,4.22,0.05,False
M,2016-01-30,1.73,3.29,3.22,0.07,False
M,2017-01-28,1.54,1.99,1.99,0.0,False
M,2018-02-03,4.31,5.04,5.04,0.0,False
M,2019-02-02,2.37,3.55,3.56,0.01,False
M,2020-02-01,1.09,1.82,1.81,0.01,False
M,2021-01-30,0.51,-12.7,-12.68,0.02,False
M,2022-01-29,2.44,4.6,4.55,0.05,False
M,2023-01-28,1.83,4.19,4.19,0.0,False
M,2024-02-03,-0.25,0.38,0.38,0.0,False
M,2025-02-01,1.21,2.06,2.07,0.01,False
M,2026-01-31,1.84,2.32,2.32,0.0,False
MAC,2014-12-31,9.51,10.0,10.45,0.45,False
MAC,2015-12-31,2.65,3.1,3.08,0.02,False
MAC,2016-12-31,0.26,3.42,3.52,0.1,False
MAC,2017-12-31,0.23,1.02,1.02,0.0,False
MAC,2018-12-31,0.08,0.41,0.42,0.01,False
MAC,2019-12-31,0.19,0.68,0.68,0.0,False
MAC,2020-12-31,-1.27,-1.55,-1.58,0.03,False
MAC,2021-12-31,-0.08,-0.04,0.07,0.11,True
MAC,2022-12-31,0.01,-0.3,-0.31,0.01,False
MAC,2023-12-31,0.29,-1.27,-1.28,0.01,False
MAC,2024-12-31,-0.89,-0.82,-0.88,0.06,True
MAC,2025-12-31,-0.07,-0.77,-0.78,0.01,False
MAN,2014-12-31,1.48,5.3,5.3,0.0,False
MAN,2015-12-31,1.65,5.42,5.4,0.02,False
MAN,2016-12-31,1.86,6.31,6.27,0.04,False
MAN,2017-12-31,3.2,8.05,8.04,0.01,False
MAN,2018-12-31,2.54,8.59,8.56,0.03,False
MAN,2019-12-31,2.33,7.74,7.72,0.02,False
MAN,2020-12-31,1.33,0.43,0.41,0.02,False
MAN,2021-12-31,2.01,6.91,6.91,0.0,False
MAN,2022-12-31,0.95,7.05,7.08,0.03,False
MAN,2023-12-31,-1.72,1.68,1.76,0.08,False
MAN,2024-12-31,0.47,2.99,3.01,0.02,False
MAN,2025-12-31,0.66,-0.28,-0.29,0.01,False
MANH,2015-12-31,0.36,1.4,1.4,0.0,False
MANH,2016-12-31,0.42,1.73,1.72,0.01,False
MANH,2017-12-31,0.36,1.68,1.68,0.0,False
MANH,2018-12-31,0.4,1.58,1.58,0.0,False
MANH,2019-12-31,0.26,1.32,1.32,0.0,False
MANH,2020-12-31,0.32,1.36,1.36,0.0,False
MANH,2021-12-31,0.32,1.72,1.72,0.0,False
MANH,2022-12-31,0.6,2.04,2.03,0.01,False
MANH,2023-12-31,0.77,2.81,2.82,0.01,False
MANH,2024-12-31,0.77,3.51,3.51,0.0,False
MANH,2025-12-31,0.86,3.6,3.6,0.0,False
MARA,2016-12-31,-1.8,-1.99,-1.89,0.1,True
MARA,2020-12-31,-0.06,-0.37,-0.13,0.24,True
MARA,2021-12-31,0.11,-0.33,-0.36,0.03,False
MARA,2022-12-31,-3.14,-5.67,-6.12,0.45,True
MARA,2024-12-31,1.29,1.41,1.72,0.31,True
MARA,2025-12-31,-10.37,-9.81,-3.69,6.12,True
MAT,2014-12-31,0.44,1.46,1.45,0.01,False
MAT,2015-12-31,0.63,1.09,1.08,0.01,False
MAT,2016-12-31,0.49,0.9,0.92,0.02,False
MAT,2017-12-31,-0.82,-3.06,-3.07,0.01,False
MAT,2018-12-31,0.03,-1.55,-1.54,0.01,False
MAT,2019-12-31,0.0,-0.62,-0.62,0.0,False
MAT,2020-12-31,0.37,0.36,0.36,0.0,False
MAT,2021-12-31,0.6,2.49,2.53,0.04,False
MAT,2022-12-31,0.04,1.08,1.1,0.02,False
MAT,2023-12-31,0.41,0.6,0.6,0.0,False
MAT,2024-12-31,0.41,1.59,1.58,0.01,False
MAT,2025-12-31,0.34,1.26,1.24,0.02,False
MATW,2015-09-30,0.51,1.91,1.91,0.0,False
MATW,2016-09-30,0.73,2.03,2.03,0.0,False
MATW,2017-09-30,0.6,2.29,2.28,0.01,False
MATW,2018-09-30,0.93,3.37,3.37,0.0,False
MATW,2019-09-30,-2.31,-1.27,-1.21,0.06,False
MATW,2020-09-30,0.24,-2.8,-2.79,0.01,False
MATW,2021-09-30,-0.12,0.08,0.09,0.01,False
MATW,2022-09-30,-2.65,-3.24,-3.18,0.06,False
MATW,2023-09-30,0.56,1.25,1.26,0.01,False
MATW,2024-09-30,-2.25,-1.97,-1.93,0.04,False
MATW,2025-09-30,-0.9,-0.81,-0.79,0.02,False
MATX,2014-12-31,0.64,1.64,1.63,0.01,False
MATX,2015-12-31,0.6,2.34,2.34,0.0,False
MATX,2016-12-31,0.44,1.85,1.85,0.0,False
MATX,2017-12-31,3.89,5.39,5.37,0.02,False
MATX,2018-12-31,0.48,2.54,2.53,0.01,False
MATX,2019-12-31,0.36,1.92,1.91,0.01,False
MATX,2020-12-31,1.95,4.43,4.44,0.01,False
MATX,2021-12-31,9.44,21.67,21.47,0.2,False
MATX,2022-12-31,2.09,26.7,27.07,0.37,False
MATX,2023-12-31,1.76,8.36,8.32,0.04,False
MATX,2024-12-31,3.74,13.98,13.93,0.05,False
MATX,2025-12-31,4.56,13.9,13.81,0.09,False
MBC,2023-12-31,0.28,1.4,1.4,0.0,False
MBC,2024-12-29,0.11,0.97,0.96,0.01,False
MBC,2025-12-28,-0.33,0.2,0.21,0.01,False
MBIN,2017-12-31,0.73,2.23,2.28,0.05,False
MBIN,2018-12-31,0.51,2.08,2.07,0.01,False
MBIN,2019-12-31,0.92,2.37,2.37,0.0,False
MBIN,2020-12-31,1.95,5.78,5.77,0.01,False
MBIN,2021-12-31,1.14,5.29,4.76,0.53,True
MBIN,2023-12-31,1.58,5.64,5.64,0.0,False
MBIN,2024-12-31,1.85,6.31,6.3,0.01,False
MBIN,2025-12-31,1.28,3.78,3.78,0.0,False
MCRI,2014-12-31,0.22,0.83,0.83,0.0,False
MCRI,2015-12-31,0.29,1.19,1.19,0.0,False
MCRI,2016-12-31,0.36,1.39,1.39,0.0,False
MCRI,2017-12-31,0.23,1.39,1.39,0.0,False
MCRI,2018-12-31,0.39,1.83,1.83,0.0,False
MCRI,2019-12-31,0.33,1.71,1.7,0.01,False
MCRI,2020-12-31,0.78,1.22,1.25,0.03,False
MCRI,2021-12-31,1.02,3.52,3.53,0.01,False
MCRI,2022-12-31,1.14,4.46,4.47,0.01,False
MCRI,2023-12-31,0.93,4.2,4.2,0.0,False
MCRI,2024-12-31,0.23,3.82,3.84,0.02,False
MCRI,2025-12-31,1.25,5.43,5.43,0.0,False
MCY,2014-12-31,-0.38,3.24,3.23,0.01,False
MCY,2015-12-31,0.42,1.34,1.35,0.01,False
MCY,2016-12-31,-0.47,1.32,1.32,0.0,False
MCY,2017-12-31,0.36,2.62,2.62,0.0,False
MCY,2018-12-31,-1.48,-0.1,-0.1,0.0,False
MCY,2019-12-31,0.57,5.77,5.78,0.01,False
MCY,2020-12-31,3.01,6.77,6.77,0.0,False
MCY,2021-12-31,0.55,4.47,4.48,0.01,False
MCY,2022-12-31,-0.12,-9.26,-9.26,0.0,False
MCY,2023-12-31,3.46,1.74,1.74,0.0,False
MCY,2024-12-31,1.82,8.45,8.45,0.0,False
MCY,2025-12-31,3.66,9.77,9.77,0.0,False
MD,2014-12-31,0.89,3.17,3.18,0.01,False
MD,2015-12-31,0.99,3.58,3.58,0.0,False
MD,2016-12-31,0.84,3.5,3.49,0.01,False
MD,2017-12-31,1.46,3.45,3.45,0.0,False
MD,2018-12-31,0.68,2.93,2.93,0.0,False
MD,2019-12-31,0.11,-18.04,-17.94,0.1,False
MD,2020-12-31,-0.77,-9.52,-9.55,0.03,False
MD,2021-12-31,0.55,1.53,1.53,0.0,False
MD,2022-12-31,0.36,0.8,0.79,0.01,False
MD,2023-12-31,-1.54,-0.77,0.73,1.5,True
MD,2024-12-31,0.37,-1.19,-1.19,0.0,False
MD,2025-12-31,0.4,1.94,1.94,0.0,False
MDU,2014-12-31,0.44,1.55,1.55,0.0,False
MDU,2015-12-31,0.27,-3.2,-3.2,0.0,False
MDU,2016-12-31,0.34,0.33,0.33,0.0,False
MDU,2017-12-31,0.59,1.44,1.43,0.01,False
MDU,2018-12-31,0.4,1.39,1.39,0.0,False
MDU,2019-12-31,0.47,1.68,1.69,0.01,False
MDU,2020-12-31,0.56,1.95,1.95,0.0,False
MDU,2021-12-31,0.42,1.86,1.87,0.01,False
MDU,2022-12-31,0.58,1.82,1.81,0.01,False
MDU,2023-12-31,0.84,2.04,2.03,0.01,False
MDU,2024-12-31,0.27,1.38,1.37,0.01,False
MDU,2025-12-31,0.37,0.93,0.93,0.0,False
MEDP,2016-12-31,-0.0,0.39,0.37,0.02,False
MEDP,2017-12-31,0.3,0.98,0.98,0.0,False
MEDP,2018-12-31,0.61,1.98,1.97,0.01,False
MEDP,2019-12-31,0.79,2.66,2.67,0.01,False
MEDP,2020-12-31,1.34,3.83,3.84,0.01,False
MEDP,2021-12-31,1.32,4.81,4.81,0.0,False
MEDP,2022-12-31,2.12,7.32,7.28,0.04,False
MEDP,2023-12-31,2.45,8.87,8.88,0.01,False
MEDP,2024-12-31,3.67,12.63,12.63,0.0,False
MEDP,2025-12-31,4.67,15.3,15.28,0.02,False
MGEE,2019-12-31,0.48,2.5,2.51,0.01,False
MGEE,2020-12-31,0.44,2.6,2.6,0.0,False
MGEE,2021-12-31,0.36,2.93,2.92,0.01,False
MGEE,2022-12-31,0.58,3.06,3.07,0.01,False
MGEE,2023-12-31,0.55,3.25,3.25,0.0,False
MGEE,2024-12-31,0.61,3.33,3.33,0.0,False
MGEE,2025-12-31,0.64,3.72,3.72,0.0,False
MHK,2014-12-31,2.0,7.25,7.25,0.0,False
MHK,2015-12-31,2.57,8.29,8.31,0.02,False
MHK,2016-12-31,3.13,12.47,12.48,0.01,False
MHK,2017-12-31,3.21,12.98,12.98,0.0,False
MHK,2018-12-31,3.05,11.47,11.47,0.0,False
MHK,2019-12-31,3.71,10.32,10.3,0.02,False
MHK,2020-12-31,3.48,7.21,7.22,0.01,False
MHK,2021-12-31,2.8,14.91,14.94,0.03,False
MHK,2022-12-31,0.52,0.3,0.39,0.09,True
MHK,2023-12-31,2.21,-6.89,-6.9,0.01,False
MHK,2024-12-31,1.48,8.13,8.14,0.01,False
MHK,2025-12-31,0.68,5.92,5.93,0.01,False
MHO,2014-12-31,0.36,1.65,1.65,0.0,False
MHO,2015-12-31,0.43,1.68,1.68,0.0,False
MHO,2016-12-31,0.67,1.84,1.84,0.0,False
MHO,2017-12-31,0.53,2.27,2.26,0.01,False
MHO,2018-12-31,1.15,3.72,3.7,0.02,False
MHO,2019-12-31,1.43,4.46,4.48,0.02,False
MHO,2020-12-31,2.72,8.21,8.23,0.02,False
MHO,2021-12-31,3.82,13.28,13.28,0.0,False
MHO,2022-12-31,4.66,17.28,17.24,0.04,False
MHO,2023-12-31,3.62,16.2,16.21,0.01,False
MHO,2024-12-31,4.71,19.71,19.71,0.0,False
MHO,2025-12-31,2.39,14.71,14.74,0.03,False
MIDD,2016-01-02,0.88,3.36,3.36,0.0,False
MIDD,2016-12-31,1.41,4.98,4.98,0.0,False
MIDD,2017-12-30,1.35,5.25,5.26,0.01,False
MIDD,2018-12-29,1.7,5.7,5.7,0.0,False
MIDD,2019-12-28,1.96,6.33,6.33,0.0,False
MIDD,2021-01-02,0.94,3.76,3.76,0.0,False
MIDD,2022-01-01,1.8,8.61,8.62,0.01,False
MIDD,2022-12-31,2.45,7.96,7.95,0.01,False
MIDD,2023-12-30,1.42,7.41,7.41,0.0,False
MIDD,2024-12-28,2.07,7.9,7.9,0.0,False
MIDD,2026-01-03,0.74,-5.66,-5.32,0.34,True
MIR,2023-12-31,-0.08,-0.5,-0.49,0.01,False
MIR,2024-12-31,0.07,-0.19,-0.18,0.01,False
MIR,2025-12-31,0.05,0.09,0.11,0.02,False
MKSI,2014-12-31,0.64,2.17,2.16,0.01,False
MKSI,2015-12-31,0.48,2.29,2.28,0.01,False
MKSI,2016-12-31,0.83,1.93,1.94,0.01,False
MKSI,2017-12-31,1.41,6.16,6.16,0.0,False
MKSI,2018-12-31,1.32,7.14,7.14,0.0,False
MKSI,2019-12-31,0.77,2.55,2.55,0.0,False
MKSI,2020-12-31,2.09,6.33,6.33,0.0,False
MKSI,2021-12-31,2.69,9.9,9.9,0.0,False
MKSI,2022-12-31,0.81,5.79,5.56,0.23,False
MKSI,2023-12-31,-1.04,-27.57,-27.54,0.03,False
MKSI,2024-12-31,1.34,2.81,2.81,0.0,False
MKSI,2025-12-31,1.57,4.36,4.37,0.01,False
MKTX,2014-12-31,0.57,1.97,1.97,0.0,False
MKTX,2015-12-31,0.65,2.54,2.55,0.01,False
MKTX,2016-12-31,0.88,3.35,3.34,0.01,False
MKTX,2017-12-31,0.88,3.89,3.89,0.0,False
MKTX,2018-12-31,1.21,4.57,4.57,0.0,False
MKTX,2019-12-31,1.32,5.4,5.4,0.0,False
MKTX,2020-12-31,1.91,7.85,7.85,0.0,False
MKTX,2021-12-31,1.37,6.77,6.77,0.0,False
MKTX,2022-12-31,1.58,6.65,6.65,0.0,False
MKTX,2023-12-31,1.84,6.85,6.85,0.0,False
MKTX,2024-12-31,1.73,7.27,7.28,0.01,False
MKTX,2025-12-31,2.51,6.66,6.64,0.02,False
MLI,2015-12-26,0.25,1.54,1.54,0.0,False
MLI,2016-12-31,0.3,1.74,1.74,0.0,False
MLI,2017-12-30,0.1,1.49,1.49,0.0,False
MLI,2018-12-29,0.47,1.82,1.82,0.0,False
MLI,2019-12-28,0.5,1.8,1.79,0.01,False
MLI,2020-12-26,0.64,2.47,2.47,0.0,False
MLI,2021-12-25,2.21,8.25,8.25,0.0,False
MLI,2022-12-31,2.46,11.63,11.64,0.01,False
MLI,2024-12-28,1.21,5.31,5.31,0.0,False
MLI,2025-12-27,1.38,6.87,6.86,0.01,False
MLKN,2015-05-30,0.39,1.62,1.62,0.0,False
MLKN,2016-05-28,0.67,2.26,2.26,0.0,False
MLKN,2017-06-03,0.55,2.05,2.05,0.0,False
MLKN,2018-06-02,0.53,2.12,2.12,0.0,False
MLKN,2019-06-01,0.78,2.7,2.7,0.0,False
MLKN,2020-05-30,-3.0,-0.23,-0.15,0.08,True
MLKN,2021-05-29,0.12,2.93,2.92,0.01,False
MLKN,2022-05-28,0.29,-0.47,-0.37,0.1,True
MLKN,2023-06-03,-0.0,0.56,0.55,0.01,False
MLKN,2024-06-01,0.14,1.11,1.11,0.0,False
MLKN,2025-05-31,-0.85,-0.57,-0.54,0.03,False
MLKN,2026-05-30,0.34,1.32,1.32,0.0,False
MMI,2014-12-31,0.42,1.27,1.27,0.0,False
MMI,2015-12-31,0.51,1.7,1.69,0.01,False
MMI,2016-12-31,0.44,1.66,1.66,0.0,False
MMI,2017-12-31,0.22,1.32,1.32,0.0,False
MMI,2018-12-31,0.67,2.22,2.22,0.0,False
MMI,2019-12-31,0.52,1.95,1.95,0.0,False
MMI,2020-12-31,0.59,1.07,1.08,0.01,False
MMI,2021-12-31,1.54,3.53,3.55,0.02,False
MMI,2022-12-31,0.2,2.58,2.59,0.01,False
MMI,2023-12-31,-0.27,-0.89,-0.88,0.01,False
MMI,2024-12-31,0.22,-0.32,-0.32,0.0,False
MMI,2025-12-31,0.34,-0.04,-0.05,0.01,False
MMS,2015-09-30,0.52,2.35,2.35,0.0,False
MMS,2016-09-30,0.76,2.69,2.69,0.0,False
MMS,2017-09-30,0.81,3.18,3.17,0.01,False
MMS,2018-09-30,0.71,3.35,3.35,0.0,False
MMS,2019-09-30,0.93,3.72,3.72,0.0,False
MMS,2020-09-30,1.02,3.4,3.39,0.01,False
MMS,2021-09-30,0.83,4.66,4.67,0.01,False
MMS,2022-09-30,1.13,3.29,3.29,0.0,False
MMS,2023-09-30,0.96,2.63,2.63,0.0,False
MMS,2024-09-30,1.18,4.99,4.99,0.0,False
MMS,2025-09-30,1.31,5.55,5.51,0.04,False
MMSI,2014-12-31,0.2,0.54,0.53,0.01,False
MMSI,2015-12-31,0.14,0.54,0.53,0.01,False
MMSI,2016-12-31,0.17,0.45,0.45,0.0,False
MMSI,2017-12-31,0.13,0.57,0.55,0.02,False
MMSI,2018-12-31,0.16,0.77,0.78,0.01,False
MMSI,2019-12-31,-0.07,0.1,0.1,0.0,False
MMSI,2020-12-31,0.28,-0.17,-0.18,0.01,False
MMSI,2021-12-31,0.36,0.85,0.84,0.01,False
MMSI,2022-12-31,0.58,1.3,1.29,0.01,False
MMSI,2023-12-31,0.47,1.62,1.62,0.0,False
MMSI,2024-12-31,0.46,2.03,2.03,0.0,False
MMSI,2025-12-31,0.63,2.12,2.13,0.01,False
MOG-A,2015-10-03,0.75,3.35,3.35,0.0,False
MOG-A,2016-10-01,0.92,3.48,3.47,0.01,False
MOG-A,2017-09-30,1.07,3.9,3.9,0.0,False
MOG-A,2018-09-29,1.14,2.7,2.68,0.02,False
MOG-A,2019-09-28,1.31,5.11,5.11,0.0,False
MOG-A,2020-10-03,-2.39,0.14,0.28,0.14,True
MOG-A,2021-10-02,1.07,4.87,4.87,0.0,False
MOG-A,2022-10-01,0.92,4.84,4.83,0.01,False
MOG-A,2023-09-30,1.23,5.33,5.34,0.01,False
MOG-A,2024-09-28,1.33,6.41,6.4,0.01,False
MOG-A,2025-09-27,2.07,7.39,7.33,0.06,False
MOH,2014-12-31,0.69,1.27,1.29,0.02,False
MOH,2015-12-31,0.5,2.55,2.58,0.03,False
MOH,2016-12-31,-0.84,0.93,0.92,0.01,False
MOH,2017-12-31,-4.76,-9.19,-9.07,0.12,False
MOH,2018-12-31,3.02,10.58,10.61,0.03,False
MOH,2019-12-31,2.67,11.47,11.47,0.0,False
MOH,2020-12-31,0.57,11.24,11.23,0.01,False
MOH,2021-12-31,1.75,11.26,11.25,0.01,False
MOH,2022-12-31,0.96,13.55,13.55,0.0,False
MOH,2023-12-31,3.7,18.78,18.77,0.01,False
MOH,2024-12-31,4.43,20.42,20.42,0.0,False
MOH,2025-12-31,-3.16,8.55,8.92,0.37,False
MORN,2014-12-31,0.7,1.73,1.74,0.01,False
MORN,2015-12-31,0.85,3.0,3.0,0.0,False
MORN,2016-12-31,1.62,3.72,3.72,0.0,False
MORN,2017-12-31,0.91,3.19,3.18,0.01,False
MORN,2018-12-31,0.99,4.26,4.25,0.01,False
MORN,2019-12-31,0.63,3.52,3.52,0.0,False
MORN,2020-12-31,1.75,5.18,5.18,0.0,False
MORN,2021-12-31,1.3,4.46,4.45,0.01,False
MORN,2022-12-31,0.08,1.63,1.64,0.01,False
MORN,2023-12-31,1.71,3.28,3.29,0.01,False
MORN,2024-12-31,2.71,8.57,8.58,0.01,False
MORN,2025-12-31,2.81,8.89,8.87,0.02,False
MP,2021-12-31,0.25,0.72,0.73,0.01,False
MP,2022-12-31,0.35,1.51,1.52,0.01,False
MP,2023-12-31,-0.1,0.12,0.14,0.02,False
MP,2025-12-31,0.05,-0.52,-0.5,0.02,False
MPT,2014-12-31,0.09,0.29,0.29,0.0,False
MPT,2015-12-31,0.25,0.63,0.63,0.0,False
MPT,2016-12-31,0.13,0.87,0.86,0.01,False
MPT,2017-12-31,0.2,0.83,0.82,0.01,False
MPT,2018-12-31,0.21,2.76,2.76,0.0,False
MPT,2019-12-31,0.26,0.86,0.87,0.01,False
MPT,2020-12-31,0.2,0.82,0.81,0.01,False
MPT,2021-12-31,0.35,1.11,1.11,0.0,False
MPT,2022-12-31,-0.23,1.51,1.5,0.01,False
MPT,2023-12-31,-1.11,-0.94,-0.93,0.01,False
MPT,2024-12-31,-0.69,-4.03,-4.02,0.01,False
MPT,2025-12-31,0.03,-0.46,-0.46,0.0,False
MRCY,2015-06-30,0.18,0.32,0.31,0.01,False
MRCY,2016-06-30,0.19,0.54,0.56,0.02,False
MRCY,2017-06-30,0.19,0.58,0.58,0.0,False
MRCY,2018-06-30,0.21,0.86,0.86,0.0,False
MRCY,2019-06-30,0.25,0.96,0.96,0.0,False
MRCY,2020-07-03,0.49,1.56,1.56,0.0,False
MRCY,2021-07-02,0.32,1.12,1.12,0.0,False
MRCY,2022-07-01,0.3,0.19,0.2,0.01,False
MRCY,2023-06-30,-0.14,-0.5,-0.5,0.0,False
MRCY,2024-06-28,-0.18,-2.38,-2.38,0.0,False
MRCY,2025-06-27,0.28,-0.65,-0.65,0.0,False
MRCY,2026-07-03,0.01,-0.5,-0.5,0.0,False
MRP,2025-12-31,0.74,2.44,2.44,0.0,False
MRTN,2014-12-31,0.27,0.9,0.89,0.01,False
MRTN,2015-12-31,0.26,1.06,1.06,0.0,False
MRTN,2016-12-31,0.25,1.02,1.02,0.0,False
MRTN,2018-12-31,0.29,1.01,1.0,0.01,False
MRTN,2019-12-31,0.29,1.12,1.11,0.01,False
MRTN,2021-12-31,0.3,1.04,1.02,0.02,False
MRTN,2022-12-31,0.31,1.35,1.35,0.0,False
MRTN,2023-12-31,0.15,0.87,0.86,0.01,False
MRTN,2024-12-31,0.07,0.34,0.33,0.01,False
MRTN,2025-12-31,0.05,0.22,0.21,0.01,False
MSA,2014-12-31,0.86,2.33,2.33,0.0,False
MSA,2015-12-31,0.56,1.87,1.87,0.0,False
MSA,2016-12-31,0.65,2.41,2.42,0.01,False
MSA,2017-12-31,-0.85,0.67,0.67,0.0,False
MSA,2018-12-31,0.64,3.18,3.18,0.0,False
MSA,2019-12-31,0.79,3.47,3.52,0.05,False
MSA,2020-12-31,0.31,3.05,3.15,0.1,False
MSA,2021-12-31,-1.55,0.55,0.54,0.01,False
MSA,2022-12-31,1.31,4.56,4.56,0.0,False
MSA,2023-12-31,1.92,1.44,1.48,0.04,False
MSA,2024-12-31,2.22,7.21,7.21,0.0,False
MSA,2025-12-31,2.21,7.08,7.09,0.01,False
MSEX,2014-12-31,0.23,1.14,1.13,0.01,False
MSEX,2015-12-31,0.28,1.22,1.22,0.0,False
MSEX,2016-12-31,0.19,1.38,1.38,0.0,False
MSEX,2017-12-31,0.32,1.38,1.38,0.0,False
MSEX,2018-12-31,0.42,1.95,1.96,0.01,False
MSEX,2019-12-31,0.47,2.01,2.01,0.0,False
MSEX,2020-12-31,0.47,2.18,2.18,0.0,False
MSEX,2021-12-31,0.41,2.07,2.07,0.0,False
MSEX,2022-12-31,0.4,2.38,2.39,0.01,False
MSEX,2023-12-31,0.32,1.76,1.76,0.0,False
MSEX,2024-12-31,0.49,2.47,2.47,0.0,False
MSEX,2025-12-31,0.47,2.37,2.36,0.01,False
MSFT,2015-06-30,-0.39,1.47,1.48,0.01,False
MSFT,2016-06-30,0.39,2.09,2.1,0.01,False
MSFT,2017-06-30,0.83,2.7,2.71,0.01,False
MSFT,2018-06-30,1.13,2.1,2.13,0.03,False
MSFT,2019-06-30,1.71,5.07,5.06,0.01,False
MSFT,2020-06-30,1.46,5.75,5.76,0.01,False
MSFT,2021-06-30,2.17,8.05,8.05,0.0,False
MSFT,2022-06-30,2.23,9.64,9.65,0.01,False
MSFT,2023-06-30,2.69,9.69,9.68,0.01,False
MSFT,2024-06-30,2.95,11.81,11.8,0.01,False
MSFT,2025-06-30,3.65,13.64,13.64,0.0,False
MSFT,2026-06-30,4.81,17.96,17.95,0.01,False
MSGS,2016-06-30,-2.39,-3.18,-3.12,0.06,False
MSGS,2017-06-30,-3.6,-3.14,-3.05,0.09,False
MSGS,2018-06-30,-1.9,5.97,5.94,0.03,False
MSGS,2019-06-30,-3.03,0.51,0.48,0.03,False
MSGS,2020-06-30,-3.28,-7.63,-7.62,0.01,False
MSGS,2021-06-30,2.07,-0.57,-0.58,0.01,False
MSGS,2022-06-30,1.1,2.07,2.1,0.03,False
MSGS,2023-06-30,-0.38,1.91,1.89,0.02,False
MSGS,2024-06-30,1.05,2.42,2.44,0.02,False
MSGS,2025-06-30,-0.07,-0.92,-0.93,0.01,False
MSGS,2026-06-30,1.15,0.29,0.32,0.03,False
MSM,2015-08-29,0.96,3.73,3.74,0.01,False
MSM,2016-09-03,1.02,3.76,3.77,0.01,False
MSM,2017-09-02,1.07,4.04,4.05,0.01,False
MSM,2018-09-01,1.29,5.79,5.8,0.01,False
MSM,2019-08-31,1.2,5.21,5.2,0.01,False
MSM,2020-08-29,0.94,4.52,4.51,0.01,False
MSM,2021-08-28,1.18,3.87,3.87,0.0,False
MSM,2022-09-03,1.85,6.06,6.06,0.0,False
MSM,2023-09-02,1.55,6.1,6.11,0.01,False
MSM,2024-08-31,0.99,4.58,4.58,0.0,False
MSM,2025-08-30,1.01,3.56,3.57,0.01,False
MTCH,2014-12-31,0.74,4.61,4.68,0.07,False
MTCH,2015-12-31,-0.38,1.34,1.33,0.01,False
MTCH,2016-12-31,1.18,-0.69,-0.52,0.17,True
MTCH,2017-12-31,0.38,3.16,3.18,0.02,False
MTCH,2018-12-31,1.99,6.51,6.59,0.08,False
MTCH,2019-12-31,1.05,4.5,4.5,0.0,False
MTCH,2020-12-31,0.48,0.13,0.49,0.36,True
MTCH,2021-12-31,-0.62,0.84,0.93,0.09,True
MTCH,2022-12-31,0.3,1.23,1.24,0.01,False
MTCH,2023-12-31,0.81,2.28,2.26,0.02,False
MTCH,2024-12-31,0.59,2.02,2.02,0.0,False
MTCH,2025-12-31,0.83,2.38,2.38,0.0,False
MTDR,2014-12-31,0.63,1.54,1.56,0.02,False
MTDR,2015-12-31,-2.72,-8.15,-8.34,0.19,False
MTDR,2016-12-31,1.12,-1.16,-1.07,0.09,True
MTDR,2017-12-31,0.46,1.33,1.23,0.1,True
MTDR,2018-12-31,1.18,2.41,2.41,0.0,False
MTDR,2019-12-31,0.2,0.74,0.75,0.01,False
MTDR,2020-12-31,-0.78,-5.12,-5.11,0.01,False
MTDR,2021-12-31,1.79,4.9,4.91,0.01,False
MTDR,2022-12-31,2.1,10.12,10.11,0.01,False
MTDR,2023-12-31,2.12,7.05,7.05,0.0,False
MTDR,2024-12-31,1.7,7.13,7.14,0.01,False
MTDR,2025-12-31,1.55,6.1,6.09,0.01,False
MTG,2014-12-31,0.18,0.63,0.64,0.01,False
MTG,2015-12-31,0.23,2.61,2.6,0.01,False
MTG,2016-12-31,0.28,0.85,0.86,0.01,False
MTG,2017-12-31,0.08,0.95,0.95,0.0,False
MTG,2018-12-31,0.43,1.79,1.78,0.01,False
MTG,2019-12-31,0.49,1.86,1.85,0.01,False
MTG,2020-12-31,0.41,1.25,1.29,0.04,False
MTG,2021-12-31,0.52,1.85,1.85,0.0,False
MTG,2022-12-31,0.64,2.79,2.79,0.0,False
MTG,2023-12-31,0.66,2.49,2.49,0.0,False
MTG,2024-12-31,0.72,2.9,2.89,0.01,False
MTG,2025-12-31,0.75,3.14,3.14,0.0,False
MTH,2014-12-31,1.19,3.45,3.46,0.01,False
MTH,2015-12-31,1.26,3.09,3.09,0.0,False
MTH,2016-12-31,1.22,3.55,3.55,0.0,False
MTH,2017-12-31,0.86,3.42,3.41,0.01,False
MTH,2018-12-31,1.9,5.61,5.58,0.03,False
MTH,2019-12-31,2.67,6.42,6.42,0.0,False
MTH,2020-12-31,3.96,11.01,11.0,0.01,False
MTH,2021-12-31,6.25,19.3,19.29,0.01,False
MTH,2022-12-31,7.1,26.76,26.74,0.02,False
MTH,2023-12-31,5.39,19.93,19.93,0.0,False
MTH,2024-12-31,2.37,19.08,10.72,8.36,True
MTN,2015-07-31,-1.82,3.07,3.07,0.0,False
MTN,2016-07-31,-1.71,4.03,4.01,0.02,False
MTN,2017-07-31,-1.35,4.98,5.22,0.24,False
MTN,2018-07-31,-1.94,9.19,9.13,0.06,False
MTN,2019-07-31,-2.13,7.35,7.32,0.03,False
MTN,2020-07-31,-3.72,2.42,2.42,0.0,False
MTN,2021-07-31,-3.4,3.12,3.13,0.01,False
MTN,2022-07-31,-2.66,8.53,8.55,0.02,False
MTN,2023-07-31,-3.33,6.61,6.74,0.13,False
MTN,2024-07-31,-4.65,6.05,6.07,0.02,False
MTN,2025-07-31,-5.06,7.43,7.53,0.1,False
MTRN,2014-12-31,0.59,2.01,2.0,0.01,False
MTRN,2015-12-31,0.33,1.56,1.58,0.02,False
MTRN,2016-12-31,0.34,1.28,1.27,0.01,False
MTRN,2017-12-31,-0.4,0.57,0.56,0.01,False
MTRN,2018-12-31,-1.01,1.01,1.01,0.0,False
MTRN,2019-12-31,0.71,2.45,2.45,0.0,False
MTRN,2020-12-31,0.39,0.75,0.75,0.0,False
MTRN,2021-12-31,0.95,3.51,3.5,0.01,False
MTRN,2022-12-31,1.38,4.14,4.14,0.0,False
MTRN,2023-12-31,0.93,4.58,4.58,0.0,False
MTRN,2024-12-31,-2.34,0.28,0.28,0.0,False
MTRN,2025-12-31,0.31,3.59,3.58,0.01,False
MTSI,2014-10-03,0.31,-0.33,-0.33,0.0,False
MTSI,2015-10-02,1.06,0.93,0.95,0.02,False
MTSI,2016-09-30,0.1,-0.26,0.03,0.29,True
MTSI,2017-09-29,-0.17,-2.76,-2.79,0.03,False
MTSI,2018-09-28,-0.29,-2.68,-2.57,0.11,False
MTSI,2019-09-27,0.25,-5.85,-5.84,0.01,False
MTSI,2020-10-02,0.26,-0.82,-0.69,0.13,True
MTSI,2021-10-01,0.24,0.53,0.54,0.01,False
MTSI,2022-09-30,3.36,6.18,6.18,0.0,False
MTSI,2023-09-29,0.34,1.28,1.28,0.0,False
MTSI,2024-09-27,0.39,1.03,1.04,0.01,False
MTSI,2025-10-03,0.63,-0.77,-0.73,0.04,False
MTUS,2014-12-31,0.36,2.27,2.27,0.0,False
MTUS,2015-12-31,-0.55,-1.63,-1.63,0.0,False
MTUS,2016-12-31,-1.52,-2.39,-2.39,0.0,False
MTUS,2018-12-31,-0.91,-0.73,-0.71,0.02,False
MTUS,2019-12-31,-1.91,-2.47,-2.46,0.01,False
MTUS,2020-12-31,-0.28,-1.37,-1.38,0.01,False
MTUS,2021-12-31,1.07,3.19,3.18,0.01,False
MTUS,2022-12-31,-0.61,1.22,1.3,0.08,True
MTUS,2023-12-31,0.03,1.46,1.47,0.01,False
MTUS,2024-12-31,-0.54,-0.05,0.03,0.08,True
MTUS,2025-12-31,-0.37,-0.06,-0.03,0.03,False
MTX,2014-12-31,0.61,2.65,2.65,0.0,False
MTX,2015-12-31,0.48,3.08,3.08,0.0,False
MTX,2016-12-31,1.03,3.78,3.79,0.01,False
MTX,2017-12-31,2.13,5.48,5.48,0.0,False
MTX,2018-12-31,1.21,4.75,4.75,0.0,False
MTX,2019-12-31,0.84,3.78,3.78,0.0,False
MTX,2020-12-31,0.91,3.28,3.29,0.01,False
MTX,2021-12-31,1.24,4.86,4.86,0.0,False
MTX,2022-12-31,0.61,3.71,3.73,0.02,False
MTX,2023-12-31,1.21,2.58,2.58,0.0,False
MTX,2024-12-31,1.68,5.18,5.17,0.01,False
MTX,2025-12-31,1.21,-0.49,-0.59,0.1,True
MTZ,2014-12-31,0.25,1.35,1.35,0.0,False
MTZ,2015-12-31,-0.97,-1.01,-0.98,0.03,False
MTZ,2016-12-31,0.65,1.61,1.61,0.0,False
MTZ,2017-12-31,1.95,4.21,4.22,0.01,False
MTZ,2018-12-31,0.41,3.26,3.26,0.0,False
MTZ,2019-12-31,1.33,5.17,5.17,0.0,False
MTZ,2020-12-31,1.54,4.39,4.38,0.01,False
MTZ,2021-12-31,1.04,4.45,4.45,0.0,False
MTZ,2022-12-31,0.04,0.42,0.42,0.0,False
MTZ,2023-12-31,0.01,-0.66,-0.64,0.02,False
MTZ,2024-12-31,0.94,2.05,2.06,0.01,False
MTZ,2025-12-31,1.82,5.08,5.07,0.01,False
MUR,2014-12-31,2.1,5.04,5.03,0.01,False
MUR,2015-12-31,-3.4,-13.16,-13.03,0.13,False
MUR,2016-12-31,-0.37,-1.6,-1.6,0.0,False
MUR,2017-12-31,-1.67,-1.81,-1.81,0.0,False
MUR,2018-12-31,0.59,2.35,2.36,0.01,False
MUR,2019-12-31,-0.46,7.07,6.98,0.09,False
MUR,2020-12-31,-1.12,-7.48,-7.48,0.0,False
MUR,2021-12-31,1.1,-0.48,-0.48,0.0,False
MUR,2022-12-31,1.24,6.1,6.13,0.03,False
MUR,2023-12-31,0.75,4.22,4.22,0.0,False
MUR,2024-12-31,0.34,2.69,2.7,0.01,False
MUR,2025-12-31,0.08,0.72,0.72,0.0,False
MUSA,2014-12-31,2.13,5.27,5.26,0.01,False
MUSA,2015-12-31,1.59,4.09,4.02,0.07,False
MUSA,2016-12-31,1.14,5.55,5.59,0.04,False
MUSA,2017-12-31,3.55,6.88,6.78,0.1,False
MUSA,2018-12-31,2.39,6.51,6.48,0.03,False
MUSA,2019-12-31,1.54,4.89,4.86,0.03,False
MUSA,2020-12-31,2.14,13.06,13.08,0.02,False
MUSA,2021-12-31,4.21,14.99,14.92,0.07,False
MUSA,2022-12-31,5.18,28.07,28.1,0.03,False
MUSA,2023-12-31,7.01,25.52,25.49,0.03,False
MUSA,2024-12-31,6.93,24.17,24.11,0.06,False
MUSA,2025-12-31,7.51,24.26,24.1,0.16,False
MWA,2015-09-30,0.13,0.18,0.19,0.01,False
MWA,2016-09-30,0.16,0.39,0.39,0.0,False
MWA,2017-09-30,0.12,0.76,0.76,0.0,False
MWA,2018-09-30,0.16,0.66,0.66,0.0,False
MWA,2019-09-30,0.25,0.4,0.4,0.0,False
MWA,2021-09-30,0.12,0.45,0.44,0.01,False
MWA,2022-09-30,0.04,0.48,0.48,0.0,False
MWA,2023-09-30,0.11,0.55,0.55,0.0,False
MWA,2024-09-30,0.06,0.73,0.74,0.01,False
MWA,2025-09-30,0.33,1.21,1.22,0.01,False
MXL,2014-12-31,-0.06,-0.19,-0.19,0.0,False
MXL,2015-12-31,-0.14,-0.81,-0.79,0.02,False
MXL,2016-12-31,0.12,0.9,0.91,0.01,False
MXL,2017-12-31,-0.33,-0.19,-0.14,0.05,False
MXL,2018-12-31,0.0,-0.38,-0.38,0.0,False
MXL,2019-12-31,-0.11,-0.28,-0.28,0.0,False
MXL,2020-12-31,-0.33,-1.34,-1.35,0.01,False
MXL,2021-12-31,0.35,0.53,0.53,0.0,False
MXL,2022-12-31,0.38,1.55,1.55,0.0,False
MXL,2023-12-31,-0.48,-0.9,-0.91,0.01,False
MXL,2024-12-31,-0.68,-2.93,-2.93,0.0,False
MXL,2025-12-31,-0.17,-1.58,-1.58,0.0,False
MYRG,2014-12-31,0.66,1.7,1.69,0.01,False
MYRG,2015-12-31,0.29,1.3,1.3,0.0,False
MYRG,2016-12-31,0.48,1.27,1.23,0.04,False
MYRG,2017-12-31,0.82,1.27,1.28,0.01,False
MYRG,2018-12-31,0.64,1.87,1.87,0.0,False
MYRG,2019-12-31,0.76,2.25,2.26,0.01,False
MYRG,2020-12-31,1.06,3.47,3.48,0.01,False
MYRG,2021-12-31,1.2,4.96,4.95,0.01,False
MYRG,2022-12-31,1.46,4.91,4.91,0.0,False
MYRG,2023-12-31,1.42,5.41,5.4,0.01,False
MYRG,2024-12-31,0.99,1.85,1.83,0.02,False
MYRG,2025-12-31,2.33,7.53,7.53,0.0,False
MZTI,2015-06-30,0.94,3.72,3.72,0.0,False
MZTI,2016-06-30,1.12,4.44,4.44,0.0,False
MZTI,2017-06-30,1.04,4.21,4.2,0.01,False
MZTI,2018-06-30,1.18,4.92,4.92,0.0,False
MZTI,2019-06-30,1.2,5.46,5.46,0.0,False
MZTI,2020-06-30,1.1,4.97,4.97,0.0,False
MZTI,2021-06-30,1.15,5.17,5.16,0.01,False
MZTI,2022-06-30,1.06,3.25,3.25,0.0,False
MZTI,2023-06-30,0.33,4.03,4.04,0.01,False
MZTI,2024-06-30,1.26,5.75,5.76,0.01,False
MZTI,2025-06-30,1.18,6.07,6.07,0.0,False
MZTI,2026-06-30,1.76,6.97,6.98,0.01,False
NABL,2021-12-31,0.01,-0.01,0.0,0.01,False
NABL,2022-12-31,0.04,0.09,0.09,0.0,False
NABL,2023-12-31,0.05,0.12,0.13,0.01,False
NABL,2024-12-31,0.02,0.17,0.16,0.01,False
NABL,2025-12-31,-0.05,-0.1,-0.09,0.01,False
NATL,2023-12-31,-2.34,-1.9,-1.9,0.0,False
NATL,2024-12-31,0.6,1.12,1.23,0.11,True
NATL,2025-12-31,1.09,2.14,2.14,0.0,False
NAVI,2014-12-31,0.64,2.69,2.69,0.0,False
NAVI,2015-12-31,0.79,2.61,2.61,0.0,False
NAVI,2016-12-31,0.49,2.13,2.12,0.01,False
NAVI,2017-12-31,-0.31,1.02,1.04,0.02,False
NAVI,2018-12-31,0.28,1.49,1.49,0.0,False
NAVI,2019-12-31,0.79,2.58,2.56,0.02,False
NAVI,2020-12-31,0.97,2.15,2.12,0.03,False
NAVI,2021-12-31,-0.07,4.02,4.18,0.16,False
NAVI,2022-12-31,0.78,4.42,4.49,0.07,False
NAVI,2023-12-31,-0.24,1.79,1.85,0.06,False
NAVI,2024-12-31,0.22,1.16,1.18,0.02,False
NAVI,2025-12-31,-0.05,-0.81,-0.81,0.0,False
NBHC,2014-12-31,0.06,0.22,0.22,0.0,False
NBHC,2015-12-31,0.11,0.15,0.14,0.01,False
NBHC,2016-12-31,0.34,0.8,0.79,0.01,False
NBHC,2017-12-31,-0.36,0.53,0.53,0.0,False
NBHC,2018-12-31,0.54,1.95,1.95,0.0,False
NBHC,2019-12-31,0.62,2.55,2.55,0.0,False
NBHC,2020-12-31,0.87,2.84,2.85,0.01,False
NBHC,2021-12-31,0.74,3.01,3.01,0.0,False
NBHC,2022-12-31,0.44,2.21,2.18,0.03,False
NBHC,2023-12-31,0.87,3.72,3.72,0.0,False
NBHC,2024-12-31,0.73,3.09,3.08,0.01,False
NBHC,2025-12-31,0.42,2.85,2.85,0.0,False
NBIX,2014-12-31,-0.26,-0.82,-0.81,0.01,False
NBIX,2015-12-31,-0.34,-1.03,-1.05,0.02,False
NBIX,2016-12-31,-0.51,-1.62,-1.63,0.01,False
NBIX,2017-12-31,0.08,-1.63,-1.62,0.01,False
NBIX,2018-12-31,0.17,0.15,0.22,0.07,True
NBIX,2019-12-31,0.34,0.32,0.39,0.07,True
NBIX,2020-12-31,3.39,3.97,4.16,0.19,False
NBIX,2021-12-31,-0.07,0.92,0.92,0.0,False
NBIX,2022-12-31,0.86,1.51,1.56,0.05,False
NBIX,2023-12-31,1.4,2.38,2.47,0.09,False
NBIX,2024-12-31,1.0,3.29,3.29,0.0,False
NBIX,2025-12-31,1.48,4.66,4.67,0.01,False
NBTB,2014-12-31,0.4,1.68,1.69,0.01,False
NBTB,2015-12-31,0.42,1.71,1.72,0.01,False
NBTB,2016-12-31,0.44,1.79,1.8,0.01,False
NBTB,2017-12-31,0.4,1.87,1.87,0.0,False
NBTB,2018-12-31,0.64,2.55,2.56,0.01,False
NBTB,2019-12-31,0.64,2.72,2.74,0.02,False
NBTB,2020-12-31,0.76,2.35,2.37,0.02,False
NBTB,2021-12-31,0.84,3.53,3.54,0.01,False
NBTB,2022-12-31,0.82,3.5,3.52,0.02,False
NBTB,2023-12-31,0.63,2.65,2.65,0.0,False
NBTB,2024-12-31,0.75,2.95,2.97,0.02,False
NBTB,2025-12-31,1.04,3.28,3.33,0.05,False
NE,2022-12-31,0.85,1.17,1.73,0.56,True
NE,2023-12-31,1.05,3.33,3.32,0.01,False
NE,2024-12-31,0.6,3.0,2.96,0.04,False
NE,2025-12-31,0.55,1.36,1.35,0.01,False
NEO,2014-12-31,0.02,0.02,0.02,0.0,False
NEO,2015-12-31,-0.03,-0.04,-0.04,0.0,False
NEOG,2015-05-31,0.25,0.9,0.9,0.0,False
NEOG,2016-05-31,0.26,0.97,0.97,0.0,False
NEOG,2017-05-31,0.32,1.14,1.14,0.0,False
NEOG,2019-05-31,0.3,1.15,1.15,0.0,False
NEOG,2020-05-31,0.31,1.13,1.13,0.0,False
NEOG,2021-05-31,0.15,0.72,0.57,0.15,True
NEOG,2023-05-31,0.03,-0.07,-0.12,0.05,False
NEOG,2024-05-31,-0.03,-0.05,-0.04,0.01,False
NEOG,2025-05-31,-2.82,-5.03,-5.03,0.0,False
NEOG,2026-05-31,-0.05,-0.03,-0.04,0.01,False
NEU,2020-12-31,6.14,24.64,24.64,0.0,False
NEU,2021-12-31,1.65,17.58,17.71,0.13,False
NEU,2022-12-31,9.25,27.86,27.77,0.09,False
NEU,2023-12-31,8.38,40.43,40.44,0.01,False
NEU,2024-12-31,11.56,48.21,48.22,0.01,False
NEU,2025-12-31,8.65,44.42,44.44,0.02,False
NFG,2015-09-30,-2.29,-4.53,-4.5,0.03,False
NFG,2016-09-30,0.44,-3.43,-3.43,0.0,False
NFG,2017-09-30,0.53,3.3,3.3,0.0,False
NFG,2018-09-30,0.44,4.53,4.53,0.0,False
NFG,2019-09-30,0.54,3.49,3.51,0.02,False
NFG,2020-09-30,-1.62,-1.38,-1.41,0.03,False
NFG,2021-09-30,0.95,3.97,3.97,0.0,False
NFG,2022-09-30,1.72,6.15,6.15,0.0,False
NFG,2023-09-30,0.8,5.17,5.17,0.0,False
NFG,2024-09-30,-1.81,0.84,0.84,0.0,False
NFG,2025-09-30,1.18,5.68,5.68,0.0,False
NGVT,2016-12-31,0.21,0.82,0.83,0.01,False
NGVT,2017-12-31,0.97,2.97,2.97,0.0,False
NGVT,2018-12-31,0.99,3.97,3.97,0.0,False
NGVT,2019-12-31,1.06,4.35,4.35,0.0,False
NGVT,2020-12-31,1.11,4.37,4.37,0.0,False
NGVT,2021-12-31,0.74,2.93,2.95,0.02,False
NGVT,2022-12-31,0.41,5.48,5.5,0.02,False
NGVT,2023-12-31,-3.29,-0.28,-0.15,0.13,True
NGVT,2024-12-31,0.46,-11.84,-11.85,0.01,False
NGVT,2025-12-31,-2.43,-4.71,-4.61,0.1,False
NHC,2014-12-31,0.89,3.14,3.14,0.0,False
NHC,2015-12-31,0.98,3.18,3.2,0.02,False
NHC,2016-12-31,0.91,3.33,3.32,0.01,False
NHC,2017-12-31,1.41,3.7,3.69,0.01,False
NHC,2018-12-31,1.19,3.87,3.87,0.0,False
NHC,2019-12-31,0.89,4.44,4.44,0.0,False
NHC,2020-12-31,1.78,2.7,2.72,0.02,False
NHC,2021-12-31,1.02,8.98,8.99,0.01,False
NHC,2022-12-31,0.41,1.45,1.45,0.0,False
NHC,2023-12-31,1.83,4.33,4.34,0.01,False
NHC,2024-12-31,0.39,6.54,6.53,0.01,False
NHC,2025-12-31,1.58,7.67,7.67,0.0,False
NHI,2014-12-31,0.8,3.03,3.04,0.01,False
NHI,2015-12-31,1.44,3.95,3.95,0.0,False
NHI,2016-12-31,1.03,3.87,3.87,0.0,False
NHI,2017-12-31,0.9,3.87,3.87,0.0,False
NHI,2018-12-31,0.87,3.67,3.67,0.0,False
NHI,2019-12-31,0.95,3.67,3.67,0.0,False
NHI,2020-12-31,0.83,4.14,4.14,0.0,False
NHI,2021-12-31,0.14,2.44,2.44,0.0,False
NHI,2022-12-31,0.04,1.47,1.48,0.01,False
NHI,2023-12-31,0.74,3.13,3.13,0.0,False
NHI,2024-12-31,0.95,3.12,3.13,0.01,False
NHI,2025-12-31,0.8,3.02,3.02,0.0,False
NIC,2014-12-31,0.55,2.26,2.25,0.01,False
NIC,2015-12-31,0.64,2.58,2.57,0.01,False
NIC,2016-12-31,0.68,2.33,2.37,0.04,False
NIC,2017-12-31,0.87,3.3,3.33,0.03,False
NIC,2018-12-31,1.12,4.13,4.12,0.01,False
NIC,2019-12-31,1.18,5.54,5.52,0.02,False
NIC,2020-12-31,1.74,5.72,5.7,0.02,False
NIC,2021-12-31,1.25,5.5,5.44,0.06,False
NIC,2022-12-31,1.83,6.55,6.56,0.01,False
NIC,2023-12-31,1.97,4.01,4.08,0.07,False
NIC,2024-12-31,2.2,8.04,8.05,0.01,False
NIC,2025-12-31,2.65,9.8,9.78,0.02,False
NJR,2016-09-30,0.29,1.51,1.52,0.01,False
NJR,2017-09-30,-0.42,1.52,1.52,0.0,False
NJR,2018-09-30,-0.18,2.67,2.64,0.03,False
NJR,2019-09-30,0.2,1.9,1.89,0.01,False
NJR,2020-09-30,0.45,2.06,2.04,0.02,False
NJR,2021-09-30,-0.01,1.22,1.22,0.0,False
NJR,2022-09-30,0.57,2.87,2.85,0.02,False
NJR,2023-09-30,0.38,2.72,2.71,0.01,False
NJR,2024-09-30,0.91,2.92,2.92,0.0,False
NJR,2025-09-30,0.15,3.33,3.33,0.0,False
NKE,2015-05-31,0.98,3.7,3.7,0.0,False
NKE,2017-05-31,0.6,2.51,2.51,0.0,False
NKE,2018-05-31,0.68,1.14,1.17,0.03,False
NKE,2019-05-31,0.61,2.48,2.49,0.01,False
NKE,2020-05-31,-0.5,1.59,1.6,0.01,False
NKE,2021-05-31,0.93,3.56,3.56,0.0,False
NKE,2022-05-31,0.9,3.76,3.75,0.01,False
NKE,2023-05-31,0.66,3.23,3.23,0.0,False
NKE,2024-05-31,0.99,3.73,3.73,0.0,False
NKE,2025-05-31,0.14,2.16,2.16,0.0,False
NKE,2026-05-31,0.72,2.09,2.1,0.01,False
NLY,2014-12-31,-0.74,-0.99,-0.96,0.03,False
NLY,2015-12-31,0.69,0.42,0.42,0.0,False
NLY,2016-12-31,1.79,1.21,1.39,0.18,True
NLY,2017-12-31,0.62,1.33,1.37,0.04,False
NLY,2018-12-31,-1.74,0.16,-0.06,0.22,True
NLY,2019-12-31,0.82,-1.59,-1.6,0.01,False
NLY,2020-12-31,0.6,-0.69,-0.73,0.04,False
NLY,2021-12-31,0.27,1.61,1.6,0.01,False
NLY,2023-12-31,-0.88,-3.61,-3.61,0.0,False
NLY,2024-12-31,0.78,1.59,1.62,0.03,False
NLY,2025-12-31,1.39,2.77,2.92,0.15,True
NMIH,2014-12-31,-0.17,-0.84,-0.84,0.0,False
NMIH,2015-12-31,-0.08,-0.47,-0.47,0.0,False
NMIH,2016-12-31,0.96,1.02,1.08,0.06,True
NMIH,2017-12-31,-0.03,0.36,0.35,0.01,False
NMIH,2018-12-31,0.46,1.53,1.6,0.07,False
NMIH,2019-12-31,0.72,2.45,2.47,0.02,False
NMIH,2020-12-31,0.56,2.11,2.13,0.02,False
NMIH,2021-12-31,0.69,2.64,2.65,0.01,False
NMIH,2022-12-31,0.86,3.39,3.39,0.0,False
NMIH,2023-12-31,1.01,3.84,3.84,0.0,False
NMIH,2024-12-31,1.07,4.43,4.43,0.0,False
NMIH,2025-12-31,1.2,4.91,4.92,0.01,False
NNN,2014-12-31,0.35,1.24,1.24,0.0,False
NNN,2015-12-31,0.25,1.21,1.2,0.01,False
NNN,2016-12-31,0.37,1.39,1.38,0.01,False
NNN,2017-12-31,0.42,1.45,1.45,0.0,False
NNN,2018-12-31,0.18,1.67,1.65,0.02,False
NNN,2019-12-31,0.34,1.56,1.56,0.0,False
NNN,2020-12-31,0.33,1.22,1.22,0.0,False
NNN,2021-12-31,0.38,1.52,1.51,0.01,False
NNN,2022-12-31,0.51,1.89,1.89,0.0,False
NNN,2023-12-31,0.53,2.16,2.16,0.0,False
NNN,2024-12-31,0.52,2.15,2.15,0.0,False
NNN,2025-12-31,0.51,2.07,2.07,0.0,False
NOG,2014-12-31,1.7,2.69,2.69,0.0,False
NOG,2015-12-31,-2.84,-16.08,-16.08,0.0,False
NOG,2016-12-31,-0.2,-4.8,-4.8,0.0,False
NOG,2017-12-31,-0.37,-0.14,-0.15,0.01,False
NOG,2018-12-31,0.57,0.19,0.61,0.42,True
NOG,2019-12-31,-0.27,-0.2,-0.2,0.0,False
NOG,2021-12-31,2.44,-0.71,-0.13,0.58,True
NOG,2022-12-31,1.38,7.97,8.92,0.95,True
NOG,2023-12-31,3.89,10.03,10.03,0.0,False
NOG,2024-12-31,0.71,5.14,5.14,0.0,False
NOG,2025-12-31,-0.7,0.36,0.39,0.03,False
NOV,2014-12-31,1.38,5.81,5.82,0.01,False
NOV,2015-12-31,-4.12,-2.21,-1.99,0.22,True
NOV,2016-12-31,-1.89,-6.41,-6.41,0.0,False
NOV,2017-12-31,-0.04,-0.63,-0.63,0.0,False
NOV,2018-12-31,0.03,-0.09,-0.08,0.01,False
NOV,2019-12-31,-1.0,-15.95,-15.96,0.01,False
NOV,2020-12-31,-0.91,-6.63,-6.62,0.01,False
NOV,2021-12-31,-0.1,-0.65,-0.65,0.0,False
NOV,2022-12-31,0.26,0.39,0.39,0.0,False
NOV,2023-12-31,1.49,2.49,2.5,0.01,False
NOV,2024-12-31,0.41,1.61,1.6,0.01,False
NOV,2025-12-31,-0.21,0.38,0.39,0.01,False
NOVT,2014-12-31,-0.92,-0.74,-0.7,0.04,False
NOVT,2015-12-31,0.18,1.03,1.02,0.01,False
NOVT,2016-12-31,0.22,0.62,0.63,0.01,False
NOVT,2017-12-31,0.25,1.39,1.13,0.26,True
NOVT,2018-12-31,0.33,1.43,1.43,0.0,False
NOVT,2019-12-31,0.26,1.15,1.15,0.0,False
NOVT,2020-12-31,0.35,1.25,1.25,0.0,False
NOVT,2021-12-31,0.38,1.41,1.41,0.0,False
NOVT,2022-12-31,0.42,2.07,2.06,0.01,False
NOVT,2023-12-31,0.35,2.03,2.02,0.01,False
NOVT,2024-12-31,0.46,1.78,1.77,0.01,False
NOVT,2025-12-31,0.45,1.46,1.47,0.01,False
NPO,2014-12-31,0.15,0.85,0.85,0.0,False
NPO,2015-12-31,0.31,-0.91,-0.93,0.02,False
NPO,2016-12-31,-0.14,-1.84,-1.86,0.02,False
NPO,2017-12-31,1.57,24.77,24.76,0.01,False
NPO,2018-12-31,-1.3,0.91,1.16,0.25,True
NPO,2019-12-31,0.13,1.83,1.85,0.02,False
NPO,2020-12-31,-0.4,8.92,8.98,0.06,False
NPO,2021-12-31,4.88,8.49,8.53,0.04,False
NPO,2022-12-31,6.05,9.71,9.83,0.12,False
NPO,2023-12-31,-0.23,1.06,1.05,0.01,False
NPO,2024-12-31,0.66,3.46,3.45,0.01,False
NPO,2025-12-31,-1.52,1.89,1.91,0.02,False
NSIT,2014-12-31,0.48,1.84,1.83,0.01,False
NSIT,2015-12-31,0.5,2.0,1.98,0.02,False
NSIT,2016-12-31,0.59,2.33,2.32,0.01,False
NSIT,2017-12-31,0.39,2.5,2.5,0.0,False
NSIT,2018-12-31,1.31,4.54,4.55,0.01,False
NSIT,2019-12-31,1.2,4.43,4.43,0.0,False
NSIT,2020-12-31,1.5,4.87,4.87,0.0,False
NSIT,2021-12-31,1.69,5.96,5.95,0.01,False
NSIT,2022-12-31,2.13,7.66,7.66,0.0,False
NSIT,2023-12-31,2.42,7.55,7.55,0.0,False
NSIT,2024-12-31,0.99,6.52,6.55,0.03,False
NSIT,2025-12-31,1.67,4.97,4.86,0.11,False
NSP,2014-12-31,0.27,1.04,1.05,0.01,False
NSP,2015-12-31,0.26,1.57,1.58,0.01,False
NSP,2016-12-31,0.45,3.09,3.09,0.0,False
NSP,2018-12-31,0.59,3.21,3.22,0.01,False
NSP,2019-12-31,0.51,3.68,3.7,0.02,False
NSP,2021-12-31,0.25,3.19,3.18,0.01,False
NSP,2022-12-31,0.99,4.64,4.64,0.0,False
NSP,2023-12-31,0.52,4.46,4.47,0.01,False
NSP,2024-12-31,-0.24,2.39,2.42,0.03,False
NSP,2025-12-31,-0.87,-0.19,-0.19,0.0,False
NSSC,2015-06-30,0.18,0.26,0.25,0.01,False
NSSC,2016-06-30,0.18,0.31,0.31,0.0,False
NSSC,2017-06-30,0.17,0.3,0.3,0.0,False
NSSC,2018-06-30,0.2,0.42,0.41,0.01,False
NSSC,2019-06-30,0.26,0.66,0.66,0.0,False
NSSC,2020-06-30,-0.1,0.46,0.46,0.0,False
NSSC,2021-06-30,0.27,0.81,0.81,0.0,False
NSSC,2023-06-30,0.29,0.74,0.73,0.01,False
NSSC,2024-06-30,0.37,1.35,1.34,0.01,False
NSSC,2025-06-30,0.33,1.19,1.19,0.0,False
NSSC,2026-06-30,0.49,1.2,1.2,0.0,False
NTCT,2015-03-31,0.5,1.46,1.47,0.01,False
NTCT,2016-03-31,-0.04,-0.19,-0.35,0.16,True
NTCT,2017-03-31,0.24,0.36,0.36,0.0,False
NTCT,2018-03-31,0.2,0.92,0.9,0.02,False
NTCT,2019-03-31,0.25,-0.92,-0.93,0.01,False
NTCT,2020-03-31,0.1,-0.02,-0.04,0.02,False
NTCT,2021-03-31,0.15,0.25,0.26,0.01,False
NTCT,2022-03-31,-0.11,0.49,0.48,0.01,False
NTCT,2023-03-31,-0.04,0.82,0.82,0.0,False
NTCT,2024-03-31,-0.46,-2.1,-2.07,0.03,False
NTCT,2025-03-31,0.26,-5.14,-5.12,0.02,False
NTCT,2026-03-31,0.24,1.29,1.3,0.01,False
NTNX,2020-07-31,-0.93,-4.5,-4.48,0.02,False
NTNX,2021-07-31,-1.69,-5.02,-5.01,0.01,False
NTNX,2022-07-31,-0.67,-3.65,-3.62,0.03,False
NTNX,2023-07-31,-0.06,-1.1,-1.09,0.01,False
NTNX,2024-07-31,-0.65,-0.66,-0.51,0.15,True
NTNX,2025-07-31,0.13,0.64,0.65,0.01,False
NTNX,2026-07-31,4.34,5.16,5.17,0.01,False
NTST,2021-12-31,0.05,0.07,0.08,0.01,False
NTST,2022-12-31,0.05,0.16,0.16,0.0,False
NTST,2023-12-31,0.03,0.11,0.11,0.0,False
NTST,2024-12-31,-0.07,-0.16,-0.16,0.0,False
NTST,2025-12-31,0.02,0.09,0.08,0.01,False
NVDA,2015-01-25,0.35,1.12,1.12,0.0,False
NVDA,2016-01-31,0.35,1.08,1.08,0.0,False
NVDA,2017-01-29,0.92,2.5,2.57,0.07,False
NVDA,2018-01-28,1.79,4.83,4.82,0.01,False
NVDA,2019-01-27,0.91,6.62,6.63,0.01,False
NVDA,2020-01-26,1.53,4.52,4.52,0.0,False
NVDA,2021-01-31,2.3,6.88,6.9,0.02,False
NVDA,2023-01-29,0.57,1.74,1.74,0.0,False
NVDA,2024-01-28,4.93,11.94,11.93,0.01,False
NVDA,2026-01-25,1.76,4.9,4.9,0.0,False
NVST,2019-12-31,0.35,1.61,1.6,0.01,False
NVST,2020-12-31,0.62,0.14,0.2,0.06,True
NVST,2021-12-31,0.48,1.72,1.92,0.2,True
NVST,2022-12-31,0.42,1.37,1.37,0.0,False
NVST,2023-12-31,-1.57,-0.91,-0.6,0.31,True
NVST,2024-12-31,0.01,-6.49,-6.5,0.01,False
NVST,2025-12-31,0.2,0.28,0.28,0.0,False
NVT,2018-12-31,0.37,1.28,1.28,0.0,False
NVT,2019-12-31,0.27,1.29,1.29,0.0,False
NVT,2020-12-31,0.28,-0.28,-0.28,0.0,False
NVT,2021-12-31,0.39,1.61,1.61,0.0,False
NVT,2023-12-31,1.52,3.38,3.37,0.01,False
NVT,2024-12-31,0.06,1.96,1.97,0.01,False
NVT,2025-12-31,0.72,4.29,4.31,0.02,False
NWBI,2014-12-31,0.19,0.68,0.67,0.01,False
NWBI,2015-12-31,0.16,0.64,0.64,0.0,False
NWBI,2016-12-31,0.24,0.49,0.49,0.0,False
NWBI,2017-12-31,0.22,0.92,0.92,0.0,False
NWBI,2018-12-31,0.26,1.02,1.02,0.0,False
NWBI,2019-12-31,0.24,1.04,1.04,0.0,False
NWBI,2020-12-31,0.28,0.6,0.62,0.02,False
NWBI,2021-12-31,0.24,1.21,1.21,0.0,False
NWBI,2022-12-31,0.27,1.04,1.05,0.01,False
NWBI,2023-12-31,0.23,1.06,1.06,0.0,False
NWE,2023-12-31,1.36,3.21,3.22,0.01,False
NWE,2024-12-31,1.31,3.65,3.65,0.0,False
NWE,2025-12-31,0.72,2.94,2.94,0.0,False
NWL,2014-12-31,0.19,1.36,1.35,0.01,False
NWL,2015-12-31,0.05,1.3,1.29,0.01,False
NWL,2016-12-31,0.34,1.17,1.25,0.08,True
NWL,2017-12-31,3.38,5.63,5.63,0.0,False
NWL,2018-12-31,0.46,-14.68,-14.6,0.08,False
NWL,2019-12-31,1.86,0.23,0.25,0.02,False
NWL,2020-12-31,0.3,-1.83,-1.82,0.01,False
NWL,2021-12-31,0.22,1.33,1.34,0.01,False
NWL,2022-12-31,-0.6,0.49,0.47,0.02,False
NWL,2023-12-31,-0.21,-0.95,-0.94,0.01,False
NWL,2024-12-31,-0.13,-0.52,-0.52,0.0,False
NWL,2025-12-31,-0.77,-0.7,-0.68,0.02,False
NWN,2018-12-31,1.23,2.23,2.24,0.01,False
NWN,2019-12-31,1.2,2.1,2.07,0.03,False
NWN,2020-12-31,1.69,2.5,2.51,0.01,False
NWN,2021-12-31,1.31,2.56,2.56,0.0,False
NWN,2022-12-31,1.35,2.64,2.54,0.1,False
NWN,2023-12-31,1.2,2.59,2.59,0.0,False
NWN,2024-12-31,1.1,2.01,2.03,0.02,False
NWN,2025-12-31,1.38,2.77,2.77,0.0,False
NX,2014-10-31,0.13,0.76,0.78,0.02,False
NX,2015-10-31,0.29,0.47,0.47,0.0,False
NX,2016-10-31,0.16,-0.06,-0.05,0.01,False
NX,2017-10-31,0.3,0.52,0.54,0.02,False
NX,2018-10-31,0.19,0.76,0.75,0.01,False
NX,2019-10-31,-0.95,-1.43,-1.42,0.01,False
NX,2020-10-31,0.68,1.18,1.17,0.01,False
NX,2021-10-31,0.62,1.7,1.7,0.0,False
NX,2022-10-31,0.75,2.67,2.66,0.01,False
NX,2023-10-31,0.83,2.5,2.5,0.0,False
NX,2024-10-31,-0.29,1.13,0.9,0.23,True
NX,2025-10-31,0.43,-5.49,-5.43,0.06,False
NXRT,2016-12-31,0.01,1.03,1.03,0.0,False
NXRT,2017-12-31,-0.2,2.5,2.49,0.01,False
NXRT,2018-12-31,-0.21,-0.07,-0.08,0.01,False
NXRT,2019-12-31,-0.52,4.05,4.03,0.02,False
NXRT,2020-12-31,-0.16,1.73,1.74,0.01,False
NXRT,2021-12-31,1.4,0.78,0.89,0.11,True
NXRT,2022-12-31,0.15,-0.35,-0.36,0.01,False
NXRT,2023-12-31,0.67,1.65,1.69,0.04,False
NXRT,2024-12-31,-1.0,0.05,0.04,0.01,False
NXRT,2025-12-31,-0.41,-1.27,-1.26,0.01,False
NXST,2014-12-31,0.96,2.01,2.02,0.01,False
NXST,2015-12-31,0.86,2.43,2.42,0.01,False
NXST,2016-12-31,0.64,2.89,2.89,0.0,False
NXST,2017-12-31,7.96,9.98,10.07,0.09,False
NXST,2018-12-31,3.22,8.21,8.21,0.0,False
NXST,2019-12-31,2.27,4.71,4.8,0.09,False
NXST,2020-12-31,7.97,17.48,17.37,0.11,False
NXST,2021-12-31,6.19,19.02,18.98,0.04,False
NXST,2022-12-31,5.31,24.16,24.16,0.0,False
NXST,2023-12-31,3.33,9.64,9.64,0.0,False
NXST,2024-12-31,7.7,21.67,21.41,0.26,False
NXST,2025-12-31,-5.56,3.01,3.0,0.01,False
NXT,2024-03-31,1.51,3.36,3.37,0.01,False
NXT,2025-03-31,1.05,3.47,3.47,0.0,False
NXT,2026-03-31,0.98,3.84,3.84,0.0,False
NYT,2014-12-28,0.2,0.19,0.2,0.01,False
NYT,2015-12-27,0.31,0.38,0.38,0.0,False
NYT,2016-12-25,0.22,0.17,0.18,0.01,False
NYT,2017-12-31,-0.34,0.03,0.03,0.0,False
NYT,2018-12-30,0.33,0.75,0.75,0.0,False
NYT,2019-12-29,0.41,0.84,0.83,0.01,False
NYT,2020-12-27,0.06,0.6,0.6,0.0,False
NYT,2021-12-26,0.41,1.29,1.31,0.02,False
NYT,2022-12-31,0.43,1.05,1.04,0.01,False
NYT,2023-12-31,0.66,1.39,1.4,0.01,False
NYT,2024-12-31,0.74,1.77,1.77,0.0,False
NYT,2025-12-31,0.78,2.08,2.09,0.01,False
OC,2014-12-31,0.28,1.91,1.91,0.0,False
OC,2015-12-31,0.93,2.8,2.79,0.01,False
OC,2016-12-31,0.76,3.41,3.41,0.0,False
OC,2017-12-31,-0.04,2.55,2.55,0.0,False
OC,2018-12-31,1.55,4.9,4.89,0.01,False
OC,2019-12-31,0.66,3.68,3.68,0.0,False
OC,2020-12-31,2.16,-3.51,-3.53,0.02,False
OC,2021-12-31,2.23,9.53,9.54,0.01,False
OC,2022-12-31,1.3,12.66,12.7,0.04,False
OC,2023-12-31,1.46,13.12,13.14,0.02,False
OC,2024-12-31,-2.95,7.34,7.37,0.03,False
OC,2025-12-31,-3.69,-6.44,-6.22,0.22,False
OFG,2015-12-31,-0.09,-0.35,-0.37,0.02,False
OFG,2016-12-31,0.24,0.99,1.03,0.04,False
OFG,2017-12-31,0.27,0.83,0.88,0.05,False
OFG,2018-12-31,0.48,1.55,1.52,0.03,False
OFG,2019-12-31,-0.05,0.91,0.92,0.01,False
OFG,2020-12-31,0.42,1.31,1.32,0.01,False
OFG,2021-12-31,0.66,2.81,2.81,0.0,False
OFG,2022-12-31,0.97,3.44,3.44,0.0,False
OFG,2023-12-31,0.98,3.82,3.83,0.01,False
OFG,2024-12-31,1.09,4.22,4.23,0.01,False
OFG,2025-12-31,1.27,4.58,4.58,0.0,False
OGE,2014-12-31,0.29,1.98,1.98,0.0,False
OGE,2015-12-31,0.15,1.36,1.36,0.0,False
OGE,2016-12-31,0.29,1.69,1.69,0.0,False
OGE,2017-12-31,1.47,3.09,3.1,0.01,False
OGE,2018-12-31,0.27,2.11,2.12,0.01,False
OGE,2019-12-31,0.18,2.17,2.16,0.01,False
OGE,2020-12-31,0.27,-0.87,-0.87,0.0,False
OGE,2021-12-31,1.59,3.67,3.68,0.01,False
OGE,2022-12-31,0.25,3.31,3.32,0.01,False
OGE,2023-12-31,0.24,2.07,2.07,0.0,False
OGE,2024-12-31,0.51,2.2,2.19,0.01,False
OGE,2025-12-31,0.34,2.32,2.32,0.0,False
OGN,2021-12-31,0.79,5.32,5.31,0.01,False
OGN,2022-12-31,0.42,3.59,3.59,0.0,False
OGN,2023-12-31,2.13,4.0,3.99,0.01,False
OGN,2024-12-31,0.42,3.33,3.33,0.0,False
OGN,2025-12-31,-0.78,0.72,0.72,0.0,False
OGS,2014-12-31,0.68,2.08,2.07,0.01,False
OGS,2015-12-31,0.74,2.24,2.24,0.0,False
OGS,2016-12-31,0.8,2.64,2.65,0.01,False
OGS,2017-12-31,0.89,3.08,3.08,0.0,False
OGS,2018-12-31,0.84,3.26,3.25,0.01,False
OGS,2019-12-31,0.96,3.51,3.51,0.0,False
OGS,2020-12-31,1.09,3.68,3.68,0.0,False
OGS,2021-12-31,1.12,3.85,3.85,0.0,False
OGS,2022-12-31,1.23,4.09,4.08,0.01,False
OGS,2023-12-31,1.27,4.14,4.14,0.0,False
OGS,2024-12-31,1.34,3.91,3.91,0.0,False
OGS,2025-12-31,1.42,4.37,4.37,0.0,False
OHI,2014-12-31,0.44,1.74,1.74,0.0,False
OHI,2015-12-31,0.32,1.29,1.29,0.0,False
OHI,2016-12-31,0.61,1.87,1.9,0.03,False
OHI,2017-12-31,0.3,0.49,0.51,0.02,False
OHI,2018-12-31,0.31,1.4,1.4,0.0,False
OHI,2019-12-31,0.27,1.58,1.58,0.0,False
OHI,2020-12-31,0.27,0.69,0.7,0.01,False
OHI,2021-12-31,0.14,1.77,1.75,0.02,False
OHI,2022-12-31,0.19,1.79,1.8,0.01,False
OHI,2023-12-31,0.22,0.99,1.0,0.01,False
OHI,2024-12-31,0.41,1.55,1.55,0.0,False
OHI,2025-12-31,0.55,1.93,1.94,0.01,False
OI,2014-12-31,-1.21,0.45,0.45,0.0,False
OI,2015-12-31,0.04,0.83,-0.47,1.3,True
OI,2016-12-31,-0.43,1.28,1.28,0.0,False
OI,2017-12-31,-0.81,1.1,1.1,0.0,False
OI,2018-12-31,-0.06,1.59,1.59,0.0,False
OI,2019-12-31,0.2,-2.56,-2.58,0.02,False
OI,2020-12-31,-0.18,1.56,1.57,0.01,False
OI,2021-12-31,0.26,0.9,0.93,0.03,False
OI,2022-12-31,0.08,3.67,3.67,0.0,False
OI,2023-12-31,-3.34,-1.04,-0.67,0.37,True
OI,2024-12-31,-1.04,-0.75,-0.69,0.06,True
OI,2025-12-31,-0.91,-0.85,-0.84,0.01,False
OII,2014-12-31,0.99,4.01,4.0,0.01,False
OII,2015-12-31,0.28,2.34,2.34,0.0,False
OII,2016-12-31,-0.11,0.26,0.25,0.01,False
OII,2017-12-31,1.74,1.66,1.68,0.02,False
OII,2018-12-31,-0.65,-2.16,-2.16,0.0,False
OII,2019-12-31,-2.66,-3.53,-3.52,0.01,False
OII,2020-12-31,-0.25,-5.01,-5.01,0.0,False
OII,2021-12-31,-0.39,-0.49,-0.49,0.0,False
OII,2022-12-31,0.22,0.25,0.26,0.01,False
OII,2023-12-31,0.43,0.95,0.95,0.0,False
OII,2024-12-31,0.55,1.44,1.44,0.0,False
OII,2025-12-31,1.76,3.5,3.49,0.01,False
OKTA,2020-01-31,-0.41,-1.77,-1.78,0.01,False
OKTA,2021-01-31,-0.58,-2.09,-2.09,0.0,False
OKTA,2022-01-31,-1.55,-5.65,-5.73,0.08,False
OKTA,2023-01-31,-0.96,-5.18,-5.16,0.02,False
OKTA,2024-01-31,-0.26,-2.17,-2.17,0.0,False
OKTA,2025-01-31,0.12,0.03,0.06,0.03,False
OKTA,2026-01-31,0.36,1.32,1.31,0.01,False
OLED,2014-12-31,0.28,0.9,0.9,0.0,False
OLED,2015-12-31,0.36,0.29,0.31,0.02,False
OLED,2016-12-31,0.57,1.04,1.02,0.02,False
OLED,2017-12-31,0.69,2.18,2.18,0.0,False
OLED,2018-12-31,0.41,1.25,1.24,0.01,False
OLED,2019-12-31,0.56,2.92,2.92,0.0,False
OLED,2020-12-31,1.13,2.8,2.8,0.0,False
OLED,2021-12-31,0.96,3.86,3.87,0.01,False
OLED,2022-12-31,1.36,4.4,4.4,0.0,False
OLED,2023-12-31,1.29,4.24,4.24,0.0,False
OLED,2024-12-31,0.96,4.65,4.65,0.0,False
OLED,2025-12-31,1.39,5.07,5.08,0.01,False
OLLI,2016-01-30,0.29,0.65,0.64,0.01,False
OLLI,2017-01-28,0.39,0.96,0.96,0.0,False
OLLI,2018-02-03,1.07,1.95,1.96,0.01,False
OLLI,2019-02-02,0.76,2.05,2.05,0.0,False
OLLI,2020-02-01,0.77,2.15,2.14,0.01,False
OLLI,2021-01-30,0.98,3.67,3.68,0.01,False
OLLI,2022-01-29,0.71,2.43,2.43,0.0,False
OLLI,2023-01-28,0.85,1.64,1.64,0.0,False
OLLI,2024-02-03,1.23,2.92,2.92,0.0,False
OLLI,2025-02-01,1.11,3.23,3.23,0.0,False
OLLI,2026-01-31,1.39,3.9,3.89,0.01,False
OLN,2014-12-31,0.16,1.33,1.33,0.0,False
OLN,2015-12-31,-0.35,0.44,-0.01,0.45,True
OLN,2016-12-31,0.11,-0.02,-0.02,0.0,False
OLN,2017-12-31,2.85,3.2,3.26,0.06,False
OLN,2018-12-31,0.32,1.95,1.95,0.0,False
OLN,2019-12-31,-0.5,-0.1,-0.07,0.03,False
OLN,2020-12-31,-0.21,-6.15,-6.14,0.01,False
OLN,2021-12-31,1.88,7.94,7.96,0.02,False
OLN,2022-12-31,1.42,8.84,8.94,0.1,False
OLN,2023-12-31,0.43,3.54,3.57,0.03,False
OLN,2024-12-31,0.09,0.9,0.91,0.01,False
OLN,2025-12-31,-1.28,-0.91,-0.88,0.03,False
OMCL,2014-12-31,0.25,0.83,0.83,0.0,False
OMCL,2015-12-31,0.21,0.84,0.84,0.0,False
OMCL,2016-12-31,0.0,0.01,0.02,0.01,False
OMCL,2017-12-31,0.6,0.49,0.53,0.04,False
OMCL,2018-12-31,0.35,0.91,0.93,0.02,False
OMCL,2019-12-31,0.51,1.42,1.43,0.01,False
OMCL,2020-12-31,0.36,0.72,0.74,0.02,False
OMCL,2021-12-31,0.28,1.62,1.62,0.0,False
OMCL,2022-12-31,-0.65,0.09,0.12,0.03,False
OMCL,2023-12-31,-0.32,-0.45,-0.45,0.0,False
OMCL,2024-12-31,0.34,0.27,0.27,0.0,False
OMCL,2025-12-31,-0.04,0.05,0.04,0.01,False
ONB,2014-12-31,0.25,0.95,0.95,0.0,False
ONB,2015-12-31,0.28,1.01,1.0,0.01,False
ONB,2016-12-31,0.25,1.05,1.05,0.0,False
ONB,2017-12-31,-0.13,0.71,0.69,0.02,False
ONB,2018-12-31,0.28,1.22,1.22,0.0,False
ONB,2019-12-31,0.29,1.38,1.38,0.0,False
ONB,2020-12-31,0.45,1.37,1.36,0.01,False
ONB,2021-12-31,0.34,1.67,1.67,0.0,False
ONB,2022-12-31,0.67,1.39,1.5,0.11,True
ONB,2023-12-31,0.44,1.94,1.94,0.0,False
ONB,2024-12-31,0.47,1.68,1.68,0.0,False
ONB,2025-12-31,0.55,1.79,1.79,0.0,False
ONTO,2014-12-27,-0.2,-1.3,-1.3,0.0,False
ONTO,2015-12-26,-0.07,0.13,0.12,0.01,False
ONTO,2016-12-31,1.03,1.72,1.75,0.03,False
ONTO,2017-12-30,0.42,1.17,1.17,0.0,False
ONTO,2018-12-29,0.48,2.34,2.34,0.0,False
ONTO,2019-12-31,-0.41,0.04,0.06,0.02,False
ONTO,2020-12-26,0.4,0.62,0.63,0.01,False
ONTO,2022-01-01,0.94,2.87,2.86,0.01,False
ONTO,2022-12-31,1.34,4.49,4.49,0.0,False
ONTO,2023-12-30,0.61,2.46,2.46,0.0,False
ONTO,2026-01-03,0.21,2.77,2.78,0.01,False
OPCH,2019-12-31,-0.08,-0.47,-0.49,0.02,False
OPCH,2021-12-31,0.41,0.77,0.77,0.0,False
OPCH,2022-12-31,0.26,0.83,0.83,0.0,False
OPCH,2023-12-31,0.32,1.47,1.48,0.01,False
OPCH,2024-12-31,0.35,1.22,1.23,0.01,False
OPCH,2025-12-31,0.37,1.28,1.27,0.01,False
OPLN,2014-12-31,0.35,1.19,1.19,0.0,False
OPLN,2015-12-31,0.35,1.51,1.51,0.0,False
OPLN,2016-12-31,0.33,1.6,1.6,0.0,False
OPLN,2017-12-31,1.26,2.63,2.62,0.01,False
OPLN,2018-12-31,0.5,2.42,2.42,0.0,False
OPLN,2019-12-31,0.15,1.41,1.42,0.01,False
OPLN,2020-12-31,-0.13,-0.15,-0.16,0.01,False
OPLN,2021-12-31,-0.04,0.12,0.16,0.04,False
OPLN,2023-12-31,0.02,-1.83,-1.82,0.01,False
OPLN,2024-12-31,0.28,0.45,0.45,0.0,False
OPLN,2025-12-31,0.58,1.16,-0.96,2.12,True
ORA,2014-12-31,0.15,1.18,1.18,0.0,False
ORA,2015-12-31,0.49,2.39,2.43,0.04,False
ORA,2016-12-31,0.46,1.78,1.87,0.09,False
ORA,2017-12-31,1.26,2.6,3.06,0.46,True
ORA,2018-12-31,0.36,1.92,1.92,0.0,False
ORA,2019-12-31,0.24,1.71,1.72,0.01,False
ORA,2020-12-31,0.39,1.66,1.65,0.01,False
ORA,2021-12-31,0.34,1.1,1.1,0.0,False
ORA,2022-12-31,0.32,1.17,1.17,0.0,False
ORA,2023-12-31,0.59,2.09,2.08,0.01,False
ORA,2024-12-31,0.67,2.04,2.04,0.0,False
ORA,2025-12-31,0.5,2.01,2.02,0.01,False
ORCL,2015-05-31,0.62,2.22,2.21,0.01,False
ORCL,2016-05-31,0.66,2.07,2.07,0.0,False
ORCL,2017-05-31,0.76,2.2,2.21,0.01,False
ORCL,2018-05-31,0.8,0.86,0.9,0.04,False
ORCL,2019-05-31,1.07,3.01,2.97,0.04,False
ORCL,2020-05-31,0.98,3.09,3.08,0.01,False
ORCL,2021-05-31,1.37,4.57,4.55,0.02,False
ORCL,2022-05-31,1.12,2.36,2.41,0.05,False
ORCL,2023-05-31,1.19,3.06,3.07,0.01,False
ORCL,2024-05-31,1.11,3.71,3.71,0.0,False
ORCL,2025-05-31,1.19,4.34,4.34,0.0,False
ORCL,2026-05-31,1.48,5.86,5.83,0.03,False
ORI,2014-12-31,0.23,1.44,1.44,0.0,False
ORI,2015-12-31,0.32,1.48,1.48,0.0,False
ORI,2016-12-31,0.46,1.63,1.62,0.01,False
ORI,2017-12-31,1.0,1.91,1.92,0.01,False
ORI,2018-12-31,-0.33,1.26,1.24,0.02,False
ORI,2019-12-31,0.91,3.5,3.51,0.01,False
ORI,2020-12-31,1.73,1.89,1.87,0.02,False
ORI,2021-12-31,2.03,5.05,5.05,0.0,False
ORI,2022-12-31,1.71,2.27,2.26,0.01,False
ORI,2023-12-31,0.68,2.09,2.1,0.01,False
ORI,2024-12-31,0.41,3.23,3.24,0.01,False
ORI,2025-12-31,0.82,3.72,3.72,0.0,False
OSIS,2015-06-30,1.09,3.17,3.17,0.0,False
OSIS,2016-06-30,0.3,1.31,1.3,0.01,False
OSIS,2017-06-30,0.08,1.08,1.07,0.01,False
OSIS,2018-06-30,0.31,-1.51,-1.57,0.06,False
OSIS,2019-06-30,0.88,3.46,3.46,0.0,False
OSIS,2020-06-30,0.76,4.04,4.05,0.01,False
OSIS,2021-06-30,1.38,4.02,4.03,0.01,False
OSIS,2022-06-30,1.94,6.48,6.45,0.03,False
OSIS,2023-06-30,2.45,5.33,5.34,0.01,False
OSIS,2024-06-30,2.55,7.36,7.38,0.02,False
OSIS,2025-06-30,3.02,8.69,8.71,0.02,False
OSIS,2026-06-30,3.27,9.0,8.95,0.05,False
OSK,2015-09-30,0.64,2.89,2.9,0.01,False
OSK,2016-09-30,0.82,2.9,2.91,0.01,False
OSK,2017-09-30,1.23,3.76,3.77,0.01,False
OSK,2018-09-30,2.05,6.31,6.29,0.02,False
OSW,2020-12-31,-0.84,-4.94,-3.77,1.17,True
OSW,2021-12-31,-0.12,-0.82,-0.76,0.06,True
OSW,2022-12-31,-0.02,0.43,0.49,0.06,True
OSW,2023-12-31,-0.07,-0.11,-0.03,0.08,True
OSW,2024-12-31,0.14,0.7,0.69,0.01,False
OSW,2025-12-31,0.12,0.69,0.69,0.0,False
OTTR,2014-12-31,0.28,1.57,1.57,0.0,False
OTTR,2015-12-31,0.39,1.58,1.58,0.0,False
OTTR,2016-12-31,0.44,1.6,1.61,0.01,False
OTTR,2017-12-31,0.46,1.82,1.82,0.0,False
OTTR,2018-12-31,0.35,2.06,2.06,0.0,False
OTTR,2019-12-31,0.51,2.18,2.17,0.01,False
OTTR,2020-12-31,0.45,2.34,2.34,0.0,False
OTTR,2021-12-31,1.23,4.23,4.23,0.0,False
OTTR,2022-12-31,1.0,6.78,6.78,0.0,False
OTTR,2023-12-31,1.37,7.0,7.0,0.0,False
OTTR,2024-12-31,1.3,7.17,7.17,0.0,False
OTTR,2025-12-31,1.23,6.56,6.55,0.01,False
OUT,2014-12-31,0.23,2.57,2.67,0.1,False
OUT,2015-12-31,-0.54,-0.22,-0.21,0.01,False
OUT,2016-12-31,0.19,0.66,0.66,0.0,False
OUT,2017-12-31,0.26,0.91,0.9,0.01,False
OUT,2018-12-31,0.41,0.76,0.75,0.01,False
OUT,2019-12-31,0.31,0.97,0.97,0.0,False
OUT,2020-12-31,0.03,-0.51,-0.56,0.05,True
OUT,2021-12-31,0.48,0.09,0.05,0.04,False
OUT,2022-12-31,0.36,0.83,0.84,0.01,False
OUT,2023-12-31,0.35,-2.67,-2.66,0.01,False
OUT,2024-12-31,0.43,1.48,1.51,0.03,False
OVV,2020-12-31,-2.36,-23.46,-23.47,0.01,False
OVV,2021-12-31,4.99,5.08,5.32,0.24,False
OVV,2022-12-31,5.15,14.05,14.08,0.03,False
OVV,2023-12-31,3.05,7.83,7.9,0.07,False
OVV,2024-12-31,-0.23,4.2,4.21,0.01,False
OVV,2025-12-31,3.64,4.78,4.78,0.0,False
P,2020-02-02,-0.02,-0.81,-0.79,0.02,False
P,2021-01-31,-0.19,-1.06,-1.05,0.01,False
P,2022-02-06,0.05,-0.51,-0.5,0.01,False
P,2023-02-05,0.17,0.16,0.23,0.07,True
P,2024-02-04,0.17,0.14,0.19,0.05,False
P,2025-02-02,0.12,0.3,0.31,0.01,False
P,2026-02-01,0.28,0.54,0.55,0.01,False
PAG,2014-12-31,0.8,3.19,3.17,0.02,False
PAG,2015-12-31,0.79,3.62,3.63,0.01,False
PAG,2016-12-31,0.97,4.0,3.99,0.01,False
PAG,2017-12-31,3.85,7.14,7.14,0.0,False
PAG,2018-12-31,1.16,5.53,5.53,0.0,False
PAG,2019-12-31,1.25,5.28,5.28,0.0,False
PAG,2020-12-31,2.49,6.76,6.74,0.02,False
PAG,2021-12-31,3.99,14.92,14.89,0.03,False
PAG,2022-12-31,4.21,18.51,18.55,0.04,False
PAG,2023-12-31,2.84,15.48,15.5,0.02,False
PAG,2024-12-31,3.54,13.75,13.74,0.01,False
PAG,2025-12-31,2.83,14.13,14.13,0.0,False
PAHC,2015-06-30,0.26,1.52,1.51,0.01,False
PAHC,2016-06-30,0.38,2.06,2.07,0.01,False
PAHC,2017-06-30,0.38,1.62,1.61,0.01,False
PAHC,2018-06-30,0.55,1.6,1.61,0.01,False
PAHC,2019-06-30,0.22,1.35,1.35,0.0,False
PAHC,2020-06-30,0.14,0.82,0.83,0.01,False
PAHC,2021-06-30,0.42,1.34,1.34,0.0,False
PAHC,2022-06-30,0.18,1.21,1.21,0.0,False
PAHC,2023-06-30,0.28,0.81,0.81,0.0,False
PAHC,2024-06-30,0.02,0.06,0.06,0.0,False
PAHC,2025-06-30,0.42,1.18,1.19,0.01,False
PAHC,2026-06-30,0.53,2.44,2.43,0.01,False
PANW,2019-07-31,-0.22,-0.87,-0.87,0.0,False
PANW,2020-07-31,-0.61,-2.75,-2.76,0.01,False
PANW,2021-07-31,-1.23,-5.18,-5.18,0.0,False
PANW,2022-07-31,0.03,-2.72,-2.71,0.01,False
PANW,2023-07-31,0.64,1.26,1.28,0.02,False
PANW,2024-07-31,1.01,7.25,7.28,0.03,False
PANW,2026-07-31,-0.34,0.52,0.4,0.12,True
PARR,2014-12-31,0.86,-1.62,-1.44,0.18,True
PARR,2015-12-31,-1.73,-1.02,-1.06,0.04,False
PARR,2016-12-31,0.3,-1.15,-1.08,0.07,True
PARR,2017-12-31,0.41,1.55,1.57,0.02,False
PARR,2018-12-31,0.3,0.85,0.85,0.0,False
PARR,2019-12-31,0.68,0.73,0.8,0.07,True
PARR,2020-12-31,-2.47,-7.68,-7.68,0.0,False
PARR,2021-12-31,0.14,-1.48,-1.4,0.08,True
PARR,2022-12-31,1.4,6.06,6.08,0.02,False
PARR,2023-12-31,4.77,11.95,11.94,0.01,False
PARR,2024-12-31,-1.03,-0.64,-0.59,0.05,True
PARR,2025-12-31,1.53,7.29,7.16,0.13,False
PATH,2022-01-31,-0.12,-1.65,-1.16,0.49,True
PATH,2023-01-31,-0.05,-0.6,-0.6,0.0,False
PATH,2024-01-31,0.06,-0.17,-0.16,0.01,False
PATH,2025-01-31,0.09,-0.13,-0.13,0.0,False
PATH,2026-01-31,0.19,0.52,0.52,0.0,False
PATK,2014-12-31,0.7,2.88,2.87,0.01,False
PATK,2016-12-31,0.89,3.63,3.64,0.01,False
PATK,2018-12-31,1.15,4.92,4.93,0.01,False
PATK,2019-12-31,0.86,3.86,3.85,0.01,False
PATK,2020-12-31,1.64,4.2,4.2,0.0,False
PATK,2021-12-31,2.62,9.63,9.63,0.0,False
PATK,2022-12-31,1.69,13.45,13.49,0.04,False
PATK,2023-12-31,1.41,6.51,6.5,0.01,False
PATK,2025-12-31,0.83,3.91,3.9,0.01,False
PAYC,2014-12-31,0.04,0.1,0.11,0.01,False
PAYC,2015-12-31,0.09,0.37,0.36,0.01,False
PAYC,2016-12-31,0.14,0.73,0.74,0.01,False
PAYC,2017-12-31,0.22,1.13,1.13,0.0,False
PAYC,2018-12-31,0.54,2.34,2.34,0.0,False
PAYC,2019-12-31,0.78,3.09,3.09,0.0,False
PAYC,2020-12-31,0.42,2.46,2.46,0.0,False
PAYC,2021-12-31,0.84,3.37,3.37,0.0,False
PAYC,2022-12-31,1.37,4.84,4.84,0.0,False
PAYC,2023-12-31,1.41,5.88,5.88,0.0,False
PAYC,2024-12-31,2.03,8.91,8.92,0.01,False
PAYC,2025-12-31,2.06,8.08,8.08,0.0,False
PAYO,2021-12-31,-0.09,-0.88,-0.33,0.55,True
PAYO,2022-12-31,-0.03,-0.04,-0.03,0.01,False
PAYO,2023-12-31,0.07,0.24,0.24,0.0,False
PAYO,2024-12-31,0.04,0.32,0.31,0.01,False
PAYO,2025-12-31,0.05,0.19,0.19,0.0,False
PB,2014-12-31,1.12,4.31,4.32,0.01,False
PB,2015-12-31,1.01,4.1,4.09,0.01,False
PB,2016-12-31,0.99,3.94,3.94,0.0,False
PB,2017-12-31,0.97,3.93,3.92,0.01,False
PB,2018-12-31,1.19,4.61,4.61,0.0,False
PB,2019-12-31,1.01,4.56,4.52,0.04,False
PB,2020-12-31,1.48,5.68,5.68,0.0,False
PB,2021-12-31,1.38,5.62,5.6,0.02,False
PB,2022-12-31,1.51,5.73,5.73,0.0,False
PB,2023-12-31,1.02,4.53,4.51,0.02,False
PB,2024-12-31,1.37,5.06,5.05,0.01,False
PB,2025-12-31,1.49,5.73,5.72,0.01,False
PBF,2014-12-31,-3.34,-0.03,-0.51,0.48,True
PBF,2015-12-31,-1.23,1.83,1.65,0.18,True
PBF,2016-12-31,0.52,1.71,1.74,0.03,False
PBF,2017-12-31,1.98,3.53,3.73,0.2,True
PBF,2018-12-31,-2.91,1.23,1.1,0.13,True
PBF,2019-12-31,0.43,2.62,2.64,0.02,False
PBF,2020-12-31,-2.46,-11.65,-11.64,0.01,False
PBF,2021-12-31,1.32,1.86,1.9,0.04,False
PBF,2022-12-31,4.77,22.64,22.84,0.2,False
PBF,2023-12-31,-0.38,16.47,16.52,0.05,False
PBF,2024-12-31,-2.65,-4.84,-4.6,0.24,True
PBF,2025-12-31,0.7,-1.43,-1.39,0.04,False
PBH,2015-03-31,0.45,1.48,1.49,0.01,False
PBH,2016-03-31,0.26,1.88,1.88,0.0,False
PBH,2017-03-31,0.21,1.3,1.3,0.0,False
PBH,2018-03-31,-0.74,6.34,6.34,0.0,False
PBH,2019-03-31,-2.73,-0.76,-0.69,0.07,True
PBH,2020-03-31,0.73,2.78,2.78,0.0,False
PBH,2021-03-31,0.7,3.25,3.25,0.0,False
PBH,2022-03-31,1.02,4.04,4.04,0.0,False
PBH,2023-03-31,-4.97,-1.82,-1.65,0.17,True
PBH,2024-03-31,0.98,4.17,4.17,0.0,False
PBH,2025-03-31,1.0,4.29,4.29,0.0,False
PBH,2026-03-31,1.13,3.91,3.91,0.0,False
PBI,2014-12-31,0.31,1.64,1.64,0.0,False
PBI,2015-12-31,0.44,2.03,2.03,0.0,False
PBI,2016-12-31,-0.45,0.48,0.49,0.01,False
PBI,2017-12-31,0.48,1.4,1.39,0.01,False
PBI,2018-12-31,0.24,1.19,1.19,0.0,False
PBI,2019-12-31,1.01,1.11,1.1,0.01,False
PBI,2020-12-31,0.11,-1.06,-1.06,0.0,False
PBI,2021-12-31,0.01,-0.01,-0.01,0.0,False
PBI,2022-12-31,0.04,0.21,0.21,0.0,False
PBI,2023-12-31,-1.27,-2.19,-2.2,0.01,False
PBI,2024-12-31,-0.2,-1.11,-1.12,0.01,False
PBI,2025-12-31,0.18,0.84,0.84,0.0,False
PCRX,2014-12-31,0.16,-0.4,-0.39,0.01,False
PCRX,2015-12-31,-0.06,0.05,0.04,0.01,False
PCRX,2016-12-31,-0.11,-1.01,-1.02,0.01,False
PCRX,2017-12-31,0.11,-1.09,-1.07,0.02,False
PCRX,2019-12-31,-0.12,-0.28,-0.27,0.01,False
PCRX,2020-12-31,0.32,3.28,3.33,0.05,False
PCRX,2021-12-31,-0.11,0.93,0.92,0.01,False
PCRX,2022-12-31,-0.24,0.29,0.34,0.05,False
PCRX,2023-12-31,0.43,0.74,0.89,0.15,True
PCRX,2024-12-31,0.44,-2.09,-2.15,0.06,False
PCRX,2025-12-31,0.04,0.15,0.16,0.01,False
PCTY,2015-06-30,-0.09,-0.29,-0.28,0.01,False
PCTY,2016-06-30,-0.11,-0.08,-0.08,0.0,False
PCTY,2017-06-30,-0.06,0.13,0.12,0.01,False
PCTY,2018-06-30,-0.03,0.7,0.7,0.0,False
PCTY,2019-06-30,0.18,0.97,0.97,0.0,False
PCTY,2020-06-30,0.09,1.16,1.15,0.01,False
PCTY,2021-06-30,0.21,1.25,1.26,0.01,False
PCTY,2022-06-30,0.27,1.61,1.61,0.0,False
PCTY,2023-06-30,0.66,2.5,2.49,0.01,False
PCTY,2024-06-30,0.85,3.63,3.63,0.0,False
PCTY,2025-06-30,0.86,4.01,4.02,0.01,False
PCTY,2026-06-30,1.11,4.94,4.92,0.02,False
PDFS,2014-12-31,0.18,0.58,0.58,0.0,False
PDFS,2015-12-31,0.09,0.39,0.39,0.0,False
PDFS,2016-12-31,0.09,0.29,0.28,0.01,False
PDFS,2017-12-31,-0.09,-0.04,-0.04,0.0,False
PDFS,2018-12-31,-0.1,-0.24,-0.24,0.0,False
PDFS,2019-12-31,-0.04,-0.16,-0.17,0.01,False
PDFS,2020-12-31,-0.91,-1.12,-1.17,0.05,False
PDFS,2021-12-31,-0.19,-0.58,-0.58,0.0,False
PDFS,2022-12-31,0.01,-0.09,-0.09,0.0,False
PDFS,2023-12-31,0.02,0.07,0.08,0.01,False
PDFS,2024-12-31,0.01,0.1,0.1,0.0,False
PDFS,2025-12-31,-0.0,-0.02,-0.02,0.0,False
PEB,2014-12-31,0.13,0.72,0.71,0.01,False
PEB,2015-12-31,0.23,0.94,0.94,0.0,False
PEB,2016-12-31,0.2,0.64,0.64,0.0,False
PEB,2017-12-31,0.11,1.2,1.19,0.01,False
PEB,2018-12-31,-1.17,0.27,-0.06,0.33,True
PEB,2019-12-31,0.09,0.64,0.63,0.01,False
PEB,2020-12-31,-1.39,-3.25,-3.25,0.0,False
PEB,2021-12-31,-0.41,-1.8,-1.8,0.0,False
PEB,2022-12-31,-0.47,-1.1,-0.95,0.15,True
PEB,2023-12-31,-0.53,-1.13,-0.93,0.2,True
PEB,2024-12-31,-1.12,-1.04,-0.39,0.65,True
PEB,2025-12-31,-0.23,-0.91,-0.9,0.01,False
PECO,2019-12-31,0.01,-0.2,-0.67,0.47,True
PECO,2020-12-31,-0.03,0.02,0.05,0.03,False
PECO,2022-12-31,0.12,0.42,0.42,0.0,False
PECO,2023-12-31,0.11,0.47,0.48,0.01,False
PECO,2024-12-31,0.15,0.5,0.51,0.01,False
PECO,2025-12-31,0.38,0.89,0.89,0.0,False
PEGA,2015-12-31,0.26,0.46,0.46,0.0,False
PEGA,2016-12-31,0.11,0.32,0.34,0.02,False
PEGA,2017-12-31,-0.04,0.4,0.4,0.0,False
PEGA,2018-12-31,0.18,0.1,0.13,0.03,False
PEGA,2019-12-31,0.01,-1.15,-1.14,0.01,False
PEGA,2020-12-31,0.05,-0.77,-0.76,0.01,False
PEGA,2021-12-31,-0.51,-0.85,-0.77,0.08,True
PEGA,2022-12-31,0.42,-4.22,-4.22,0.0,False
PEGA,2023-12-31,1.57,0.67,0.73,0.06,True
PEGA,2024-12-31,1.19,0.95,1.11,0.16,True
PEN,2015-12-31,0.06,0.05,0.08,0.03,False
PEN,2017-12-31,0.22,0.08,0.13,0.05,True
PEN,2018-12-31,0.17,0.14,0.18,0.04,False
PEN,2019-12-31,0.27,1.35,1.34,0.01,False
PEN,2020-12-31,0.1,-0.44,-0.44,0.0,False
PEN,2021-12-31,-0.63,0.18,0.14,0.04,False
PEN,2022-12-31,0.1,-0.06,-0.05,0.01,False
PEN,2023-12-31,1.38,2.31,2.32,0.01,False
PEN,2024-12-31,0.85,0.33,0.36,0.03,False
PEN,2025-12-31,1.2,4.52,4.52,0.0,False
PENG,2017-08-25,-0.48,-0.38,-0.49,0.11,True
PENG,2018-08-31,1.27,5.16,5.17,0.01,False
PENG,2019-08-30,0.24,2.2,2.19,0.01,False
PENG,2020-08-28,0.32,-0.05,-0.05,0.0,False
PENG,2021-08-27,0.72,0.73,0.83,0.1,True
PENG,2023-08-25,-2.44,-3.39,-3.65,0.26,True
PENG,2024-08-30,-0.48,-1.02,-1.0,0.02,False
PENG,2025-08-29,0.1,0.28,0.28,0.0,False
PENN,2015-12-31,-0.09,0.01,0.01,0.0,False
PENN,2016-12-31,0.05,1.19,1.19,0.0,False
PENN,2017-12-31,-3.57,5.1,5.07,0.03,False
PENN,2018-12-31,-0.42,1.01,0.93,0.08,True
PENN,2019-12-31,-0.78,0.39,0.37,0.02,False
PENN,2020-12-31,0.09,-5.93,-5.0,0.93,True
PENN,2021-12-31,0.24,2.48,2.48,0.0,False
PENN,2022-12-31,0.12,1.28,1.29,0.01,False
PENN,2023-12-31,-2.96,-4.23,-3.22,1.01,True
PENN,2024-12-31,-0.88,-2.06,-2.05,0.01,False
PENN,2025-12-31,-0.61,-6.08,-5.83,0.25,False
PFGC,2016-07-02,0.28,0.68,0.7,0.02,False
PFGC,2017-07-01,0.39,0.93,0.93,0.0,False
PFGC,2018-06-30,0.61,1.9,1.9,0.0,False
PFGC,2019-06-29,0.6,1.59,1.59,0.0,False
PFGC,2020-06-27,-1.22,-0.84,-1.01,0.17,True
PFGC,2021-07-03,0.23,0.29,0.3,0.01,False
PFGC,2022-07-02,0.49,0.72,0.74,0.02,False
PFGC,2023-07-01,0.96,2.55,2.54,0.01,False
PFGC,2024-06-29,1.07,2.79,2.79,0.0,False
PFGC,2025-06-28,0.84,2.17,2.18,0.01,False
PFGC,2026-06-27,1.03,2.29,2.29,0.0,False
PFS,2014-12-31,0.34,1.22,1.22,0.0,False
PFS,2015-12-31,0.34,1.34,1.33,0.01,False
PFS,2016-12-31,0.35,1.38,1.38,0.0,False
PFS,2017-12-31,0.3,1.46,1.45,0.01,False
PFS,2018-12-31,0.55,1.82,1.82,0.0,False
PFS,2019-12-31,0.4,1.75,1.74,0.01,False
PFS,2020-12-31,0.53,1.35,1.39,0.04,False
PFS,2021-12-31,0.49,2.19,2.19,0.0,False
PFS,2022-12-31,0.66,2.35,2.35,0.0,False
PFS,2023-12-31,0.36,1.71,1.71,0.0,False
PFS,2024-12-31,0.37,1.05,1.05,0.0,False
PFS,2025-12-31,0.64,2.23,2.23,0.0,False
PGNY,2019-12-31,-0.21,-1.02,-0.41,0.61,True
PGNY,2020-12-31,0.35,0.42,0.47,0.05,False
PGNY,2021-12-31,0.15,0.66,0.66,0.0,False
PGNY,2022-12-31,0.03,0.3,0.3,0.0,False
PGNY,2023-12-31,0.13,0.62,0.62,0.0,False
PGNY,2024-12-31,0.12,0.57,0.57,0.0,False
PGNY,2025-12-31,0.14,0.65,0.65,0.0,False
PHIN,2023-12-31,0.7,2.16,2.17,0.01,False
PHIN,2024-12-31,0.12,1.75,1.76,0.01,False
PHIN,2025-12-31,1.15,3.25,3.24,0.01,False
PI,2020-12-31,-0.68,-2.27,-2.28,0.01,False
PI,2021-12-31,-0.81,-2.11,-2.12,0.01,False
PI,2022-12-31,-0.0,-0.96,-0.95,0.01,False
PI,2023-12-31,-0.56,-1.62,-1.62,0.0,False
PI,2024-12-31,-0.23,1.22,1.39,0.17,True
PI,2025-12-31,-0.04,-0.39,-0.37,0.02,False
PII,2014-12-31,1.98,6.65,6.65,0.0,False
PII,2015-12-31,1.66,6.75,6.75,0.0,False
PII,2016-12-31,0.97,3.27,3.27,0.0,False
PII,2017-12-31,0.48,2.68,2.69,0.01,False
PII,2018-12-31,1.47,5.25,5.24,0.01,False
PII,2019-12-31,1.58,5.2,5.2,0.0,False
PII,2020-12-31,3.1,1.85,1.99,0.14,True
PII,2021-12-31,1.39,7.86,7.88,0.02,False
PII,2022-12-31,3.33,7.49,7.44,0.05,False
PII,2023-12-31,1.81,8.7,8.71,0.01,False
PII,2024-12-31,0.19,1.96,1.95,0.01,False
PII,2025-12-31,-5.35,-8.19,-8.18,0.01,False
PINS,2020-12-31,0.34,-0.24,-0.22,0.02,False
PINS,2021-12-31,0.23,0.44,0.46,0.02,False
PINS,2022-12-31,0.03,-0.15,-0.14,0.01,False
PINS,2023-12-31,0.31,-0.04,-0.05,0.01,False
PINS,2024-12-31,2.6,2.61,2.67,0.06,False
PINS,2025-12-31,0.41,0.61,0.61,0.0,False
PIPR,2014-12-31,0.77,3.88,3.87,0.01,False
PIPR,2015-12-31,0.88,3.31,3.34,0.03,False
PIPR,2016-12-31,-2.71,-1.73,-1.73,0.0,False
PIPR,2017-12-31,-3.58,-5.29,-5.07,0.22,False
PIPR,2018-12-31,1.22,3.55,3.72,0.17,False
PIPR,2019-12-31,2.67,7.72,7.69,0.03,False
PIPR,2020-12-31,2.66,2.47,2.72,0.25,True
PIPR,2021-12-31,6.54,16.34,16.43,0.09,False
PIPR,2022-12-31,2.25,6.5,6.52,0.02,False
PIPR,2023-12-31,2.99,4.93,4.96,0.03,False
PIPR,2024-12-31,3.86,10.22,10.24,0.02,False
PIPR,2025-12-31,6.4,15.81,15.82,0.01,False
PK,2017-12-31,0.28,12.3,12.21,0.09,False
PK,2018-12-31,0.27,2.31,2.31,0.0,False
PK,2019-12-31,0.51,1.41,1.44,0.03,False
PK,2020-12-31,-0.92,-6.08,-6.11,0.03,False
PK,2021-12-31,-0.28,-1.94,-1.95,0.01,False
PK,2022-12-31,0.15,0.72,0.71,0.01,False
PK,2023-12-31,0.88,0.46,0.44,0.02,False
PK,2024-12-31,0.32,1.01,1.01,0.0,False
PK,2025-12-31,-1.04,-1.43,-1.43,0.0,False
PLAB,2014-11-02,0.07,0.39,0.41,0.02,False
PLAB,2015-11-01,0.21,0.58,0.63,0.05,True
PLAB,2016-10-30,0.07,0.63,0.64,0.01,False
PLAB,2017-10-29,0.08,0.2,0.19,0.01,False
PLAB,2018-10-31,0.16,0.58,0.59,0.01,False
PLAB,2019-10-31,0.13,0.44,0.44,0.0,False
PLAB,2020-10-31,0.1,0.53,0.52,0.01,False
PLAB,2021-10-31,0.33,0.91,0.89,0.02,False
PLAB,2022-10-31,0.6,1.94,1.94,0.0,False
PLAB,2023-10-31,0.72,2.04,2.03,0.01,False
PLAB,2024-10-31,0.54,2.09,2.09,0.0,False
PLAB,2025-10-31,1.07,2.29,2.28,0.01,False
PLMR,2019-12-31,0.45,0.21,0.49,0.28,True
PLMR,2020-12-31,-0.07,0.27,0.24,0.03,False
PLMR,2021-12-31,0.64,1.75,1.76,0.01,False
PLMR,2022-12-31,0.73,2.03,2.02,0.01,False
PLMR,2023-12-31,1.02,3.12,3.13,0.01,False
PLMR,2024-12-31,1.28,4.47,4.48,0.01,False
PLMR,2025-12-31,2.04,7.16,7.17,0.01,False
PLUS,2015-03-31,1.21,6.22,6.19,0.03,False
PLUS,2016-03-31,1.34,6.1,6.09,0.01,False
PLUS,2018-03-31,0.64,3.94,3.95,0.01,False
PLUS,2019-03-31,1.11,4.66,4.65,0.01,False
PLUS,2020-03-31,0.98,5.15,5.15,0.0,False
PLUS,2021-03-31,1.15,5.55,5.54,0.01,False
PLUS,2023-03-31,1.23,4.48,4.48,0.0,False
PLUS,2024-03-31,0.82,4.33,4.33,0.0,False
PLUS,2025-03-31,0.95,4.05,4.05,0.0,False
PLUS,2026-03-31,0.95,5.03,5.03,0.0,False
PLXS,2015-10-03,0.7,2.75,2.74,0.01,False
PLXS,2016-10-01,0.56,2.24,2.24,0.0,False
PLXS,2017-09-30,0.84,3.24,3.24,0.0,False
PLXS,2018-09-29,2.14,0.36,0.38,0.02,False
PLXS,2019-09-28,1.23,3.52,3.5,0.02,False
PLXS,2020-10-03,1.26,3.92,3.93,0.01,False
PLXS,2021-10-02,1.16,4.76,4.76,0.0,False
PLXS,2022-10-01,1.77,4.87,4.86,0.01,False
PLXS,2023-09-30,1.44,4.94,4.95,0.01,False
PLXS,2024-09-28,1.48,4.01,4.01,0.0,False
PLXS,2025-09-27,1.87,6.26,6.26,0.0,False
PMT,2014-12-31,0.35,2.47,2.47,0.0,False
PMT,2015-12-31,0.19,1.13,1.16,0.03,False
PMT,2016-12-31,0.43,1.04,1.08,0.04,False
PMT,2017-12-31,0.45,1.43,1.48,0.05,False
PMT,2018-12-31,0.55,1.99,1.99,0.0,False
PMT,2019-12-31,0.54,2.43,2.42,0.01,False
PMT,2020-12-31,0.8,0.26,0.27,0.01,False
PMT,2021-12-31,-0.29,0.25,0.26,0.01,False
PMT,2022-12-31,-0.07,-1.26,-1.26,0.0,False
PMT,2023-12-31,0.36,1.53,1.63,0.1,True
PMT,2024-12-31,0.58,1.5,1.37,0.13,True
PMT,2025-12-31,0.49,0.99,0.99,0.0,False
POOL,2014-12-31,-0.05,2.43,2.44,0.01,False
POOL,2015-12-31,0.06,2.9,2.9,0.0,False
POOL,2016-12-31,0.06,3.45,3.47,0.02,False
POOL,2017-12-31,0.62,4.51,4.51,0.0,False
POOL,2018-12-31,0.41,5.62,5.62,0.0,False
POOL,2019-12-31,0.44,6.41,6.4,0.01,False
POOL,2020-12-31,1.44,8.98,8.97,0.01,False
POOL,2021-12-31,2.71,16.04,15.97,0.07,False
POOL,2022-12-31,1.82,18.64,18.7,0.06,False
POOL,2023-12-31,1.32,13.32,13.35,0.03,False
POOL,2024-12-31,0.98,11.28,11.3,0.02,False
POOL,2025-12-31,0.85,10.84,10.85,0.01,False
POR,2014-12-31,0.53,2.16,2.18,0.02,False
POR,2015-12-31,0.59,2.05,2.04,0.01,False
POR,2016-12-31,0.68,2.16,2.16,0.0,False
POR,2017-12-31,0.47,2.1,2.1,0.0,False
POR,2018-12-31,0.55,2.37,2.37,0.0,False
POR,2019-12-31,0.68,2.39,2.39,0.0,False
POR,2020-12-31,0.58,1.72,1.72,0.0,False
POR,2021-12-31,0.74,2.73,2.72,0.01,False
POR,2022-12-31,0.57,2.61,2.6,0.01,False
POR,2023-12-31,0.68,2.33,2.33,0.0,False
POR,2024-12-31,0.35,3.02,3.01,0.01,False
POR,2025-12-31,0.36,2.77,2.77,0.0,False
POST,2015-09-30,-1.21,-2.47,-2.33,0.14,True
POST,2016-09-30,-0.61,-0.44,-0.41,0.03,False
POST,2017-09-30,0.17,0.35,0.5,0.15,True
POST,2018-09-30,-0.26,6.05,6.16,0.11,False
POST,2019-09-30,-0.82,1.64,1.66,0.02,False
POST,2020-09-30,0.82,-0.04,0.01,0.05,False
POST,2021-09-30,0.38,2.33,2.38,0.05,False
POST,2022-09-30,1.3,12.17,12.09,0.08,False
POST,2023-09-30,1.01,4.83,4.82,0.01,False
POST,2024-09-30,1.28,5.64,5.64,0.0,False
POST,2025-09-30,0.84,5.44,5.51,0.07,False
POWI,2014-12-31,0.47,1.93,1.93,0.0,False
POWI,2015-12-31,0.43,1.32,1.32,0.0,False
POWI,2016-12-31,0.45,1.61,1.62,0.01,False
POWI,2017-12-31,-0.55,0.92,0.9,0.02,False
POWI,2018-12-31,0.76,2.32,2.32,0.0,False
POWI,2019-12-31,5.23,6.42,6.49,0.07,False
POWI,2021-12-31,0.66,2.68,2.67,0.01,False
POWI,2022-12-31,0.4,2.93,2.93,0.0,False
POWI,2023-12-31,0.25,0.97,0.97,0.0,False
POWI,2024-12-31,0.16,0.57,0.56,0.01,False
POWI,2025-12-31,0.24,0.39,0.39,0.0,False
POWL,2015-09-30,0.54,0.81,0.79,0.02,False
POWL,2016-09-30,0.48,1.36,1.36,0.0,False
POWL,2017-09-30,-0.45,-0.83,-0.83,0.0,False
POWL,2018-09-30,0.13,-0.62,-0.62,0.0,False
POWL,2019-09-30,0.56,0.85,0.85,0.0,False
POWL,2020-09-30,0.25,1.43,1.42,0.01,False
POWL,2021-09-30,0.27,0.05,0.05,0.0,False
POWL,2022-09-30,0.71,1.13,1.15,0.02,False
POWL,2023-09-30,2.18,4.5,4.5,0.0,False
POWL,2024-09-30,3.78,12.3,12.29,0.01,False
POWL,2025-09-30,4.23,14.86,14.86,0.0,False
PPC,2014-12-28,0.64,2.74,2.74,0.0,False
PPC,2015-12-27,0.25,2.5,2.5,0.0,False
PPC,2016-12-25,0.28,1.73,1.73,0.0,False
PPC,2017-12-31,0.54,2.79,2.79,0.0,False
PPC,2018-12-30,-0.03,1.0,1.0,0.0,False
PPC,2019-12-29,0.37,1.83,1.83,0.0,False
PPC,2020-12-27,0.0,0.39,0.39,0.0,False
PPC,2021-12-26,0.15,0.13,0.13,0.0,False
PPC,2022-12-25,-0.65,3.08,3.1,0.02,False
PPC,2023-12-31,0.57,1.35,1.36,0.01,False
PPC,2024-12-29,0.99,4.56,4.57,0.01,False
PPC,2025-12-28,0.37,4.54,4.54,0.0,False
PPLI,2020-12-31,5.6,2.65,2.97,0.32,True
PPLI,2021-12-31,0.14,6.27,6.31,0.04,False
PPLI,2022-12-31,-0.02,-13.5,-13.55,0.05,False
PPLI,2023-12-31,3.64,2.42,2.97,0.55,True
PPLI,2024-12-31,-2.46,-6.59,-6.49,0.1,False
PPLI,2025-12-31,-1.01,-1.35,-1.3,0.05,False
PR,2018-12-31,0.12,0.76,0.75,0.01,False
PR,2019-12-31,0.03,0.06,0.06,0.0,False
PR,2020-12-31,-0.32,-2.48,-2.46,0.02,False
PR,2021-12-31,0.45,0.36,0.46,0.1,True
PR,2022-12-31,0.25,1.6,1.61,0.01,False
PR,2023-12-31,0.51,1.16,1.24,0.08,True
PR,2024-12-31,0.29,1.43,1.45,0.02,False
PR,2025-12-31,0.48,1.28,1.28,0.0,False
PRDO,2014-12-31,-0.38,-2.65,-2.65,0.0,False
PRDO,2015-12-31,2.04,0.69,0.76,0.07,True
PRDO,2016-12-31,-0.49,-0.29,-0.27,0.02,False
PRDO,2017-12-31,-0.7,-0.53,-0.46,0.07,True
PRDO,2018-12-31,0.2,0.78,0.77,0.01,False
PRDO,2019-12-31,0.37,0.96,0.97,0.01,False
PRDO,2020-12-31,0.38,1.75,1.74,0.01,False
PRDO,2021-12-31,0.36,1.55,1.55,0.0,False
PRDO,2022-12-31,0.23,1.38,1.39,0.01,False
PRDO,2023-12-31,0.26,2.18,2.18,0.0,False
PRDO,2024-12-31,0.46,2.19,2.19,0.0,False
PRDO,2025-12-31,0.54,2.41,2.42,0.01,False
PRG,2020-12-31,0.6,-0.92,-0.9,0.02,False
PRG,2021-12-31,0.59,3.63,3.67,0.04,False
PRG,2022-12-31,0.74,1.92,1.9,0.02,False
PRG,2023-12-31,0.41,2.96,2.98,0.02,False
PRG,2024-12-31,1.35,4.55,4.53,0.02,False
PRG,2025-12-31,1.0,3.6,3.59,0.01,False
PRGO,2015-06-27,0.38,0.94,0.92,0.02,False
PRGO,2016-12-31,-9.47,-28.0,-28.01,0.01,False
PRGO,2019-12-31,-0.14,1.07,1.07,0.0,False
PRGO,2020-12-31,-1.31,-1.23,-1.19,0.04,False
PRGO,2021-12-31,0.07,-0.52,-0.52,0.0,False
PRGO,2022-12-31,-0.18,-1.05,-1.04,0.01,False
PRGO,2023-12-31,-0.24,-0.1,-0.09,0.01,False
PRGO,2024-12-31,-0.32,-1.25,-1.25,0.0,False
PRGO,2025-12-31,-10.19,-10.25,-10.29,0.04,False
PRGS,2014-11-30,0.28,0.96,0.96,0.0,False
PRGS,2015-11-30,-0.19,-0.18,-0.17,0.01,False
PRGS,2016-11-30,-1.57,-1.22,-1.13,0.09,True
PRGS,2017-11-30,0.34,0.77,0.77,0.0,False
PRGS,2018-11-30,0.41,1.38,1.38,0.0,False
PRGS,2019-11-30,-0.1,0.59,0.58,0.01,False
PRGS,2020-11-30,0.39,1.75,1.76,0.01,False
PRGS,2021-11-30,0.33,1.75,1.76,0.01,False
PRGS,2022-11-30,0.54,2.16,2.15,0.01,False
PRGS,2023-11-30,0.34,1.56,1.57,0.01,False
PRGS,2024-11-30,0.03,1.56,1.54,0.02,False
PRGS,2025-11-30,0.59,1.66,1.66,0.0,False
PRI,2014-12-31,0.85,3.3,3.29,0.01,False
PRI,2015-12-31,0.98,3.72,3.7,0.02,False
PRI,2016-12-31,1.22,4.59,4.59,0.0,False
PRI,2017-12-31,3.72,7.65,7.61,0.04,False
PRI,2018-12-31,1.99,7.34,7.33,0.01,False
PRI,2019-12-31,2.24,8.63,8.62,0.01,False
PRI,2020-12-31,2.52,9.59,9.57,0.02,False
PRI,2021-12-31,0.88,9.38,9.38,0.0,False
PRI,2022-12-31,3.54,9.76,9.74,0.02,False
PRI,2023-12-31,4.3,15.88,15.94,0.06,False
PRI,2024-12-31,4.97,13.76,13.71,0.05,False
PRI,2025-12-31,6.14,22.94,22.91,0.03,False
PRIM,2014-12-31,0.17,1.22,1.22,0.0,False
PRIM,2015-12-31,0.24,0.71,0.71,0.0,False
PRIM,2016-12-31,0.28,0.52,0.51,0.01,False
PRIM,2017-12-31,0.44,1.41,1.4,0.01,False
PRIM,2018-12-31,0.63,1.5,1.5,0.0,False
PRIM,2019-12-31,0.53,1.62,1.61,0.01,False
PRIM,2020-12-31,0.65,2.15,2.16,0.01,False
PRIM,2021-12-31,0.55,2.15,2.17,0.02,False
PRIM,2022-12-31,0.77,2.47,2.47,0.0,False
PRIM,2023-12-31,0.69,2.32,2.33,0.01,False
PRIM,2024-12-31,0.99,3.32,3.31,0.01,False
PRIM,2025-12-31,0.94,5.02,5.02,0.0,False
PRK,2014-12-31,1.58,5.46,5.46,0.0,False
PRK,2015-12-31,1.36,5.26,5.26,0.0,False
PRK,2016-12-31,1.3,5.59,5.59,0.0,False
PRK,2017-12-31,1.48,5.47,5.47,0.0,False
PRK,2018-12-31,1.67,7.08,7.07,0.01,False
PRK,2019-12-31,1.47,6.31,6.29,0.02,False
PRK,2020-12-31,2.75,7.79,7.8,0.01,False
PRK,2021-12-31,2.23,9.38,9.37,0.01,False
PRK,2022-12-31,2.02,9.07,9.06,0.01,False
PRK,2023-12-31,1.51,7.8,7.8,0.0,False
PRK,2024-12-31,2.37,9.31,9.32,0.01,False
PRK,2025-12-31,2.63,11.12,11.11,0.01,False
PRKS,2014-12-31,-0.29,0.58,0.57,0.01,False
PRKS,2015-12-31,-0.13,0.57,0.57,0.0,False
PRKS,2016-12-31,-0.14,-0.16,-0.15,0.01,False
PRKS,2017-12-31,-0.24,-2.37,-2.36,0.01,False
PRKS,2018-12-31,-0.13,0.5,0.52,0.02,False
PRKS,2019-12-31,-0.3,1.14,1.1,0.04,False
PRKS,2020-12-31,-0.58,-3.99,-3.99,0.0,False
PRKS,2021-12-31,0.9,3.2,3.22,0.02,False
PRKS,2022-12-31,0.75,4.24,4.14,0.1,False
PRKS,2023-12-31,0.61,3.62,3.63,0.01,False
PRKS,2024-12-31,0.5,3.87,3.79,0.08,False
PRKS,2025-12-31,0.28,3.05,3.06,0.01,False
PRLB,2014-12-31,0.39,1.6,1.6,0.0,False
PRLB,2015-12-31,0.45,1.76,1.77,0.01,False
PRLB,2016-12-31,0.35,1.6,1.61,0.01,False
PRLB,2017-12-31,0.52,1.92,1.93,0.01,False
PRLB,2018-12-31,0.71,2.81,2.81,0.0,False
PRLB,2019-12-31,0.56,2.35,2.35,0.0,False
PRLB,2020-12-31,0.35,1.89,1.89,0.0,False
PRLB,2021-12-31,0.43,1.2,1.21,0.01,False
PRLB,2022-12-31,-4.25,-3.83,-3.77,0.06,False
PRLB,2023-12-31,0.27,0.67,0.66,0.01,False
PRLB,2024-12-31,-0.02,0.65,0.66,0.01,False
PRLB,2025-12-31,0.25,0.88,0.88,0.0,False
PRSU,2014-12-31,-0.29,2.6,2.59,0.01,False
PRSU,2015-12-31,-0.05,1.33,1.32,0.01,False
PRSU,2016-12-31,-0.2,2.08,2.09,0.01,False
PRSU,2017-12-31,-1.06,2.83,2.83,0.0,False
PRSU,2018-12-31,-0.11,2.4,2.4,0.0,False
PRSU,2019-12-31,-0.3,1.01,1.02,0.01,False
PRSU,2020-12-31,-2.58,-18.65,-18.64,0.01,False
PRSU,2021-12-31,-1.25,-5.18,-5.01,0.17,False
PRSU,2022-12-31,-0.25,0.15,0.53,0.38,True
PRSU,2023-12-31,-0.61,0.03,0.3,0.27,True
PRSU,2024-12-31,11.12,12.45,12.84,0.39,False
PRSU,2025-12-31,-0.9,0.79,0.8,0.01,False
PRVA,2021-12-31,-0.11,-1.82,-1.83,0.01,False
PRVA,2022-12-31,0.18,-0.07,-0.08,0.01,False
PRVA,2023-12-31,0.02,0.19,0.19,0.0,False
PRVA,2024-12-31,0.03,0.11,0.11,0.0,False
PRVA,2025-12-31,0.07,0.17,0.18,0.01,False
PSMT,2015-08-31,0.74,2.94,2.95,0.01,False
PSMT,2016-08-31,0.73,2.91,2.92,0.01,False
PSMT,2017-08-31,0.65,2.99,2.98,0.01,False
PSMT,2018-08-31,0.62,2.44,2.44,0.0,False
PSMT,2019-08-31,0.67,2.4,2.4,0.0,False
PSMT,2020-08-31,0.65,2.55,2.55,0.0,False
PSMT,2021-08-31,0.63,3.18,3.18,0.0,False
PSMT,2022-08-31,0.75,3.38,3.38,0.0,False
PSMT,2023-08-31,0.49,3.5,3.5,0.0,False
PSMT,2024-08-31,0.95,4.58,4.57,0.01,False
PSMT,2025-08-31,1.02,4.82,4.82,0.0,False
PSN,2019-12-31,0.15,1.28,1.3,0.02,False
PSN,2020-12-31,0.22,0.98,0.97,0.01,False
PSN,2021-12-31,0.26,0.59,0.59,0.0,False
PSN,2022-12-31,0.25,0.88,0.87,0.01,False
PSN,2023-12-31,0.39,1.42,1.42,0.0,False
PSN,2024-12-31,0.48,2.13,2.12,0.01,False
PSN,2025-12-31,0.51,2.2,2.2,0.0,False
PTCT,2014-12-31,-0.84,-3.21,-2.97,0.24,True
PTCT,2019-12-31,-1.16,-4.26,-4.27,0.01,False
PTCT,2020-12-31,-1.08,-6.7,-6.64,0.06,False
PTCT,2021-12-31,-2.03,-7.43,-7.43,0.0,False
PTCT,2022-12-31,-2.35,-8.28,-7.79,0.49,True
PTCT,2023-12-31,-2.06,-8.36,-8.37,0.01,False
PTCT,2024-12-31,-0.85,-4.73,-4.73,0.0,False
PTCT,2025-12-31,-1.32,8.09,7.78,0.31,False
PTEN,2014-12-31,0.4,1.12,1.11,0.01,False
PTEN,2015-12-31,-0.4,-2.01,-2.0,0.01,False
PTEN,2016-12-31,-0.53,-2.17,-2.18,0.01,False
PTEN,2017-12-31,0.86,-0.16,0.03,0.19,True
PTEN,2018-12-31,-0.93,-1.48,-1.47,0.01,False
PTEN,2019-12-31,-0.44,-2.13,-2.1,0.03,False
PTEN,2020-12-31,-0.57,-4.26,-4.27,0.01,False
PTEN,2021-12-31,-1.68,-3.24,-3.36,0.12,False
PTEN,2022-12-31,0.45,0.7,0.7,0.0,False
PTEN,2023-12-31,0.15,1.01,0.88,0.13,True
PTEN,2024-12-31,-0.13,-2.47,-2.44,0.03,False
PTEN,2025-12-31,-0.02,-0.25,-0.24,0.01,False
PTGX,2020-12-31,-0.48,-2.0,-1.92,0.08,False
PTGX,2021-12-31,-0.77,-2.7,-2.71,0.01,False
PTGX,2022-12-31,-0.69,-2.6,-2.6,0.0,False
PTGX,2023-12-31,0.45,-1.48,-1.39,0.09,True
PTGX,2024-12-31,1.79,4.01,4.23,0.22,True
PTGX,2025-12-31,-0.69,-2.05,-2.05,0.0,False
PTON,2020-06-30,0.31,-1.38,-0.32,1.06,True
PTON,2021-06-30,-1.05,-0.7,-0.64,0.06,True
PTON,2022-06-30,-3.72,-8.63,-8.77,0.14,False
PTON,2023-06-30,-0.68,-3.65,-3.64,0.01,False
PTON,2024-06-30,-0.08,-1.51,-1.51,0.0,False
PTON,2025-06-30,0.05,-0.31,-0.3,0.01,False
PTON,2026-06-30,0.16,0.16,0.14,0.02,False
PVH,2015-02-01,0.62,5.27,5.27,0.0,False
PVH,2016-01-31,1.63,6.89,6.89,0.0,False
PVH,2017-01-29,1.26,6.76,6.79,0.03,False
PVH,2018-02-04,1.39,6.85,6.84,0.01,False
PVH,2019-02-03,2.09,9.65,9.65,0.0,False
PVH,2020-02-02,-0.92,5.56,5.6,0.04,False
PVH,2021-01-31,-0.81,-15.92,-15.96,0.04,False
PVH,2022-01-30,5.53,13.31,13.25,0.06,False
PVH,2023-01-29,2.16,2.94,3.03,0.09,False
PVH,2024-02-04,4.55,10.85,10.76,0.09,False
PVH,2025-02-02,2.83,10.56,10.56,0.0,False
PVH,2026-02-01,-3.4,0.44,0.52,0.08,True
PZZA,2014-12-28,0.52,1.76,1.75,0.01,False
PZZA,2015-12-27,0.62,1.89,1.89,0.0,False
PZZA,2016-12-25,0.88,2.75,2.74,0.01,False
PZZA,2017-12-31,0.81,2.83,2.83,0.0,False
PZZA,2018-12-30,-0.43,0.02,0.05,0.03,False
PZZA,2019-12-29,-0.18,-0.25,-0.24,0.01,False
PZZA,2020-12-27,0.28,1.26,1.28,0.02,False
PZZA,2021-12-26,0.67,-0.02,0.12,0.14,True
PZZA,2022-12-25,0.66,1.88,1.89,0.01,False
PZZA,2023-12-31,0.79,2.46,2.48,0.02,False
PZZA,2024-12-29,0.45,2.53,2.54,0.01,False
PZZA,2025-12-28,0.21,0.89,0.9,0.01,False
QDEL,2023-01-01,0.53,12.48,9.56,2.92,True
QDEL,2023-12-31,0.11,-0.15,-0.15,0.0,False
QDEL,2024-12-29,-2.64,-30.64,-30.54,0.1,False
QDEL,2025-12-28,-1.92,-16.66,-16.69,0.03,False
QLYS,2014-12-31,0.69,0.82,0.81,0.01,False
QLYS,2015-12-31,0.14,0.42,0.42,0.0,False
QLYS,2016-12-31,0.15,0.5,0.5,0.0,False
QLYS,2017-12-31,0.07,1.02,1.01,0.01,False
QLYS,2018-12-31,0.35,1.37,1.37,0.0,False
QLYS,2019-12-31,0.5,1.68,1.68,0.0,False
QLYS,2020-12-31,0.58,2.24,2.24,0.0,False
QLYS,2021-12-31,0.55,1.79,1.77,0.02,False
QLYS,2022-12-31,0.74,2.76,2.74,0.02,False
QLYS,2023-12-31,1.07,4.03,4.03,0.0,False
QLYS,2024-12-31,1.19,4.65,4.65,0.0,False
QLYS,2025-12-31,1.47,5.44,5.44,0.0,False
QNST,2015-06-30,-0.11,-0.44,-0.45,0.01,False
QNST,2016-06-30,-0.1,-0.43,-0.43,0.0,False
QNST,2017-06-30,-0.03,-0.27,-0.27,0.0,False
QNST,2018-06-30,0.1,0.31,0.32,0.01,False
QNST,2019-06-30,0.06,1.18,1.18,0.0,False
QNST,2020-06-30,0.03,0.34,0.34,0.0,False
QNST,2021-06-30,0.06,0.43,0.43,0.0,False
QNST,2022-06-30,-0.1,-0.1,-0.1,0.0,False
QNST,2023-06-30,-1.03,-1.27,-1.28,0.01,False
QNST,2024-06-30,-0.04,-0.57,-0.57,0.0,False
QNST,2026-06-30,0.33,1.41,1.4,0.01,False
QRVO,2015-03-28,0.07,2.62,2.11,0.51,True
QRVO,2016-04-02,-0.2,-0.24,-0.2,0.04,False
QRVO,2018-03-31,-0.1,-0.33,-0.32,0.01,False
QRVO,2020-03-28,0.43,2.82,2.8,0.02,False
QRVO,2021-04-03,2.59,6.34,6.32,0.02,False
QRVO,2022-04-02,1.95,9.25,9.26,0.01,False
QRVO,2023-04-01,-1.37,0.94,1.0,0.06,True
QRVO,2024-03-30,0.03,-0.73,-0.72,0.01,False
QRVO,2025-03-29,0.33,0.58,0.58,0.0,False
QRVO,2026-03-28,0.32,3.62,3.62,0.0,False
QTWO,2019-12-31,-0.32,-1.54,-1.53,0.01,False
QTWO,2020-12-31,-0.69,-2.65,-2.65,0.0,False
QTWO,2021-12-31,-0.45,-2.0,-2.0,0.0,False
QTWO,2022-12-31,-0.56,-1.89,-1.9,0.01,False
QTWO,2023-12-31,-0.31,-1.13,-1.12,0.01,False
QTWO,2024-12-31,0.0,-0.65,-0.64,0.01,False
QTWO,2025-12-31,0.36,0.84,0.8,0.04,False
R,2014-12-31,0.21,4.09,4.11,0.02,False
R,2015-12-31,1.43,5.7,5.71,0.01,False
R,2016-12-31,0.9,4.91,4.9,0.01,False
R,2017-12-31,12.16,14.94,14.87,0.07,False
R,2018-12-31,2.08,5.19,5.17,0.02,False
R,2019-12-31,-1.03,-0.49,-0.47,0.02,False
R,2020-12-31,0.49,-2.35,-2.34,0.01,False
R,2021-12-31,3.38,9.67,9.66,0.01,False
R,2022-12-31,4.2,17.07,17.04,0.03,False
R,2023-12-31,2.68,8.69,8.73,0.04,False
R,2024-12-31,3.11,11.08,11.06,0.02,False
R,2025-12-31,3.23,11.95,11.94,0.01,False
RAL,2025-12-31,-12.18,-10.84,-10.84,0.0,False
RAMP,2015-03-31,-0.08,-0.15,-0.14,0.01,False
RAMP,2016-03-31,-0.02,0.09,0.09,0.0,False
RAMP,2017-03-31,-0.1,0.05,0.05,0.0,False
RAMP,2018-03-31,0.06,0.28,0.29,0.01,False
RAMP,2019-03-31,-0.67,13.21,13.71,0.5,False
RAMP,2020-03-31,-0.06,-1.82,-1.84,0.02,False
RAMP,2021-03-31,-0.49,-1.36,-1.36,0.0,False
RAMP,2022-03-31,-0.44,-0.51,-0.5,0.01,False
RAMP,2023-03-31,-0.48,-1.79,-1.79,0.0,False
RAMP,2024-03-31,-0.08,0.18,0.17,0.01,False
RAMP,2025-03-31,-0.1,-0.01,-0.01,0.0,False
RAMP,2026-03-31,1.12,2.28,2.24,0.04,False
RBA,2015-12-31,0.43,1.26,1.27,0.01,False
RBA,2016-12-31,0.26,0.85,0.85,0.0,False
RBA,2017-12-31,0.34,0.69,0.69,0.0,False
RBA,2018-12-31,0.32,1.11,1.11,0.0,False
RBA,2019-12-31,0.47,1.36,1.36,0.0,False
RBA,2020-12-31,0.44,1.55,1.54,0.01,False
RBA,2021-12-31,0.27,1.36,1.36,0.0,False
RBA,2022-12-31,0.4,2.86,2.86,0.0,False
RBA,2023-12-31,0.41,0.85,1.04,0.19,True
RBA,2024-12-31,0.58,2.01,2.01,0.0,False
RBA,2025-12-31,0.53,2.04,2.04,0.0,False
RBC,2015-03-28,0.64,2.5,2.49,0.01,False
RBC,2016-04-02,0.8,2.72,2.72,0.0,False
RBC,2017-04-01,0.9,2.97,2.97,0.0,False
RBC,2018-03-31,1.09,3.57,3.58,0.01,False
RBC,2019-03-30,1.27,4.26,4.26,0.0,False
RBC,2020-03-28,1.35,5.06,5.06,0.0,False
RBC,2021-04-03,0.99,3.58,3.58,0.0,False
RBC,2022-04-02,0.8,1.88,1.95,0.07,False
RBC,2023-04-01,1.49,4.94,4.94,0.0,False
RBC,2024-03-30,1.91,6.4,6.41,0.01,False
RBC,2025-03-29,2.3,7.67,7.7,0.03,False
RBC,2026-03-28,2.89,9.09,9.09,0.0,False
RCL,2014-12-31,0.49,3.42,3.43,0.01,False
RCL,2015-12-31,0.94,3.01,3.02,0.01,False
RCL,2016-12-31,1.21,3.76,5.93,2.17,True
RCL,2017-12-31,1.34,7.53,7.53,0.0,False
RCL,2018-12-31,1.5,8.57,8.56,0.01,False
RCL,2019-12-31,1.3,8.94,8.95,0.01,False
RCL,2020-12-31,-6.08,-27.11,-27.05,0.06,False
RCL,2021-12-31,-5.32,-20.86,-20.89,0.03,False
RCL,2022-12-31,-1.96,-8.46,-8.45,0.01,False
RCL,2023-12-31,0.89,6.05,6.31,0.26,False
RCL,2024-12-31,1.92,10.59,10.94,0.35,False
RCL,2025-12-31,2.78,15.63,15.61,0.02,False
RCUS,2019-12-31,-0.38,-1.94,-1.93,0.01,False
RCUS,2020-12-31,-0.85,-2.38,-2.24,0.14,True
RCUS,2021-12-31,3.14,-0.14,0.71,0.85,True
RCUS,2022-12-31,-0.93,-3.72,-3.71,0.01,False
RCUS,2023-12-31,-1.08,-4.15,-4.15,0.0,False
RCUS,2024-12-31,-1.03,-3.1,-3.14,0.04,False
RCUS,2025-12-31,-0.9,-3.31,-3.29,0.02,False
RDDT,2024-12-31,0.46,-7.63,-3.33,4.3,True
RDDT,2025-12-31,1.23,2.61,2.62,0.01,False
RDN,2014-12-31,1.75,4.14,4.16,0.02,False
RDN,2015-12-31,0.32,1.22,1.22,0.0,False
RDN,2016-12-31,0.27,1.37,1.37,0.0,False
RDN,2017-12-31,0.03,0.54,0.55,0.01,False
RDN,2018-12-31,0.64,2.78,2.77,0.01,False
RDN,2019-12-31,0.8,3.19,3.2,0.01,False
RDN,2020-12-31,0.75,2.0,2.0,0.0,False
RDN,2021-12-31,1.06,3.17,3.16,0.01,False
RDN,2022-12-31,0.99,4.35,4.35,0.0,False
RDN,2023-12-31,0.9,3.77,3.77,0.0,False
RDN,2024-12-31,0.97,3.92,3.92,0.0,False
RDN,2025-12-31,1.11,4.14,4.14,0.0,False
RDNT,2014-12-31,0.28,0.19,0.03,0.16,True
RDNT,2015-12-31,0.13,0.28,0.17,0.11,True
RDNT,2016-12-31,0.21,0.29,0.15,0.14,True
RDNT,2017-12-31,-0.15,0.0,0.0,0.0,False
RDNT,2018-12-31,0.59,0.65,0.66,0.01,False
RDNT,2019-12-31,0.2,0.28,0.29,0.01,False
RDNT,2020-12-31,0.12,-0.3,-0.29,0.01,False
RDNT,2021-12-31,-0.07,0.46,0.46,0.0,False
RDNT,2022-12-31,-0.02,0.17,0.17,0.0,False
RDNT,2023-12-31,-0.03,-0.02,0.05,0.07,True
RDNT,2024-12-31,0.07,0.03,0.04,0.01,False
RDNT,2025-12-31,-0.01,-0.26,-0.25,0.01,False
RELY,2021-12-31,-0.27,-1.08,-0.64,0.44,True
RELY,2022-12-31,-0.11,-0.68,-0.68,0.0,False
RELY,2023-12-31,-0.19,-0.66,-0.65,0.01,False
RELY,2024-12-31,-0.03,-0.19,-0.19,0.0,False
RELY,2025-12-31,0.19,0.31,0.31,0.0,False
RES,2014-12-31,0.36,1.13,1.14,0.01,False
RES,2015-12-31,-0.19,-0.47,-0.47,0.0,False
RES,2016-12-31,-0.1,-0.66,-0.66,0.0,False
RES,2022-12-31,0.4,1.01,1.01,0.0,False
RES,2023-12-31,0.19,0.9,0.9,0.0,False
RES,2024-12-31,0.06,0.43,0.43,0.0,False
RES,2025-12-31,-0.02,0.15,0.15,0.0,False
REX,2015-01-31,2.55,10.76,10.76,0.0,False
REX,2016-01-31,0.54,4.28,4.3,0.02,False
REX,2017-01-31,1.88,4.91,4.91,0.0,False
REX,2018-01-31,2.89,6.03,6.02,0.01,False
REX,2022-01-31,3.6,8.77,2.92,5.85,True
REX,2025-01-31,0.81,3.47,3.3,0.17,True
REXR,2015-12-31,0.02,0.03,0.03,0.0,False
REXR,2016-12-31,0.11,0.35,0.36,0.01,False
REXR,2017-12-31,0.15,0.48,0.48,0.0,False
REXR,2018-12-31,0.13,0.41,0.41,0.0,False
REXR,2019-12-31,0.18,0.47,0.47,0.0,False
REXR,2020-12-31,0.1,0.5,0.51,0.01,False
REXR,2021-12-31,0.23,0.8,0.8,0.0,False
REXR,2022-12-31,0.22,0.92,0.92,0.0,False
REXR,2023-12-31,0.29,1.12,1.12,0.0,False
REXR,2024-12-31,0.27,1.21,1.2,0.01,False
REXR,2025-12-31,-0.3,0.85,0.86,0.01,False
REYN,2020-12-31,0.53,1.74,1.77,0.03,False
REYN,2021-12-31,0.5,1.54,1.54,0.0,False
REYN,2022-12-31,0.5,1.23,1.23,0.0,False
REYN,2023-12-31,0.65,1.42,1.42,0.0,False
REYN,2024-12-31,0.57,1.67,1.67,0.0,False
REYN,2025-12-31,0.56,1.44,1.43,0.01,False
REZI,2018-12-31,0.13,3.31,3.3,0.01,False
REZI,2019-12-31,-0.07,0.29,0.29,0.0,False
REZI,2020-12-31,0.44,0.25,0.29,0.04,False
REZI,2021-12-31,0.45,1.63,1.63,0.0,False
REZI,2022-12-31,0.26,1.89,1.9,0.01,False
REZI,2023-12-31,0.56,1.42,1.42,0.0,False
REZI,2024-12-31,0.15,0.7,0.61,0.09,True
REZI,2025-12-31,0.88,-3.88,-3.77,0.11,False
RGA,2014-12-31,2.75,9.79,9.78,0.01,False
RGA,2015-12-31,2.46,7.46,7.46,0.0,False
RGA,2016-12-31,2.92,10.8,10.79,0.01,False
RGA,2017-12-31,18.42,27.65,27.71,0.06,False
RGA,2018-12-31,1.69,11.02,11.0,0.02,False
RGA,2019-12-31,3.67,13.62,13.62,0.0,False
RGA,2020-12-31,1.94,6.13,6.31,0.18,False
RGA,2021-12-31,2.29,9.02,9.04,0.02,False
RGA,2022-12-31,4.3,10.48,9.21,1.27,True
RGA,2023-12-31,2.45,13.51,13.44,0.07,False
RGA,2024-12-31,2.22,10.74,10.73,0.01,False
RGA,2025-12-31,6.99,17.77,17.69,0.08,False
RGEN,2014-12-31,-0.01,0.25,0.25,0.0,False
RGEN,2015-12-31,0.01,0.29,0.28,0.01,False
RGEN,2016-12-31,0.15,0.34,0.34,0.0,False
RGEN,2017-12-31,0.27,0.71,0.72,0.01,False
RGEN,2018-12-31,0.12,0.36,0.37,0.01,False
RGEN,2019-12-31,0.07,0.44,0.44,0.0,False
RGEN,2020-12-31,0.35,1.1,1.11,0.01,False
RGEN,2021-12-31,0.5,2.24,2.24,0.0,False
RGEN,2022-12-31,0.86,3.26,3.24,0.02,False
RGEN,2023-12-31,-0.19,0.73,0.74,0.01,False
RGEN,2024-12-31,-0.62,-0.47,-0.46,0.01,False
RGEN,2025-12-31,0.23,0.85,0.86,0.01,False
RGLD,2015-06-30,0.23,0.8,0.8,0.0,False
RGLD,2016-06-30,0.31,-1.19,-1.18,0.01,False
RGLD,2017-06-30,0.31,1.56,1.55,0.01,False
RGLD,2018-06-30,0.41,-1.73,-1.73,0.0,False
RGLD,2019-06-30,0.4,1.43,1.43,0.0,False
RGLD,2020-06-30,0.75,3.04,3.03,0.01,False
RGLD,2021-06-30,1.24,4.6,4.6,0.0,False
RGLD,2023-12-31,0.96,3.65,3.63,0.02,False
RGLD,2024-12-31,1.63,5.04,5.04,0.0,False
RGLD,2025-12-31,1.16,6.81,6.69,0.12,False
RH,2015-01-31,1.01,2.18,2.2,0.02,False
RH,2016-01-30,0.79,2.16,2.16,0.0,False
RH,2017-01-28,0.23,0.13,0.13,0.0,False
RH,2018-02-03,0.01,0.2,0.07,0.13,True
RH,2019-02-02,1.41,5.66,5.68,0.02,False
RH,2020-02-01,2.66,9.12,9.07,0.05,False
RH,2021-01-30,4.31,9.49,9.96,0.47,False
RH,2022-01-29,4.91,22.07,22.13,0.06,False
RH,2023-01-28,4.21,19.75,19.9,0.15,False
RH,2024-02-03,0.53,5.53,5.91,0.38,True
RH,2025-02-01,0.64,3.55,3.62,0.07,False
RH,2026-01-31,1.46,6.31,6.31,0.0,False
RHI,2014-12-31,0.62,2.25,2.26,0.01,False
RHI,2015-12-31,0.71,2.69,2.69,0.0,False
RHI,2016-12-31,0.61,2.67,2.67,0.0,False
RHI,2017-12-31,0.38,2.32,2.33,0.01,False
RHI,2018-12-31,0.95,3.57,3.57,0.0,False
RHI,2019-12-31,0.98,3.9,3.9,0.0,False
RHI,2020-12-31,0.84,2.71,2.7,0.01,False
RHI,2021-12-31,1.51,5.35,5.36,0.01,False
RHI,2022-12-31,1.37,6.02,6.03,0.01,False
RHI,2023-12-31,0.83,3.87,3.88,0.01,False
RHI,2024-12-31,0.53,2.44,2.44,0.0,False
RHI,2025-12-31,0.32,1.33,1.33,0.0,False
RHP,2014-12-31,1.21,2.16,2.17,0.01,False
RHP,2015-12-31,0.75,2.16,2.16,0.0,False
RHP,2016-12-31,0.94,3.11,3.11,0.0,False
RHP,2017-12-31,1.41,3.42,3.43,0.01,False
RHP,2018-12-31,3.09,5.14,5.14,0.0,False
RHP,2019-12-31,0.85,2.8,2.81,0.01,False
RHP,2020-12-31,-1.45,-7.6,-7.59,0.01,False
RHP,2021-12-31,-0.11,-3.22,-3.21,0.01,False
RHP,2022-12-31,1.09,2.34,2.33,0.01,False
RHP,2023-12-31,2.88,5.69,5.36,0.33,True
RHP,2024-12-31,1.12,4.38,4.38,0.0,False
RHP,2025-12-31,1.12,3.77,3.77,0.0,False
RITM,2015-12-31,0.45,1.31,1.32,0.01,False
RITM,2016-12-31,0.9,2.09,2.12,0.03,False
RITM,2017-12-31,0.93,3.12,3.15,0.03,False
RITM,2018-12-31,0.0,2.86,2.81,0.05,False
RITM,2019-12-31,0.51,1.34,1.34,0.0,False
RITM,2020-12-31,0.17,-3.52,-3.52,0.0,False
RITM,2021-12-31,0.34,1.55,1.51,0.04,False
RITM,2022-12-31,0.16,1.78,1.8,0.02,False
RITM,2023-12-31,-0.18,1.1,1.1,0.0,False
RITM,2024-12-31,0.5,1.67,1.67,0.0,False
RITM,2025-12-31,0.09,1.04,1.04,0.0,False
RLI,2015-12-31,0.76,3.11,3.12,0.01,False
RLI,2016-12-31,0.72,2.58,2.59,0.01,False
RLI,2017-12-31,1.29,2.37,2.36,0.01,False
RLI,2018-12-31,-0.46,1.43,1.43,0.0,False
RLI,2019-12-31,1.17,4.23,4.23,0.0,False
RLI,2020-12-31,1.83,3.44,3.46,0.02,False
RLI,2021-12-31,2.08,6.11,6.11,0.0,False
RLI,2022-12-31,2.11,12.72,12.74,0.02,False
RLI,2023-12-31,2.48,6.61,6.61,0.0,False
RLI,2024-12-31,0.44,7.05,3.74,3.31,True
RMBS,2014-12-31,0.07,0.23,0.22,0.01,False
RMBS,2015-12-31,0.12,1.78,1.8,0.02,False
RMBS,2016-12-31,-0.03,0.06,0.06,0.0,False
RMBS,2017-12-31,-0.36,-0.24,-0.21,0.03,False
RMBS,2018-12-31,-0.02,-1.46,-1.46,0.0,False
RMBS,2019-12-31,-0.09,-0.82,-0.81,0.01,False
RMBS,2020-12-31,-0.11,-0.38,-0.39,0.01,False
RMBS,2021-12-31,0.05,0.16,0.16,0.0,False
RMBS,2022-12-31,0.15,-0.13,-0.13,0.0,False
RMBS,2023-12-31,0.53,3.0,3.01,0.01,False
RMBS,2024-12-31,0.57,1.65,1.65,0.0,False
RMBS,2025-12-31,0.58,2.11,2.11,0.0,False
RNG,2019-12-31,-0.3,-0.64,-0.64,0.0,False
RNG,2020-12-31,-0.02,-0.95,-0.94,0.01,False
RNG,2021-12-31,-1.27,-4.09,-4.1,0.01,False
RNG,2022-12-31,-2.97,-9.23,-9.23,0.0,False
RNG,2023-12-31,-0.5,-1.75,-1.74,0.01,False
RNG,2024-12-31,-0.08,-0.64,-0.63,0.01,False
RNG,2025-12-31,0.26,0.48,0.48,0.0,False
RNR,2014-12-31,4.48,12.69,12.6,0.09,False
RNR,2015-12-31,2.12,9.51,9.28,0.23,False
RNR,2016-12-31,1.71,11.44,11.43,0.01,False
RNR,2017-12-31,-0.09,-6.35,-6.15,0.2,False
RNR,2018-12-31,-2.09,4.93,4.91,0.02,False
RNR,2019-12-31,0.78,16.39,16.29,0.1,False
RNR,2020-12-31,3.78,15.46,15.31,0.15,False
RNR,2021-12-31,4.72,-1.55,-1.57,0.02,False
RNR,2022-12-31,10.47,-25.43,-25.5,0.07,False
RNR,2023-12-31,30.87,51.67,52.27,0.6,False
RNR,2024-12-31,-3.92,35.05,35.21,0.16,False
RNR,2025-12-31,17.03,56.9,56.03,0.87,False
RNST,2014-12-31,0.49,1.88,1.88,0.0,False
RNST,2015-12-31,0.52,1.88,1.88,0.0,False
RNST,2016-12-31,0.55,2.16,2.17,0.01,False
RNST,2017-12-31,0.33,1.97,1.96,0.01,False
RNST,2018-12-31,0.75,2.78,2.79,0.01,False
RNST,2019-12-31,0.67,2.88,2.88,0.0,False
RNST,2020-12-31,0.56,1.49,1.48,0.01,False
RNST,2021-12-31,0.66,3.11,3.12,0.01,False
RNST,2022-12-31,0.82,2.96,2.95,0.01,False
RNST,2023-12-31,0.5,2.57,2.56,0.01,False
RNST,2024-12-31,0.7,3.27,3.27,0.0,False
RNST,2025-12-31,0.83,2.12,2.07,0.05,False
ROAD,2018-09-30,0.29,1.11,1.11,0.0,False
ROAD,2019-09-30,0.32,0.83,0.84,0.01,False
ROAD,2020-09-30,0.34,0.78,0.78,0.0,False
ROAD,2021-09-30,0.15,0.38,0.39,0.01,False
ROAD,2022-09-30,0.25,0.41,0.41,0.0,False
ROAD,2023-09-30,0.59,0.93,0.94,0.01,False
ROAD,2024-09-30,0.55,1.31,1.31,0.0,False
ROAD,2025-09-30,1.01,1.82,1.84,0.02,False
ROCK,2014-12-31,-3.12,-2.68,-2.63,0.05,False
ROCK,2015-12-31,0.01,0.75,0.74,0.01,False
ROCK,2016-12-31,-0.24,1.05,1.05,0.0,False
ROCK,2017-12-31,0.78,1.94,1.94,0.0,False
ROCK,2018-12-31,0.4,1.96,1.96,0.0,False
ROCK,2019-12-31,0.44,1.99,1.99,0.0,False
ROCK,2020-12-31,-0.26,1.96,1.96,0.0,False
ROCK,2021-12-31,0.28,2.29,2.29,0.0,False
ROCK,2022-12-31,0.11,2.56,2.56,0.0,False
ROCK,2023-12-31,0.63,3.59,3.59,0.0,False
ROCK,2024-12-31,1.5,4.47,4.46,0.01,False
ROCK,2025-12-31,-0.08,-1.5,-1.48,0.02,False
ROG,2014-12-31,0.37,2.83,2.83,0.0,False
ROG,2015-12-31,0.37,2.47,2.48,0.01,False
ROG,2016-12-31,0.65,2.64,2.65,0.01,False
ROG,2017-12-31,0.37,4.34,4.34,0.0,False
ROG,2018-12-31,1.31,4.7,4.7,0.0,False
ROG,2019-12-31,-1.54,2.53,2.53,0.0,False
ROG,2020-12-31,0.81,2.67,2.67,0.0,False
ROG,2021-12-31,1.22,5.73,5.73,0.0,False
ROG,2022-12-31,3.58,6.17,6.15,0.02,False
ROG,2023-12-31,1.23,3.02,3.03,0.01,False
ROG,2024-12-31,-0.03,1.41,1.4,0.01,False
ROG,2025-12-31,0.26,-3.34,-3.4,0.06,False
ROIV,2022-03-31,-0.24,-1.1,-1.26,0.16,True
ROIV,2023-03-31,-0.05,-1.44,-1.42,0.02,False
ROIV,2024-03-31,-0.16,5.09,5.23,0.14,False
ROIV,2025-03-31,-0.31,-0.27,-0.24,0.03,False
ROIV,2026-03-31,0.42,-0.46,-0.54,0.08,True
ROKU,2019-12-31,-0.13,-0.52,-0.52,0.0,False
ROKU,2020-12-31,0.49,-0.22,-0.14,0.08,True
ROKU,2021-12-31,0.17,1.71,1.71,0.0,False
ROKU,2022-12-31,-1.7,-3.59,-3.62,0.03,False
ROKU,2023-12-31,-0.55,-5.02,-5.01,0.01,False
ROKU,2024-12-31,-0.24,-0.89,-0.89,0.0,False
ROKU,2025-12-31,0.52,0.56,0.59,0.03,False
RPM,2015-05-31,0.91,1.72,1.78,0.06,False
RPM,2016-05-31,1.07,2.57,2.63,0.06,False
RPM,2017-05-31,0.91,1.29,1.36,0.07,True
RPM,2018-05-31,0.62,2.48,2.5,0.02,False
RPM,2019-05-31,1.0,2.0,2.01,0.01,False
RPM,2020-05-31,0.84,2.34,2.34,0.0,False
RPM,2021-05-31,1.21,3.87,3.87,0.0,False
RPM,2022-05-31,1.51,3.76,3.79,0.03,False
RPM,2023-05-31,1.16,3.7,3.72,0.02,False
RPM,2024-05-31,1.4,4.56,4.56,0.0,False
RPM,2025-05-31,1.76,5.35,5.35,0.0,False
RPM,2026-05-31,1.73,5.16,5.17,0.01,False
RRC,2014-12-31,1.68,3.78,3.79,0.01,False
RRC,2015-12-31,-1.93,-4.29,-4.29,0.0,False
RRC,2016-12-31,-0.66,-2.79,-2.75,0.04,False
RRC,2017-12-31,0.89,1.34,1.34,0.0,False
RRC,2018-12-31,-7.2,-7.13,-7.1,0.03,False
RRC,2019-12-31,-7.33,-6.97,-6.92,0.05,False
RRC,2020-12-31,-0.13,-3.29,-2.95,0.34,True
RRC,2021-12-31,3.58,1.6,1.61,0.01,False
RRC,2022-12-31,3.23,4.63,4.69,0.06,False
RRC,2023-12-31,1.31,3.58,3.57,0.01,False
RRC,2024-12-31,0.39,1.1,1.09,0.01,False
RRC,2025-12-31,0.75,2.74,2.74,0.0,False
RRR,2017-12-31,0.35,0.42,0.42,0.0,False
RRR,2018-12-31,0.11,1.78,1.77,0.01,False
RRR,2019-12-31,0.05,-0.07,-0.05,0.02,False
RRR,2020-12-31,1.21,-1.42,-2.13,0.71,True
RRR,2021-12-31,1.24,2.37,2.84,0.47,True
RRR,2022-12-31,1.16,3.02,3.36,0.34,True
RRR,2023-12-31,1.06,3.06,2.94,0.12,False
RRR,2024-12-31,0.32,2.07,2.53,0.46,True
RRR,2025-12-31,0.83,3.21,3.12,0.09,False
RRX,2015-01-03,-2.58,0.67,0.69,0.02,False
RRX,2016-01-02,-0.43,3.18,3.18,0.0,False
RRX,2016-12-31,1.01,4.52,4.52,0.0,False
RRX,2017-12-30,1.15,4.74,4.74,0.0,False
RRX,2018-12-29,1.29,5.27,5.26,0.01,False
RRX,2019-12-28,0.9,5.63,5.66,0.03,False
RRX,2021-01-02,1.23,4.64,4.64,0.0,False
RRX,2022-01-01,-0.07,5.17,4.4,0.77,True
RRX,2022-12-31,1.52,7.29,7.29,0.0,False
RRX,2023-12-31,0.85,-0.86,-0.87,0.01,False
RRX,2024-12-31,0.62,2.95,2.94,0.01,False
RRX,2025-12-31,0.95,4.2,4.2,0.0,False
RS,2014-12-31,1.18,4.72,4.73,0.01,False
RS,2015-12-31,0.95,4.14,4.16,0.02,False
RS,2016-12-31,0.84,4.17,4.16,0.01,False
RS,2017-12-31,4.09,8.33,8.34,0.01,False
RS,2018-12-31,1.22,8.71,8.75,0.04,False
RS,2019-12-31,2.44,10.33,10.34,0.01,False
RS,2020-12-31,2.01,5.68,5.66,0.02,False
RS,2021-12-31,6.64,21.99,21.97,0.02,False
RS,2022-12-31,5.88,29.81,29.92,0.11,False
RS,2023-12-31,4.7,22.61,22.64,0.03,False
RS,2024-12-31,1.93,15.44,15.56,0.12,False
RS,2025-12-31,2.22,13.97,13.98,0.01,False
RSI,2021-12-31,-0.18,-0.51,-0.51,0.0,False
RSI,2022-12-31,-0.14,-0.61,-0.61,0.0,False
RSI,2023-12-31,-0.02,-0.27,-0.27,0.0,False
RSI,2024-12-31,-0.0,0.0,0.03,0.03,False
RSI,2025-12-31,0.08,0.31,0.31,0.0,False
RUN,2015-12-31,-0.15,-1.01,-0.96,0.05,True
RUN,2016-12-31,0.27,0.87,0.87,0.0,False
RUN,2017-12-31,0.63,1.23,1.15,0.08,True
RUN,2018-12-31,-0.05,0.24,0.23,0.01,False
RUN,2019-12-31,0.09,0.19,0.21,0.02,False
RUN,2020-12-31,-0.92,-0.98,-1.24,0.26,True
RUN,2021-12-31,-0.19,-0.4,-0.39,0.01,False
RUN,2022-12-31,0.27,0.75,0.8,0.05,True
RUN,2023-12-31,-1.65,-7.44,-7.41,0.03,False
RUN,2024-12-31,-14.8,-15.02,-12.81,2.21,True
RUN,2025-12-31,0.38,1.71,1.71,0.0,False
RUSHA,2014-12-31,0.6,1.96,1.96,0.0,False
RUSHA,2015-12-31,0.24,1.61,1.61,0.0,False
RUSHA,2016-12-31,0.31,1.01,1.0,0.01,False
RUSHA,2017-12-31,2.57,4.19,4.2,0.01,False
RUSHA,2018-12-31,1.2,3.46,3.45,0.01,False
RUSHA,2019-12-31,0.64,3.77,3.77,0.0,False
RUSHA,2021-12-31,1.18,4.17,4.17,0.0,False
RUSHA,2022-12-31,1.74,6.85,6.85,0.0,False
RUSHA,2024-12-31,0.9,3.72,3.72,0.0,False
RUSHA,2025-12-31,0.81,3.27,3.27,0.0,False
RXO,2022-12-31,-0.03,0.8,0.79,0.01,False
RXO,2023-12-31,0.02,0.04,0.03,0.01,False
RXO,2024-12-31,-0.15,-2.15,-2.17,0.02,False
RXO,2025-12-31,-0.27,-0.58,-0.59,0.01,False
RYN,2014-12-31,0.07,0.76,0.76,0.0,False
RYN,2015-12-31,0.08,0.37,0.37,0.0,False
RYN,2016-12-31,0.39,1.72,1.73,0.01,False
RYN,2017-12-31,0.5,1.16,1.16,0.0,False
RYN,2018-12-31,0.02,0.79,0.79,0.0,False
RYN,2019-12-31,0.12,0.45,0.46,0.01,False
RYN,2020-12-31,0.07,0.27,0.27,0.0,False
RYN,2021-12-31,0.06,1.08,1.08,0.0,False
RYN,2022-12-31,0.22,0.72,0.73,0.01,False
RYN,2023-12-31,0.84,1.16,1.17,0.01,False
RYN,2024-12-31,2.12,2.33,2.39,0.06,False
RYN,2025-12-31,0.16,3.05,3.03,0.02,False
SABR,2014-12-31,0.16,0.17,0.23,0.06,True
SABR,2015-12-31,0.46,1.96,1.95,0.01,False
SABR,2016-12-31,0.09,0.85,0.86,0.01,False
SABR,2017-12-31,0.3,0.88,0.87,0.01,False
SABR,2018-12-31,0.3,1.21,1.22,0.01,False
SABR,2019-12-31,0.04,0.57,0.57,0.0,False
SABR,2020-12-31,-0.96,-4.42,-4.42,0.0,False
SABR,2021-12-31,-0.59,-2.97,-2.96,0.01,False
SABR,2022-12-31,-0.68,-1.58,-1.4,0.18,True
SABR,2023-12-31,-0.25,-1.57,-1.56,0.01,False
SABR,2024-12-31,-0.19,-0.72,-0.73,0.01,False
SABR,2025-12-31,-0.35,1.07,1.34,0.27,True
SAFE,2014-12-31,-0.33,-0.62,-0.4,0.22,True
SAFE,2015-12-31,0.09,-0.6,-0.62,0.02,False
SAFE,2016-12-31,-0.23,0.31,0.55,0.24,True
SAFE,2017-12-31,-0.09,1.09,1.56,0.47,True
SAFE,2018-12-31,-1.7,-1.09,-0.95,0.14,True
SAFE,2019-12-31,-0.71,3.46,3.73,0.27,True
SAFE,2020-12-31,-0.26,-0.88,-0.87,0.01,False
SAFE,2021-12-31,0.12,1.35,1.51,0.16,True
SAFE,2022-12-31,-1.0,6.29,4.92,1.37,True
SAFE,2023-12-31,0.58,-0.81,-0.82,0.01,False
SAFE,2024-12-31,0.36,1.48,1.48,0.0,False
SAFE,2025-12-31,0.39,1.6,1.59,0.01,False
SAFT,2014-12-31,0.69,3.91,3.91,0.0,False
SAFT,2015-12-31,0.69,-0.95,-0.93,0.02,False
SAFT,2016-12-31,0.79,4.27,4.27,0.0,False
SAFT,2017-12-31,0.74,4.1,4.1,0.0,False
SAFT,2018-12-31,1.19,5.42,5.43,0.01,False
SAFT,2019-12-31,1.82,6.46,6.46,0.0,False
SAFT,2020-12-31,3.63,9.24,9.18,0.06,False
SAFT,2021-12-31,2.26,8.81,8.8,0.01,False
SAFT,2022-12-31,1.67,3.15,3.15,0.0,False
SAFT,2023-12-31,0.83,1.27,1.28,0.01,False
SAFT,2024-12-31,0.55,4.77,4.78,0.01,False
SAFT,2025-12-31,1.36,6.7,6.7,0.0,False
SAH,2014-12-31,0.5,1.84,1.84,0.0,False
SAH,2015-12-31,0.62,1.7,1.7,0.0,False
SAH,2016-12-31,0.83,2.04,2.03,0.01,False
SAH,2017-12-31,1.41,2.11,2.09,0.02,False
SAH,2018-12-31,0.51,1.2,1.2,0.0,False
SAH,2019-12-31,1.04,3.29,3.3,0.01,False
SAH,2020-12-31,1.46,-1.17,-1.21,0.04,False
SAH,2021-12-31,2.25,8.08,8.06,0.02,False
SAH,2022-12-31,-5.12,1.78,2.23,0.45,True
SAH,2023-12-31,1.1,4.96,4.97,0.01,False
SAH,2024-12-31,1.66,6.17,6.18,0.01,False
SAH,2025-12-31,1.34,3.37,3.42,0.05,False
SAIA,2014-12-31,0.53,2.04,2.04,0.0,False
SAIA,2015-12-31,0.45,2.15,2.16,0.01,False
SAIA,2016-12-31,0.4,1.88,1.87,0.01,False
SAIA,2017-12-31,1.82,3.49,3.49,0.0,False
SAIA,2018-12-31,0.97,3.99,3.99,0.0,False
SAIA,2019-12-31,0.81,4.31,4.3,0.01,False
SAIA,2020-12-31,1.51,5.2,5.2,0.0,False
SAIA,2021-12-31,2.76,9.48,9.48,0.0,False
SAIA,2022-12-31,2.66,13.41,13.4,0.01,False
SAIA,2023-12-31,3.33,13.27,13.26,0.01,False
SAIA,2024-12-31,2.84,13.51,13.51,0.0,False
SAIA,2025-12-31,1.77,9.52,9.52,0.0,False
SAIC,2015-01-30,0.76,2.92,2.91,0.01,False
SAIC,2016-01-29,0.6,2.47,2.47,0.0,False
SAIC,2017-02-03,0.79,3.22,3.22,0.0,False
SAIC,2018-02-02,1.17,4.03,4.02,0.01,False
SAIC,2019-02-01,-0.19,3.18,3.11,0.07,False
SAIC,2020-01-31,1.01,3.83,3.83,0.0,False
SAIC,2021-01-29,1.05,3.56,3.56,0.0,False
SAIC,2022-01-28,0.75,4.76,4.77,0.01,False
SAIC,2023-02-03,1.34,5.38,5.38,0.0,False
SAIC,2024-02-02,0.74,8.85,8.88,0.03,False
SAIC,2025-01-31,2.0,7.19,7.17,0.02,False
SAIC,2026-01-30,1.88,7.7,7.7,0.0,False
SAM,2014-12-27,1.41,6.7,6.69,0.01,False
SAM,2015-12-26,1.21,7.24,7.25,0.01,False
SAM,2016-12-31,1.76,6.83,6.79,0.04,False
SAM,2017-12-30,2.57,8.15,8.09,0.06,False
SAM,2018-12-29,1.86,7.83,7.82,0.01,False
SAM,2019-12-28,1.12,9.15,9.16,0.01,False
SAM,2020-12-26,2.64,15.52,15.53,0.01,False
SAM,2021-12-25,-4.13,1.12,1.17,0.05,False
SAM,2022-12-31,-0.92,5.44,5.44,0.0,False
SAM,2023-12-30,-1.48,6.21,6.21,0.0,False
SAM,2024-12-28,-3.38,4.91,5.06,0.15,False
SAM,2025-12-27,-2.12,9.74,9.89,0.15,False
SANM,2015-10-03,3.78,4.5,4.41,0.09,False
SANM,2016-10-01,1.29,2.39,2.38,0.01,False
SANM,2017-09-30,0.33,1.79,1.78,0.01,False
SANM,2018-09-29,0.01,-1.35,-1.37,0.02,False
SANM,2019-09-28,0.27,1.98,1.97,0.01,False
SANM,2020-10-03,0.75,1.99,1.97,0.02,False
SANM,2021-10-02,0.84,4.0,4.01,0.01,False
SANM,2022-10-01,0.97,3.83,4.06,0.23,True
SANM,2023-09-30,1.03,5.18,5.18,0.0,False
SANM,2024-09-28,1.09,3.91,3.91,0.0,False
SANM,2025-09-27,0.88,4.46,4.46,0.0,False
SARO,2025-12-31,0.24,0.83,0.83,0.0,False
SBCF,2014-12-31,-0.05,0.23,0.21,0.02,False
SBCF,2015-12-31,0.18,0.67,0.66,0.01,False
SBCF,2016-12-31,0.28,0.77,0.78,0.01,False
SBCF,2017-12-31,0.28,0.98,0.99,0.01,False
SBCF,2018-12-31,0.31,1.38,1.38,0.0,False
SBCF,2019-12-31,0.52,1.9,1.9,0.0,False
SBCF,2020-12-31,0.53,1.43,1.44,0.01,False
SBCF,2021-12-31,0.62,2.18,2.18,0.0,False
SBCF,2022-12-31,0.33,1.66,1.66,0.0,False
SBCF,2023-12-31,0.35,1.24,1.23,0.01,False
SBCF,2024-12-31,0.4,1.43,1.42,0.01,False
SBCF,2025-12-31,0.35,1.64,1.57,0.07,False
SBH,2015-09-30,0.36,1.49,1.49,0.0,False
SBH,2016-09-30,0.36,1.51,1.5,0.01,False
SBH,2017-09-30,0.27,1.55,1.56,0.01,False
SBH,2018-09-30,0.46,2.08,2.08,0.0,False
SBH,2019-09-30,0.58,2.25,2.26,0.01,False
SBH,2020-09-30,0.62,0.98,0.99,0.01,False
SBH,2021-09-30,0.6,2.1,2.1,0.0,False
SBH,2022-09-30,0.2,1.65,1.66,0.01,False
SBH,2023-09-30,0.39,1.68,1.69,0.01,False
SBH,2024-09-30,0.45,1.43,1.43,0.0,False
SBH,2025-09-30,0.49,1.89,1.89,0.0,False
SBRA,2014-12-31,0.35,0.69,0.78,0.09,True
SBRA,2015-12-31,0.34,1.1,1.11,0.01,False
SBRA,2016-12-31,0.31,0.91,0.92,0.01,False
SBRA,2017-12-31,0.57,1.2,1.4,0.2,True
SBRA,2018-12-31,-0.11,1.51,1.51,0.0,False
SBRA,2019-12-31,0.2,0.34,0.37,0.03,False
SBRA,2020-12-31,0.18,0.67,0.67,0.0,False
SBRA,2021-12-31,-0.11,-0.51,-0.52,0.01,False
SBRA,2022-12-31,-0.37,-0.34,-0.34,0.0,False
SBRA,2023-12-31,0.07,0.05,0.06,0.01,False
SBRA,2024-12-31,0.19,0.53,0.54,0.01,False
SBRA,2025-12-31,0.11,0.64,0.64,0.0,False
SBSI,2018-12-31,0.5,2.11,2.11,0.0,False
SBSI,2019-12-31,0.51,2.2,2.2,0.0,False
SBSI,2020-12-31,0.89,2.48,2.47,0.01,False
SBSI,2021-12-31,0.88,3.47,3.47,0.0,False
SBSI,2022-12-31,0.86,3.26,3.26,0.0,False
SBSI,2023-12-31,0.57,2.81,2.82,0.01,False
SBSI,2024-12-31,0.71,2.91,2.91,0.0,False
SBSI,2025-12-31,0.7,2.29,2.29,0.0,False
SCHL,2015-05-31,8.45,8.77,8.8,0.03,False
SCHL,2016-05-31,0.97,1.07,1.16,0.09,True
SCHL,2017-05-31,1.11,1.44,1.47,0.03,False
SCHL,2018-05-31,0.73,-0.89,-0.14,0.75,True
SCHL,2019-05-31,0.5,0.38,0.43,0.05,False
SCHL,2020-05-31,-0.38,-1.29,-1.27,0.02,False
SCHL,2021-05-31,0.22,-0.33,-0.32,0.01,False
SCHL,2022-05-31,1.38,2.15,2.27,0.12,True
SCHL,2023-05-31,2.14,2.36,2.49,0.13,True
SCHL,2024-05-31,1.22,0.41,0.4,0.01,False
SCHL,2025-05-31,0.6,-0.03,-0.07,0.04,False
SCHL,2026-05-31,0.44,2.33,2.34,0.01,False
SCI,2014-12-31,0.42,0.81,0.81,0.0,False
SCI,2015-12-31,0.36,1.14,1.14,0.0,False
SCI,2016-12-31,0.34,0.9,0.9,0.0,False
SCI,2017-12-31,1.29,2.85,2.84,0.01,False
SCI,2018-12-31,1.04,2.39,2.39,0.0,False
SCI,2019-12-31,0.79,1.99,1.99,0.0,False
SCI,2020-12-31,1.15,2.91,2.88,0.03,False
SCI,2021-12-31,1.23,4.71,4.72,0.01,False
SCI,2022-12-31,0.59,3.51,3.53,0.02,False
SCI,2023-12-31,0.93,3.52,3.53,0.01,False
SCI,2024-12-31,1.04,3.55,3.53,0.02,False
SCI,2025-12-31,1.13,3.8,3.8,0.0,False
SCL,2014-12-31,0.27,2.49,2.49,0.0,False
SCL,2015-12-31,0.56,3.32,3.32,0.0,False
SCL,2016-12-31,0.36,3.73,3.73,0.0,False
SCL,2017-12-31,0.42,3.92,3.92,0.0,False
SCL,2018-12-31,1.16,4.83,4.83,0.0,False
SCL,2019-12-31,0.95,4.43,4.42,0.01,False
SCL,2020-12-31,1.3,5.45,5.45,0.0,False
SCL,2021-12-31,0.73,5.91,5.92,0.01,False
SCL,2022-12-31,0.47,6.37,6.38,0.01,False
SCL,2023-12-31,-0.05,1.75,1.75,0.0,False
SCL,2024-12-31,0.15,2.21,2.2,0.01,False
SCL,2025-12-31,0.22,2.05,2.05,0.0,False
SCSC,2015-06-30,0.57,2.27,2.27,0.0,False
SCSC,2016-06-30,0.5,2.38,2.38,0.0,False
SCSC,2017-06-30,0.74,2.72,2.71,0.01,False
SCSC,2018-06-30,0.4,1.29,1.29,0.0,False
SCSC,2019-06-30,0.45,2.24,2.24,0.0,False
SCSC,2020-06-30,-8.63,-7.66,-7.59,0.07,False
SCSC,2021-06-30,0.92,0.4,0.42,0.02,False
SCSC,2022-06-30,0.78,3.45,3.45,0.0,False
SCSC,2023-06-30,0.75,3.53,3.54,0.01,False
SCSC,2024-06-30,0.65,3.05,3.06,0.01,False
SCSC,2025-06-30,0.88,3.01,3.0,0.01,False
SCSC,2026-06-30,1.24,3.66,3.64,0.02,False
SDGR,2020-12-31,-0.18,-0.52,-0.41,0.11,True
SDGR,2021-12-31,-0.43,-1.41,-1.42,0.01,False
SDGR,2022-12-31,-0.38,-2.09,-2.1,0.01,False
SDGR,2023-12-31,-0.39,0.56,0.54,0.02,False
SDGR,2024-12-31,-0.55,-2.57,-2.57,0.0,False
SDGR,2025-12-31,0.44,-1.42,-1.41,0.01,False
SEDG,2016-06-30,0.39,1.73,1.73,0.0,False
SEDG,2017-12-31,0.42,1.85,1.85,0.0,False
SEDG,2018-12-31,0.27,2.69,2.69,0.0,False
SEDG,2019-12-31,1.04,2.9,2.9,0.0,False
SEDG,2020-12-31,0.33,2.67,2.66,0.01,False
SEDG,2021-12-31,0.7,3.03,3.06,0.03,False
SEDG,2022-12-31,0.33,1.62,1.65,0.03,False
SEDG,2023-12-31,-3.03,0.27,0.6,0.33,True
SEDG,2024-12-31,-5.44,-31.63,-31.64,0.01,False
SEDG,2025-12-31,-2.21,-6.88,-6.88,0.0,False
SEI,2018-12-31,0.49,1.61,1.59,0.02,False
SEIC,2014-12-31,0.45,1.85,1.85,0.0,False
SEIC,2015-12-31,0.48,1.96,1.96,0.0,False
SEIC,2016-12-31,0.55,2.04,2.03,0.01,False
SEIC,2017-12-31,0.75,2.5,2.49,0.01,False
SEIC,2018-12-31,0.73,3.14,3.14,0.0,False
SEIC,2019-12-31,0.84,3.25,3.24,0.01,False
SEIC,2020-12-31,0.86,3.01,3.0,0.01,False
SEIC,2021-12-31,1.03,3.82,3.81,0.01,False
SEIC,2022-12-31,0.83,3.45,3.46,0.01,False
SEIC,2023-12-31,0.91,3.46,3.46,0.0,False
SEIC,2024-12-31,1.19,4.42,4.41,0.01,False
SEIC,2025-12-31,1.38,5.63,5.63,0.0,False
SEZL,2021-12-31,-0.13,-0.38,-0.38,0.0,False
SEZL,2022-12-31,0.0,-0.19,-0.18,0.01,False
SEZL,2024-12-31,4.2,13.09,13.13,0.04,False
SF,2014-12-31,0.58,2.31,2.31,0.0,False
SF,2015-12-31,0.14,1.19,1.18,0.01,False
SF,2016-12-31,0.3,1.0,1.0,0.0,False
SF,2017-12-31,-0.05,2.15,2.14,0.01,False
SF,2018-12-31,1.38,4.73,4.73,0.0,False
SF,2019-12-31,1.62,5.49,5.49,0.0,False
SF,2021-12-31,2.12,6.66,6.66,0.0,False
SF,2022-12-31,1.43,5.32,5.32,0.0,False
SF,2023-12-31,1.38,4.28,4.28,0.0,False
SF,2024-12-31,2.08,6.23,6.25,0.02,False
SF,2025-12-31,2.3,5.87,5.87,0.0,False
SFBS,2015-12-31,0.02,1.66,2.39,0.73,True
SFBS,2017-12-31,0.39,1.73,1.72,0.01,False
SFBS,2018-12-31,0.67,2.53,2.53,0.0,False
SFBS,2019-12-31,0.76,2.76,2.76,0.0,False
SFBS,2020-12-31,0.94,3.13,3.13,0.0,False
SFBS,2021-12-31,0.99,3.82,3.82,0.0,False
SFBS,2022-12-31,1.24,4.61,4.61,0.0,False
SFBS,2023-12-31,0.77,3.79,3.79,0.0,False
SFBS,2024-12-31,1.19,4.16,4.16,0.0,False
SFBS,2025-12-31,1.58,5.06,5.06,0.0,False
SFM,2014-12-28,0.11,0.7,0.7,0.0,False
SFM,2016-01-03,0.18,0.83,0.83,0.0,False
SFM,2017-01-01,0.12,0.83,0.83,0.0,False
SFM,2017-12-31,0.29,1.14,1.15,0.01,False
SFM,2018-12-30,0.1,1.21,1.22,0.01,False
SFM,2019-12-29,0.27,1.25,1.25,0.0,False
SFM,2021-01-03,0.58,2.44,2.43,0.01,False
SFM,2022-01-02,0.32,2.1,2.1,0.0,False
SFM,2023-01-01,0.42,2.39,2.39,0.0,False
SFM,2023-12-31,0.49,2.51,2.5,0.01,False
SFM,2024-12-29,0.79,3.76,3.75,0.01,False
SFM,2025-12-28,0.92,5.3,5.31,0.01,False
SFNC,2014-12-31,0.7,2.09,2.11,0.02,False
SFNC,2015-12-31,0.78,2.56,2.63,0.07,False
SFNC,2016-12-31,0.84,3.12,3.13,0.01,False
SFNC,2017-12-31,0.22,2.53,1.33,1.2,True
SFNC,2019-12-31,0.48,2.41,2.41,0.0,False
SFNC,2020-12-31,0.48,2.3,2.31,0.01,False
SFNC,2021-12-31,0.42,2.47,2.46,0.01,False
SFNC,2022-12-31,0.65,2.07,2.06,0.01,False
SFNC,2023-12-31,0.19,1.38,1.38,0.0,False
SFNC,2024-12-31,0.38,1.21,1.21,0.0,False
SFNC,2025-12-31,0.54,-2.77,-2.95,0.18,True
SGI,2014-12-31,0.73,1.73,1.75,0.02,False
SGI,2015-12-31,-0.18,1.18,1.17,0.01,False
SGI,2016-12-31,1.11,3.41,3.38,0.03,False
SGI,2017-12-31,0.88,2.76,2.77,0.01,False
SGI,2018-12-31,0.22,1.83,1.82,0.01,False
SGI,2019-12-31,0.85,3.41,3.42,0.01,False
SGI,2021-12-31,0.88,3.06,3.06,0.0,False
SGI,2022-12-31,0.57,2.52,2.53,0.01,False
SGI,2023-12-31,0.43,2.07,2.08,0.01,False
SGI,2024-12-31,0.4,2.16,2.16,0.0,False
SGI,2025-12-31,0.66,1.79,1.84,0.05,False
SHAK,2019-12-25,-0.06,0.62,0.61,0.01,False
SHAK,2020-12-30,-0.5,-1.11,-1.14,0.03,False
SHAK,2021-12-29,-0.34,-0.34,-0.22,0.12,True
SHAK,2022-12-28,-0.27,-0.61,-0.61,0.0,False
SHAK,2023-12-27,0.15,0.46,0.48,0.02,False
SHAK,2024-12-25,0.16,0.18,0.24,0.06,True
SHAK,2025-12-31,0.28,1.09,1.09,0.0,False
SHC,2021-12-31,0.13,0.42,0.41,0.01,False
SHC,2022-12-31,-1.14,-0.83,-0.83,0.0,False
SHC,2023-12-31,0.13,0.17,0.18,0.01,False
SHC,2024-12-31,0.04,0.15,0.16,0.01,False
SHC,2025-12-31,0.12,0.27,0.27,0.0,False
SHEN,2014-12-31,0.35,1.39,1.39,0.0,False
SHEN,2016-12-31,-0.0,-0.02,-0.02,0.0,False
SHEN,2017-12-31,1.18,1.3,1.33,0.03,False
SHEN,2018-12-31,0.3,0.93,0.93,0.0,False
SHEN,2019-12-31,0.27,1.1,1.1,0.0,False
SHEN,2020-12-31,0.99,2.54,2.53,0.01,False
SHEN,2021-12-31,0.02,19.93,19.92,0.01,False
SHEN,2022-12-31,-0.04,-0.16,-0.17,0.01,False
SHEN,2023-12-31,0.05,0.16,0.16,0.0,False
SHEN,2024-12-31,-0.02,3.82,3.54,0.28,True
SHEN,2025-12-31,-0.13,-0.71,-0.71,0.0,False
SHO,2020-12-31,-0.19,-1.92,-1.93,0.01,False
SHO,2021-12-31,0.62,0.07,0.06,0.01,False
SHO,2022-12-31,0.07,0.35,0.34,0.01,False
SHO,2023-12-31,0.6,0.93,0.93,0.0,False
SHO,2024-12-31,-0.02,0.14,0.14,0.0,False
SHO,2025-12-31,0.02,0.04,0.04,0.0,False
SHOO,2014-12-31,0.34,1.76,1.76,0.0,False
SHOO,2015-12-31,0.43,1.85,1.85,0.0,False
SHOO,2016-12-31,0.48,1.97,2.03,0.06,False
SHOO,2017-12-31,0.43,2.05,2.04,0.01,False
SHOO,2019-12-31,0.21,1.69,1.69,0.0,False
SHOO,2020-12-31,0.29,-0.23,-0.23,0.0,False
SHOO,2021-12-31,0.81,2.34,2.34,0.0,False
SHOO,2022-12-31,0.42,2.77,2.77,0.0,False
SHOO,2023-12-31,0.5,2.31,2.3,0.01,False
SHOO,2024-12-31,0.53,2.39,2.35,0.04,False
SHOO,2025-12-31,0.36,0.66,0.63,0.03,False
SIG,2015-01-31,2.84,4.74,4.75,0.01,False
SIG,2016-01-30,3.43,5.88,5.87,0.01,False
SIG,2017-01-28,3.85,6.98,7.08,0.1,False
SIG,2018-02-03,5.24,7.4,7.44,0.04,False
SIG,2019-02-02,-2.25,-12.03,-12.62,0.59,False
SIG,2020-02-01,3.43,1.38,1.4,0.02,False
SIG,2021-01-30,4.84,-0.83,-0.94,0.11,True
SIG,2022-01-29,4.92,12.2,12.22,0.02,False
SIG,2023-01-28,4.12,5.41,6.64,1.23,True
SIG,2024-02-03,10.17,13.41,15.01,1.6,True
SIG,2025-02-01,2.36,-0.7,-0.81,0.11,True
SIG,2026-01-31,6.04,7.09,7.08,0.01,False
SIGI,2014-12-31,0.72,2.47,2.47,0.0,False
SIGI,2015-12-31,0.78,2.86,2.85,0.01,False
SIGI,2016-12-31,0.67,2.7,2.7,0.0,False
SIGI,2017-12-31,0.51,2.85,2.84,0.01,False
SIGI,2018-12-31,0.77,3.01,3.0,0.01,False
SIGI,2019-12-31,1.36,4.52,4.53,0.01,False
SIGI,2020-12-31,2.11,4.09,4.09,0.0,False
SIGI,2021-12-31,1.59,6.52,6.5,0.02,False
SIGI,2022-12-31,1.38,3.54,3.54,0.0,False
SIGI,2023-12-31,2.01,5.83,5.84,0.01,False
SIGI,2024-12-31,1.51,3.21,3.23,0.02,False
SIGI,2025-12-31,2.52,7.49,7.49,0.0,False
SIRI,2014-12-31,0.02,0.08,0.08,0.0,False
SIRI,2015-12-31,0.03,0.1,0.09,0.01,False
SIRI,2016-12-31,0.04,0.14,0.15,0.01,False
SIRI,2017-12-31,-0.01,0.13,0.14,0.01,False
SIRI,2018-12-31,0.06,0.25,0.26,0.01,False
SIRI,2019-12-31,0.05,0.19,0.2,0.01,False
SIRI,2020-12-31,-0.16,0.02,0.03,0.01,False
SIRI,2021-12-31,0.08,0.31,0.32,0.01,False
SIRI,2022-12-31,0.09,0.3,0.31,0.01,False
SIRI,2023-12-31,0.09,0.32,0.32,0.0,False
SIRI,2025-12-31,0.24,2.24,2.23,0.01,False
SITM,2020-12-31,0.12,-0.62,-0.58,0.04,False
SITM,2021-12-31,0.81,1.37,1.53,0.16,True
SITM,2022-12-31,-0.07,1.03,1.03,0.0,False
SITM,2023-12-31,-0.89,-3.63,-3.63,0.0,False
SITM,2024-12-31,-0.8,-4.05,-4.05,0.0,False
SITM,2025-12-31,0.35,-1.81,-1.72,0.09,True
SKY,2016-05-31,0.16,0.2,0.2,0.0,False
SKY,2017-05-31,0.26,-0.01,0.0,0.01,False
SKY,2019-03-30,0.17,-1.08,-1.09,0.01,False
SKY,2020-03-28,0.11,1.03,1.02,0.01,False
SKY,2021-04-03,0.59,1.49,1.49,0.0,False
SKY,2022-04-02,1.51,4.33,4.33,0.0,False
SKY,2023-04-01,1.0,6.99,7.0,0.01,False
SKY,2024-03-30,0.05,2.54,2.53,0.01,False
SKY,2025-03-29,0.63,3.42,3.42,0.0,False
SKY,2026-03-28,0.53,3.66,3.66,0.0,False
SKYW,2014-12-31,-0.55,-0.49,-0.47,0.02,False
SKYW,2015-12-31,0.78,2.28,2.27,0.01,False
SKYW,2016-12-31,-5.48,-3.4,-3.14,0.26,True
SKYW,2017-12-31,5.46,8.07,8.08,0.01,False
SKYW,2018-12-31,1.28,5.31,5.3,0.01,False
SKYW,2019-12-31,1.43,6.62,6.62,0.0,False
SKYW,2020-12-31,-0.94,-0.2,-0.17,0.03,False
SKYW,2021-12-31,0.09,2.21,2.2,0.01,False
SKYW,2022-12-31,-0.93,1.45,1.44,0.01,False
SKYW,2023-12-31,0.42,0.87,0.77,0.1,True
SKYW,2024-12-31,2.33,7.76,7.77,0.01,False
SKYW,2025-12-31,2.21,10.35,10.35,0.0,False
SLAB,2015-01-03,0.23,0.86,0.87,0.01,False
SLAB,2016-01-02,0.13,0.68,0.69,0.01,False
SLAB,2016-12-31,0.47,1.45,1.45,0.0,False
SLAB,2017-12-30,-0.11,1.09,1.09,0.0,False
SLAB,2018-12-29,0.35,1.9,1.9,0.0,False
SLAB,2019-12-28,0.21,0.41,0.43,0.02,False
SLAB,2021-01-02,0.2,0.28,0.28,0.0,False
SLAB,2022-01-01,-0.08,47.41,47.78,0.37,False
SLAB,2022-12-31,0.76,2.54,2.54,0.0,False
SLAB,2023-12-30,-2.45,-1.39,-1.09,0.3,True
SLAB,2024-12-28,-0.73,-5.94,-5.93,0.01,False
SLAB,2026-01-03,-0.08,-1.99,-1.98,0.01,False
SLG,2014-12-31,0.59,5.26,5.23,0.03,False
SLG,2015-12-31,0.97,2.66,2.7,0.04,False
SLG,2016-12-31,0.44,2.34,2.34,0.0,False
SLG,2017-12-31,0.29,0.88,0.87,0.01,False
SLG,2018-12-31,-0.73,2.61,2.75,0.14,True
SLG,2019-12-31,0.22,3.08,3.19,0.11,False
SLG,2020-12-31,2.63,5.03,4.87,0.16,False
SLG,2023-12-31,-2.49,-9.13,-9.12,0.01,False
SLG,2024-12-31,0.15,0.1,0.08,0.02,False
SLG,2025-12-31,-1.5,-1.62,-1.61,0.01,False
SLGN,2014-12-31,0.37,2.86,2.86,0.0,False
SLGN,2015-12-31,0.44,2.83,2.81,0.02,False
SLGN,2016-12-31,0.41,2.55,2.55,0.0,False
SLGN,2018-12-31,0.34,2.01,2.01,0.0,False
SLGN,2019-12-31,0.31,1.74,1.74,0.0,False
SLGN,2020-12-31,0.54,2.77,2.77,0.0,False
SLGN,2021-12-31,0.76,3.23,3.23,0.0,False
SLGN,2022-12-31,0.22,3.06,3.07,0.01,False
SLGN,2023-12-31,0.6,2.98,2.98,0.0,False
SLGN,2024-12-31,0.42,2.58,2.58,0.0,False
SLGN,2025-12-31,0.17,2.69,2.7,0.01,False
SLM,2014-12-31,0.03,0.41,0.42,0.01,False
SLM,2015-12-31,0.2,0.59,0.59,0.0,False
SLM,2016-12-31,0.15,0.53,0.53,0.0,False
SLM,2017-12-31,0.1,0.62,0.62,0.0,False
SLM,2018-12-31,0.33,1.08,1.07,0.01,False
SLM,2019-12-31,0.32,1.3,1.3,0.0,False
SLM,2020-12-31,1.12,2.21,2.25,0.04,False
SLM,2021-12-31,1.05,3.48,3.61,0.13,False
SLM,2022-12-31,-0.33,1.7,1.76,0.06,False
SLM,2023-12-31,0.72,2.4,2.41,0.01,False
SLM,2024-12-31,0.49,2.64,2.68,0.04,False
SLM,2025-12-31,1.12,3.47,3.46,0.01,False
SLVM,2021-12-31,1.41,7.52,7.53,0.01,False
SLVM,2022-12-31,2.12,2.66,2.66,0.0,False
SLVM,2023-12-31,1.15,5.91,5.93,0.02,False
SLVM,2024-12-31,1.92,7.19,7.18,0.01,False
SLVM,2025-12-31,0.83,3.26,3.24,0.02,False
SM,2014-12-31,4.92,9.81,9.79,0.02,False
SM,2015-12-31,-5.02,-6.61,-6.61,0.0,False
SM,2016-12-31,-2.19,-10.29,-9.9,0.39,False
SM,2017-12-31,-0.24,-1.45,-1.44,0.01,False
SM,2019-12-31,-0.91,-1.67,-1.66,0.01,False
SM,2020-12-31,-1.44,-6.73,-6.72,0.01,False
SM,2021-12-31,3.08,-0.3,0.29,0.59,True
SM,2022-12-31,2.09,8.95,8.96,0.01,False
SM,2023-12-31,2.13,6.88,6.86,0.02,False
SM,2024-12-31,1.64,6.68,6.67,0.01,False
SM,2025-12-31,0.95,5.65,5.64,0.01,False
SMCI,2015-06-30,0.56,2.03,2.03,0.0,False
SMCI,2016-06-30,0.13,1.39,1.39,0.0,False
SMCI,2019-06-30,0.45,1.39,1.39,0.0,False
SMCI,2020-06-30,0.34,1.6,1.6,0.0,False
SMCI,2021-06-30,0.74,2.1,2.09,0.01,False
SMCI,2022-06-30,2.6,5.29,5.32,0.03,False
SMCI,2023-06-30,3.43,11.45,11.43,0.02,False
SMCI,2024-06-30,0.46,14.87,1.92,12.95,True
SMCI,2026-06-30,1.62,3.2,3.26,0.06,False
SMG,2016-09-30,-0.43,5.07,5.09,0.02,False
SMG,2017-09-30,-0.56,3.61,3.63,0.02,False
SMG,2018-09-30,-2.57,1.12,1.12,0.0,False
SMG,2019-09-30,-1.01,8.2,8.18,0.02,False
SMG,2020-09-30,0.07,6.81,6.81,0.0,False
SMG,2021-09-30,-0.84,8.96,8.96,0.0,False
SMG,2022-09-30,-3.99,-7.96,-7.88,0.08,False
SMG,2023-09-30,-8.46,-6.92,-6.79,0.13,False
SMG,2024-09-30,-4.43,-0.83,-0.61,0.22,True
SMG,2025-09-30,-2.51,2.54,2.47,0.07,False
SMP,2014-12-31,0.47,1.84,1.85,0.01,False
SMP,2015-12-31,0.23,2.0,1.99,0.01,False
SMP,2016-12-31,0.36,2.62,2.62,0.0,False
SMP,2017-12-31,-0.38,1.62,1.64,0.02,False
SMP,2018-12-31,0.15,1.88,1.88,0.0,False
SMP,2019-12-31,0.5,2.53,2.54,0.01,False
SMP,2020-12-31,0.4,2.52,2.51,0.01,False
SMP,2021-12-31,0.83,4.02,4.02,0.0,False
SMP,2022-12-31,0.36,2.49,2.5,0.01,False
SMP,2023-12-31,0.29,1.54,1.54,0.0,False
SMP,2024-12-31,-0.1,1.23,1.24,0.01,False
SMP,2025-12-31,0.35,1.85,1.84,0.01,False
SMPL,2018-08-25,0.15,0.95,0.96,0.01,False
SMPL,2019-08-31,0.07,0.56,0.56,0.0,False
SMPL,2020-08-29,-0.41,-0.18,0.35,0.53,True
SMPL,2021-08-28,0.19,0.21,0.42,0.21,True
SMPL,2022-08-27,0.3,1.08,1.08,0.0,False
SMPL,2023-08-26,0.36,1.32,1.32,0.0,False
SMPL,2024-08-31,0.29,1.38,1.38,0.0,False
SMPL,2025-08-30,-0.12,1.02,1.02,0.0,False
SMTC,2015-01-25,-0.23,0.41,0.41,0.0,False
SMTC,2016-01-31,0.02,0.18,0.17,0.01,False
SMTC,2017-01-29,0.12,0.83,0.83,0.0,False
SMTC,2018-01-28,-0.02,0.55,0.54,0.01,False
SMTC,2019-01-27,0.2,0.97,0.92,0.05,False
SMTC,2020-01-26,-0.07,0.47,0.47,0.0,False
SMTC,2021-01-31,0.24,0.91,0.91,0.0,False
SMTC,2022-01-30,0.53,1.92,1.92,0.0,False
SMTC,2023-01-29,-0.8,0.96,0.96,0.0,False
SMTC,2024-01-28,-9.98,-17.01,-17.03,0.02,False
SMTC,2025-01-26,0.48,-2.59,-2.26,0.33,True
SMTC,2026-01-25,-0.33,-0.45,-0.46,0.01,False
SNDR,2017-12-31,1.6,2.22,2.28,0.06,False
SNDR,2018-12-31,0.48,1.52,1.52,0.0,False
SNDR,2019-12-31,0.32,0.83,0.83,0.0,False
SNDR,2020-12-31,0.43,1.19,1.19,0.0,False
SNDR,2021-12-31,0.75,2.28,2.28,0.0,False
SNDR,2022-12-31,0.61,2.56,2.56,0.0,False
SNDR,2023-12-31,0.15,1.33,1.34,0.01,False
SNDR,2024-12-31,0.19,0.66,0.66,0.0,False
SNDR,2025-12-31,0.13,0.59,0.59,0.0,False
SNEX,2015-09-30,1.11,2.89,2.87,0.02,False
SNEX,2016-09-30,0.91,2.91,2.9,0.01,False
SNEX,2017-09-30,-1.25,0.33,0.31,0.02,False
SNEX,2018-09-30,0.81,2.87,2.87,0.0,False
SNEX,2019-09-30,1.43,4.42,4.39,0.03,False
SNEX,2020-09-30,4.0,8.71,8.61,0.1,False
SNEX,2021-09-30,0.37,5.75,5.74,0.01,False
SNEX,2022-09-30,2.58,10.1,10.01,0.09,False
SNEX,2023-09-30,2.45,11.27,11.18,0.09,False
SNX,2014-11-30,1.48,4.65,4.57,0.08,False
SNX,2015-11-30,1.56,5.23,5.24,0.01,False
SNX,2016-11-30,2.13,5.88,5.88,0.0,False
SNX,2017-11-30,2.26,7.5,7.51,0.01,False
SNX,2018-11-30,2.41,7.1,7.19,0.09,False
SNX,2019-11-30,3.42,9.74,9.74,0.0,False
SNX,2020-11-30,4.14,10.2,10.21,0.01,False
SNX,2021-11-30,1.24,6.52,6.24,0.28,False
SNX,2022-11-30,2.31,6.78,6.77,0.01,False
SNX,2023-11-30,2.06,6.71,6.7,0.01,False
SNX,2024-11-30,2.29,7.96,7.95,0.01,False
SNX,2025-11-30,3.04,9.97,9.95,0.02,False
SON,2014-12-31,0.48,2.2,2.32,0.12,True
SON,2015-12-31,0.55,2.45,2.44,0.01,False
SON,2016-12-31,1.03,2.81,2.81,0.0,False
SON,2017-12-31,0.06,1.74,1.74,0.0,False
SON,2018-12-31,0.77,3.1,3.1,0.0,False
SON,2019-12-31,0.44,2.88,2.88,0.0,False
SON,2020-12-31,-0.11,2.06,2.05,0.01,False
SON,2021-12-31,0.67,-0.84,-0.86,0.02,False
SON,2022-12-31,0.98,4.72,4.72,0.0,False
SON,2023-12-31,0.82,4.8,4.8,0.0,False
SON,2024-12-31,-0.43,1.66,1.65,0.01,False
SON,2025-12-31,3.33,10.07,10.07,0.0,False
SONO,2019-09-28,-0.31,-0.11,-0.05,0.06,True
SONO,2020-10-03,0.18,-0.22,-0.18,0.04,False
SONO,2021-10-02,-0.06,1.19,1.13,0.06,True
SONO,2022-10-01,-0.45,0.48,0.49,0.01,False
SONO,2023-09-30,-0.25,-0.1,-0.08,0.02,False
SONO,2024-09-28,-0.46,-0.35,-0.31,0.04,False
SONO,2025-09-27,-0.32,-0.53,-0.51,0.02,False
SPHR,2020-06-30,5.17,0.71,0.72,0.01,False
SPHR,2021-06-30,-3.43,-15.95,-17.39,1.44,True
SPHR,2022-06-30,-2.92,-5.68,-5.77,0.09,False
SPHR,2023-06-30,14.99,14.0,14.4,0.4,False
SPHR,2024-06-30,-1.32,-5.67,-5.68,0.01,False
SPHR,2025-12-31,1.01,-0.67,0.74,1.41,True
SPNT,2014-12-31,-0.13,0.47,0.47,0.0,False
SPNT,2015-12-31,0.43,-0.83,-0.84,0.01,False
SPNT,2016-12-31,-0.44,0.26,0.26,0.0,False
SPNT,2017-12-31,0.42,2.63,2.64,0.01,False
SPNT,2018-12-31,-3.34,-3.55,-3.27,0.28,True
SPNT,2019-12-31,0.32,2.16,2.16,0.0,False
SPNT,2020-12-31,1.42,1.49,1.53,0.04,False
SPNT,2021-12-31,-0.88,0.5,0.27,0.23,True
SPNT,2022-12-31,-0.17,-2.52,-2.51,0.01,False
SPNT,2023-12-31,0.49,1.86,1.85,0.01,False
SPNT,2024-12-31,-0.12,0.97,1.04,0.07,True
SPNT,2025-12-31,1.84,3.56,3.64,0.08,False
SPSC,2014-12-31,0.05,0.16,0.16,0.0,False
SPSC,2015-12-31,0.12,0.26,0.27,0.01,False
SPSC,2016-12-31,0.1,0.32,0.33,0.01,False
SPSC,2017-12-31,-0.55,-0.16,-0.14,0.02,False
SPSC,2018-12-31,0.4,1.35,1.36,0.01,False
SPSC,2020-12-31,0.37,1.25,1.26,0.01,False
SPSC,2021-12-31,0.34,1.21,1.21,0.0,False
SPSC,2022-12-31,0.43,1.49,1.49,0.0,False
SPSC,2023-12-31,0.5,1.75,1.76,0.01,False
SPSC,2024-12-31,0.46,2.04,2.04,0.0,False
SPSC,2025-12-31,0.69,2.46,2.46,0.0,False
SPXC,2014-12-31,-0.86,8.87,9.25,0.38,False
SPXC,2015-12-31,-0.23,-2.04,-2.03,0.01,False
SPXC,2016-12-31,-2.0,-1.99,-2.02,0.03,False
SPXC,2017-12-31,1.28,1.98,2.03,0.05,False
SPXC,2018-12-31,0.88,1.82,1.82,0.0,False
SPXC,2019-12-31,0.69,1.58,1.58,0.0,False
SPXC,2020-12-31,0.53,2.12,2.12,0.0,False
SPXC,2021-12-31,0.13,9.11,9.15,0.04,False
SPXC,2022-12-31,-0.59,0.01,0.0,0.01,False
SPXC,2023-12-31,0.67,1.92,1.93,0.01,False
SPXC,2024-12-31,1.21,4.26,4.26,0.0,False
SPXC,2025-12-31,1.54,5.01,5.03,0.02,False
SR,2015-09-30,-0.43,3.16,3.16,0.0,False
SR,2016-09-30,-0.31,3.32,3.24,0.08,False
SR,2017-09-30,-0.27,3.53,3.43,0.1,False
SR,2018-09-30,-0.51,4.43,4.33,0.1,False
SR,2019-09-30,-0.75,3.52,3.52,0.0,False
SR,2020-09-30,-0.45,1.46,1.44,0.02,False
SR,2021-09-30,-0.26,4.97,4.96,0.01,False
SR,2022-09-30,-0.21,3.97,3.95,0.02,False
SR,2023-09-30,-0.66,3.85,3.85,0.0,False
SR,2024-09-30,-0.51,4.31,4.19,0.12,False
SR,2025-09-30,-0.73,4.41,4.37,0.04,False
SRPT,2020-12-31,-2.4,-7.06,-7.11,0.05,False
SRPT,2021-12-31,-1.42,-5.14,-5.15,0.01,False
SRPT,2022-12-31,-1.24,-8.03,-8.03,0.0,False
SRPT,2023-12-31,0.44,-6.15,-5.8,0.35,True
SRPT,2024-12-31,1.5,2.28,2.34,0.06,False
SRPT,2025-12-31,-4.28,-7.49,-7.13,0.36,True
SSB,2014-12-31,0.88,3.08,3.08,0.0,False
SSB,2015-12-31,1.06,4.12,4.11,0.01,False
SSB,2016-12-31,1.0,4.18,4.18,0.0,False
SSB,2017-12-31,0.08,2.98,2.93,0.05,False
SSB,2018-12-31,1.35,4.87,4.86,0.01,False
SSB,2019-12-31,1.45,5.37,5.36,0.01,False
SSB,2020-12-31,1.2,1.29,2.19,0.9,True
SSB,2021-12-31,1.52,6.71,6.71,0.0,False
SSB,2022-12-31,1.88,6.59,6.6,0.01,False
SSB,2023-12-31,1.4,6.47,6.46,0.01,False
SSB,2024-12-31,1.87,6.96,6.97,0.01,False
SSB,2025-12-31,2.46,7.86,7.87,0.01,False
SSD,2014-12-31,0.21,1.3,1.29,0.01,False
SSD,2015-12-31,0.3,1.37,1.38,0.01,False
SSD,2016-12-31,0.36,1.86,1.86,0.0,False
SSD,2017-12-31,0.27,1.93,1.94,0.01,False
SSD,2018-12-31,0.28,2.71,2.72,0.01,False
SSD,2019-12-31,0.63,2.98,2.98,0.0,False
SSD,2020-12-31,0.68,4.27,4.27,0.0,False
SSD,2021-12-31,1.61,6.13,6.12,0.01,False
SSD,2023-12-31,1.28,8.26,8.26,0.0,False
SSD,2024-12-31,1.32,7.61,7.6,0.01,False
SSD,2025-12-31,1.34,8.24,8.24,0.0,False
ST,2014-12-31,0.41,1.65,1.65,0.0,False
ST,2015-12-31,1.27,2.03,2.03,0.0,False
ST,2016-12-31,0.39,1.53,1.53,0.0,False
ST,2017-12-31,0.98,2.37,2.37,0.0,False
ST,2018-12-31,1.54,3.55,3.53,0.02,False
ST,2019-12-31,0.34,1.75,1.75,0.0,False
ST,2020-12-31,0.77,1.04,1.04,0.0,False
ST,2021-12-31,0.7,2.28,2.28,0.0,False
ST,2022-12-31,0.74,2.01,1.99,0.02,False
ST,2023-12-31,-1.35,-0.06,-0.03,0.03,False
ST,2024-12-31,0.04,0.84,0.85,0.01,False
ST,2025-12-31,0.43,0.19,0.21,0.02,False
STAA,2015-01-02,-0.07,-0.23,-0.22,0.01,False
STAA,2016-01-01,-0.02,-0.16,-0.17,0.01,False
STAA,2016-12-30,-0.0,-0.29,-0.3,0.01,False
STAA,2017-12-29,-0.0,-0.04,-0.05,0.01,False
STAA,2018-12-28,0.02,0.1,0.11,0.01,False
STAA,2020-01-03,0.14,0.3,0.3,0.0,False
STAA,2021-01-01,0.06,0.11,0.12,0.01,False
STAA,2021-12-31,0.1,0.49,0.5,0.01,False
STAA,2022-12-30,0.12,0.78,0.78,0.0,False
STAA,2023-12-29,0.16,0.43,0.43,0.0,False
STAA,2024-12-27,-0.71,-0.43,-0.41,0.02,False
STAA,2026-01-02,-0.37,-1.63,-1.62,0.01,False
STAG,2014-12-31,-0.08,-0.27,-0.28,0.01,False
STAG,2015-12-31,-0.32,-0.61,-0.61,0.0,False
STBA,2014-12-31,0.49,1.94,1.95,0.01,False
STBA,2015-12-31,0.5,1.97,1.98,0.01,False
STBA,2016-12-31,0.51,2.05,2.05,0.0,False
STBA,2017-12-31,0.26,2.08,2.09,0.01,False
STBA,2018-12-31,0.76,3.0,3.01,0.01,False
STBA,2019-12-31,0.61,2.82,2.82,0.0,False
STBA,2020-12-31,0.62,0.54,0.53,0.01,False
STBA,2021-12-31,0.57,2.8,2.81,0.01,False
STBA,2022-12-31,1.03,3.46,3.46,0.0,False
STBA,2023-12-31,0.96,3.74,3.74,0.0,False
STBA,2024-12-31,0.86,3.41,3.41,0.0,False
STBA,2025-12-31,0.89,3.5,3.49,0.01,False
STC,2014-12-31,0.44,1.14,1.24,0.1,True
STC,2015-12-31,0.11,-0.27,-0.26,0.01,False
STC,2016-12-31,0.71,1.84,1.85,0.01,False
STC,2017-12-31,0.64,2.06,2.06,0.0,False
STC,2018-12-31,0.48,2.01,2.01,0.0,False
STC,2019-12-31,-0.0,3.3,3.31,0.01,False
STC,2020-12-31,2.22,6.09,6.22,0.13,False
STC,2021-12-31,3.13,11.9,11.9,0.0,False
STC,2022-12-31,0.49,5.94,5.94,0.0,False
STC,2023-12-31,0.32,1.11,1.11,0.0,False
STC,2024-12-31,0.8,2.6,2.61,0.01,False
STC,2025-12-31,1.25,4.04,4.05,0.01,False
STEP,2022-03-31,0.69,4.03,3.84,0.19,False
STEP,2023-03-31,0.46,-0.31,-0.3,0.01,False
STEP,2024-03-31,0.46,0.9,0.91,0.01,False
STEP,2025-03-31,-0.25,-2.4,-2.52,0.12,False
STEP,2026-03-31,-0.1,-6.8,-6.78,0.02,False
STRA,2014-12-31,1.21,4.36,4.35,0.01,False
STRA,2015-12-31,1.21,3.73,3.73,0.0,False
STRA,2016-12-31,1.07,3.21,3.21,0.0,False
STRA,2017-12-31,-0.58,1.85,1.84,0.01,False
STRA,2018-12-31,1.11,-0.56,-1.03,0.47,True
STRA,2019-12-31,1.29,3.66,3.67,0.01,False
STRA,2020-12-31,0.25,3.87,3.77,0.1,False
STRA,2021-12-31,0.9,2.29,2.28,0.01,False
STRA,2022-12-31,0.77,1.94,1.94,0.0,False
STRA,2023-12-31,1.59,2.86,2.91,0.05,False
STRA,2024-12-31,1.05,4.67,4.67,0.0,False
STRA,2025-12-31,1.66,5.42,5.41,0.01,False
STRL,2015-12-31,-0.06,-1.08,-2.02,0.94,True
STRL,2016-12-31,-0.26,-0.44,-0.4,0.04,False
STRL,2017-12-31,0.11,0.41,0.43,0.02,False
STRL,2018-12-31,0.21,0.93,0.93,0.0,False
STRL,2019-12-31,0.78,1.44,1.47,0.03,False
STRL,2020-12-31,0.2,1.5,1.5,0.0,False
STRL,2021-12-31,0.37,2.15,2.15,0.0,False
STRL,2022-12-31,0.97,3.44,3.48,0.04,False
STRL,2023-12-31,1.26,4.43,4.44,0.01,False
STRL,2024-12-31,3.63,8.27,8.27,0.0,False
STRL,2025-12-31,2.81,9.37,9.38,0.01,False
STWD,2014-12-31,0.4,2.25,2.24,0.01,False
STWD,2015-12-31,0.41,1.91,1.91,0.0,False
STWD,2016-12-31,0.48,1.5,1.5,0.0,False
STWD,2017-12-31,0.36,1.52,1.52,0.0,False
STWD,2018-12-31,0.33,1.42,1.42,0.0,False
STWD,2019-12-31,0.57,1.76,1.79,0.03,False
STWD,2020-12-31,0.4,1.17,1.16,0.01,False
STWD,2021-12-31,0.3,1.52,1.52,0.0,False
STWD,2022-12-31,0.44,2.74,2.74,0.0,False
STWD,2023-12-31,0.23,1.08,1.07,0.01,False
STWD,2024-12-31,0.22,1.17,1.1,0.07,True
STWD,2025-12-31,0.26,1.16,1.15,0.01,False
SUI,2014-12-31,-0.27,0.6,0.54,0.06,True
SUI,2015-12-31,1.59,2.49,2.52,0.03,False
SUI,2016-12-31,-0.02,0.27,0.26,0.01,False
SUI,2017-12-31,0.09,0.85,0.85,0.0,False
SUI,2018-12-31,0.11,1.3,1.29,0.01,False
SUI,2019-12-31,0.31,1.8,1.8,0.0,False
SUI,2020-12-31,0.08,1.35,1.34,0.01,False
SUI,2021-12-31,0.11,3.32,3.36,0.04,False
SUI,2022-12-31,0.03,1.97,2.0,0.03,False
SUI,2024-12-31,-1.7,0.81,0.71,0.1,True
SUI,2025-12-31,1.02,10.77,10.84,0.07,False
SUPN,2014-12-31,0.06,0.15,0.32,0.17,True
SUPN,2015-12-31,0.12,0.25,0.28,0.03,False
SUPN,2016-12-31,0.28,1.72,1.76,0.04,False
SUPN,2017-12-31,0.25,1.05,1.08,0.03,False
SUPN,2018-12-31,0.48,2.06,2.05,0.01,False
SUPN,2019-12-31,0.62,2.11,2.1,0.01,False
SUPN,2020-12-31,0.57,2.36,2.36,0.0,False
SUPN,2021-12-31,0.05,0.99,0.98,0.01,False
SUPN,2022-12-31,0.38,0.98,1.04,0.06,True
SUPN,2024-12-31,0.27,1.32,1.32,0.0,False
SUPN,2025-12-31,-0.07,-0.68,-0.68,0.0,False
SWX,2017-12-31,2.0,4.03,4.04,0.01,False
SWX,2018-12-31,1.36,3.68,3.68,0.0,False
SWX,2019-12-31,1.67,3.95,3.94,0.01,False
SWX,2020-12-31,1.81,4.12,4.14,0.02,False
SWX,2021-12-31,1.15,3.42,3.39,0.03,False
SWX,2022-12-31,-4.2,-2.9,-3.1,0.2,True
SWX,2023-12-31,1.01,2.12,2.13,0.01,False
SWX,2024-12-31,1.28,2.75,2.76,0.01,False
SWX,2025-12-31,0.94,5.59,6.08,0.49,True
SXI,2015-06-30,1.28,4.3,4.27,0.03,False
SXI,2016-06-30,0.95,4.07,4.08,0.01,False
SXI,2017-06-30,1.1,3.64,3.65,0.01,False
SXI,2018-06-30,0.98,2.86,2.86,0.0,False
SXI,2019-06-30,0.99,5.37,5.38,0.01,False
SXI,2020-06-30,0.15,1.63,1.63,0.0,False
SXI,2021-06-30,1.14,2.97,2.97,0.0,False
SXI,2022-06-30,1.1,5.07,5.06,0.01,False
SXI,2023-06-30,1.64,11.63,11.58,0.05,False
SXI,2024-06-30,1.64,6.14,6.14,0.0,False
SXI,2025-06-30,1.23,4.64,4.64,0.0,False
SXI,2026-06-30,1.69,8.66,8.67,0.01,False
SXT,2014-12-31,0.53,1.52,1.51,0.01,False
SXT,2015-12-31,0.43,2.3,2.31,0.01,False
SXT,2016-12-31,0.7,2.81,2.82,0.01,False
SXT,2017-12-31,0.31,2.03,2.03,0.0,False
SXT,2018-12-31,0.78,3.71,3.7,0.01,False
SXT,2019-12-31,-0.4,1.94,1.94,0.0,False
SXT,2020-12-31,0.59,2.58,2.59,0.01,False
SXT,2021-12-31,0.65,2.81,2.81,0.0,False
SXT,2022-12-31,0.69,3.34,3.34,0.0,False
SXT,2023-12-31,-0.14,2.22,2.21,0.01,False
SXT,2024-12-31,0.71,2.94,2.94,0.0,False
SXT,2025-12-31,0.6,3.16,3.16,0.0,False
SYNA,2015-06-27,0.79,2.81,2.84,0.03,False
SYNA,2016-06-25,-0.19,1.9,1.91,0.01,False
SYNA,2017-06-24,0.5,1.37,1.37,0.0,False
SYNA,2018-06-30,-0.04,-3.65,-3.63,0.02,False
SYNA,2019-06-29,-1.43,-0.77,-0.66,0.11,True
SYNA,2020-06-27,2.49,3.33,3.41,0.08,False
SYNA,2021-06-26,0.44,2.07,2.08,0.01,False
SYNA,2022-06-25,2.03,6.32,6.33,0.01,False
SYNA,2023-06-24,-0.58,1.82,1.83,0.01,False
SYNA,2024-06-29,5.02,2.9,3.16,0.26,True
SYNA,2025-06-28,-0.12,-1.21,-1.22,0.01,False
SYNA,2026-06-27,-11.44,-12.56,-12.62,0.06,False
TALO,2018-12-31,5.62,3.44,4.81,1.37,True
TALO,2019-12-31,0.01,1.08,1.08,0.0,False
TALO,2020-12-31,-5.74,-5.92,-6.88,0.96,True
TALO,2021-12-31,0.99,-2.24,-2.24,0.0,False
TALO,2022-12-31,0.03,4.54,4.56,0.02,False
TALO,2023-12-31,0.68,1.61,1.55,0.06,False
TALO,2024-12-31,-0.36,-0.51,-0.44,0.07,True
TALO,2025-12-31,-1.19,-2.84,-2.82,0.02,False
TBBK,2015-12-31,0.49,0.35,0.35,0.0,False
TBBK,2016-12-31,-0.52,-2.18,-2.17,0.01,False
TBBK,2017-12-31,-0.22,0.39,0.39,0.0,False
TBBK,2018-12-31,0.12,1.55,1.55,0.0,False
TBBK,2019-12-31,0.03,0.91,0.9,0.01,False
TBBK,2020-12-31,0.41,1.38,1.37,0.01,False
TBBK,2021-12-31,0.46,1.88,1.88,0.0,False
TBBK,2022-12-31,0.71,2.28,2.27,0.01,False
TBBK,2023-12-31,0.81,3.5,3.49,0.01,False
TBBK,2024-12-31,1.15,4.3,4.29,0.01,False
TBBK,2025-12-31,1.28,4.92,4.92,0.0,False
TCBI,2014-12-31,0.79,2.88,2.88,0.0,False
TCBI,2015-12-31,0.7,2.91,2.91,0.0,False
TCBI,2016-12-31,0.96,3.1,3.11,0.01,False
TCBI,2017-12-31,0.84,3.73,3.73,0.0,False
TCBI,2018-12-31,1.38,5.79,5.79,0.0,False
TCBI,2019-12-31,1.41,6.21,6.21,0.0,False
TCBI,2020-12-31,1.14,1.11,1.12,0.01,False
TCBI,2021-12-31,1.19,4.59,4.6,0.01,False
TCBI,2022-12-31,4.12,6.14,6.18,0.04,False
TCBI,2023-12-31,0.33,3.54,3.54,0.0,False
TCBI,2024-12-31,1.43,1.28,1.28,0.0,False
TCBI,2025-12-31,2.12,6.8,6.79,0.01,False
TDC,2014-12-31,0.77,2.34,2.33,0.01,False
TDC,2015-12-31,-0.38,-1.55,-1.53,0.02,False
TDC,2016-12-31,0.43,0.93,0.95,0.02,False
TDC,2017-12-31,-0.62,-0.57,-0.53,0.04,False
TDC,2018-12-31,0.12,0.24,0.25,0.01,False
TDC,2019-12-31,-0.17,-0.18,-0.18,0.0,False
TDC,2020-12-31,0.04,1.14,1.16,0.02,False
TDC,2021-12-31,0.29,1.3,1.3,0.0,False
TDC,2022-12-31,-0.07,0.3,0.31,0.01,False
TDC,2023-12-31,-0.07,0.61,0.61,0.0,False
TDC,2024-12-31,0.25,1.16,1.16,0.0,False
TDC,2025-12-31,0.38,1.34,1.35,0.01,False
TDS,2014-12-31,-0.15,-1.26,-1.26,0.0,False
TDS,2015-12-31,-0.01,1.99,1.98,0.01,False
TDS,2016-12-31,-0.04,0.39,0.39,0.0,False
TDS,2017-12-31,2.54,1.32,1.37,0.05,False
TDS,2018-12-31,0.14,1.18,1.17,0.01,False
TDS,2019-12-31,0.1,1.03,1.03,0.0,False
TDS,2020-12-31,0.12,1.93,1.93,0.0,False
TDS,2021-12-31,0.11,1.0,1.0,0.0,False
TDS,2022-12-31,-0.39,-0.09,-0.07,0.02,False
TDS,2023-12-31,-4.64,-5.05,-5.06,0.01,False
TDS,2024-12-31,-0.1,-0.86,-0.85,0.01,False
TDS,2025-12-31,0.3,-0.68,-0.65,0.03,False
TDW,2015-03-31,-0.2,-1.41,-1.34,0.07,True
TDW,2016-03-31,-1.74,-3.41,-3.41,0.0,False
TDW,2017-03-31,-2.01,-14.01,-14.02,0.01,False
TDW,2018-12-31,-2.86,-6.13,-6.45,0.32,False
TDW,2019-12-31,-1.51,-3.66,-3.71,0.05,False
TDW,2020-12-31,-0.72,-4.86,-4.86,0.0,False
TDW,2021-12-31,-0.92,-3.15,-3.14,0.01,False
TDW,2022-12-31,0.25,-0.55,-0.49,0.06,True
TDW,2023-12-31,0.7,1.83,1.84,0.01,False
TDW,2024-12-31,0.7,3.4,3.4,0.0,False
TDW,2025-12-31,4.35,6.62,6.64,0.02,False
TEX,2014-12-31,0.74,2.81,2.79,0.02,False
TEX,2015-12-31,0.14,1.33,1.33,0.0,False
TEX,2016-12-31,-2.55,-1.72,-1.63,0.09,True
TEX,2017-12-31,-0.31,1.35,1.36,0.01,False
TEX,2018-12-31,-0.45,1.43,1.48,0.05,False
TEX,2019-12-31,0.34,0.76,0.76,0.0,False
TEX,2020-12-31,0.25,-0.15,-0.15,0.0,False
TEX,2021-12-31,0.83,3.12,3.12,0.0,False
TEX,2022-12-31,1.34,4.34,4.32,0.02,False
TEX,2023-12-31,1.86,7.59,7.58,0.01,False
TEX,2024-12-31,-0.03,4.96,4.96,0.0,False
TEX,2025-12-31,0.95,3.33,3.33,0.0,False
TFIN,2014-12-31,0.14,1.6,1.52,0.08,True
TFIN,2015-12-31,0.23,1.56,1.57,0.01,False
TFIN,2016-12-31,0.34,1.11,1.1,0.01,False
TFIN,2017-12-31,0.29,1.82,1.81,0.01,False
TFIN,2018-12-31,0.67,2.04,2.03,0.01,False
TFIN,2019-12-31,0.66,2.25,2.25,0.0,False
TFIN,2020-12-31,1.24,2.51,2.53,0.02,False
TFIN,2021-12-31,1.02,4.36,4.35,0.01,False
TFIN,2022-12-31,0.67,3.96,3.96,0.0,False
TFIN,2023-12-31,0.38,1.61,1.61,0.0,False
TFIN,2024-12-31,0.13,0.54,0.54,0.0,False
TFIN,2025-12-31,0.76,0.92,0.93,0.01,False
TFX,2014-12-31,1.07,4.03,4.04,0.01,False
TFX,2015-12-31,2.09,5.08,5.1,0.02,False
TFX,2016-12-31,1.3,5.0,4.98,0.02,False
TFX,2017-12-31,-0.91,3.27,3.27,0.0,False
TFX,2018-12-31,1.88,4.24,4.29,0.05,False
TFX,2019-12-31,2.29,9.78,9.8,0.02,False
TFX,2020-12-31,1.61,7.09,7.09,0.0,False
TFX,2021-12-31,2.7,10.24,10.23,0.01,False
TFX,2022-12-31,1.66,7.68,7.68,0.0,False
TFX,2023-12-31,0.66,7.53,7.53,0.0,False
TFX,2024-12-31,-2.93,1.44,1.48,0.04,False
TFX,2025-12-31,-16.09,-20.49,-20.25,0.24,False
TGT,2015-01-31,-4.1,-2.52,-2.56,0.04,False
TGT,2016-01-30,2.32,5.35,5.31,0.04,False
TGT,2017-01-28,1.45,4.72,4.7,0.02,False
TGT,2018-02-03,2.02,5.35,5.33,0.02,False
TGT,2019-02-02,1.52,5.51,5.51,0.0,False
TGT,2020-02-01,1.63,6.37,6.36,0.01,False
TGT,2021-01-30,2.73,8.65,8.64,0.01,False
TGT,2022-01-29,3.21,14.07,14.1,0.03,False
TGT,2023-01-28,1.88,5.97,5.98,0.01,False
TGT,2024-02-03,2.98,8.93,8.94,0.01,False
TGT,2025-02-01,2.41,8.86,8.86,0.0,False
TGT,2026-01-31,2.3,8.13,8.13,0.0,False
TGTX,2020-12-31,-0.71,-2.39,-2.42,0.03,False
TGTX,2021-12-31,-0.7,-2.63,-2.63,0.0,False
TGTX,2022-12-31,-0.39,-1.46,-1.46,0.0,False
TGTX,2023-12-31,-0.09,0.02,0.09,0.07,True
TGTX,2024-12-31,0.15,0.14,0.15,0.01,False
TGTX,2025-12-31,0.14,2.77,2.77,0.0,False
THC,2014-12-31,0.58,0.07,0.12,0.05,True
THC,2015-12-31,-1.03,-1.46,-1.41,0.05,False
THC,2016-12-31,-0.79,-1.93,-1.93,0.0,False
THC,2017-12-31,-2.28,-7.0,-7.0,0.0,False
THC,2018-12-31,-0.05,1.07,1.07,0.0,False
THC,2019-12-31,0.02,-2.24,-2.24,0.0,False
THC,2020-12-31,3.82,3.67,3.75,0.08,False
THC,2021-12-31,2.3,8.43,8.42,0.01,False
THC,2022-12-31,0.92,3.71,3.79,0.08,False
THC,2023-12-31,2.31,5.72,5.71,0.01,False
THC,2024-12-31,3.31,32.22,32.7,0.48,False
THC,2025-12-31,4.22,15.49,15.49,0.0,False
THG,2014-12-31,2.0,6.28,6.28,0.0,False
THG,2015-12-31,1.76,7.4,7.4,0.0,False
THG,2016-12-31,-0.31,3.6,3.59,0.01,False
THG,2017-12-31,1.19,4.33,4.33,0.0,False
THG,2018-12-31,2.89,9.1,9.09,0.01,False
THG,2019-12-31,2.76,10.48,10.46,0.02,False
THG,2020-12-31,4.35,9.45,9.42,0.03,False
THG,2021-12-31,4.55,11.52,11.49,0.03,False
THG,2022-12-31,-0.32,3.22,3.21,0.01,False
THG,2023-12-31,2.92,0.88,0.98,0.1,True
THG,2024-12-31,4.6,11.7,11.7,0.0,False
THG,2025-12-31,5.44,18.14,18.16,0.02,False
THO,2015-07-31,1.31,3.75,3.74,0.01,False
THO,2020-07-31,2.14,4.01,4.02,0.01,False
THO,2021-07-31,4.12,11.84,11.85,0.01,False
THO,2022-07-31,5.15,20.6,20.59,0.01,False
THO,2023-07-31,1.68,6.95,6.95,0.0,False
THO,2024-07-31,1.68,4.93,4.94,0.01,False
THO,2025-07-31,2.33,4.82,4.84,0.02,False
THO,2026-07-31,0.78,3.39,3.38,0.01,False
THRM,2014-12-31,0.55,1.96,1.95,0.01,False
THRM,2015-12-31,0.78,2.62,2.62,0.0,False
THRM,2016-12-31,0.71,2.09,2.09,0.0,False
THRM,2017-12-31,-0.14,0.96,0.96,0.0,False
THRM,2018-12-31,0.36,1.15,1.16,0.01,False
THRM,2019-12-31,0.32,1.13,1.13,0.0,False
THRM,2020-12-31,1.01,1.78,1.81,0.03,False
THRM,2021-12-31,0.6,2.8,2.79,0.01,False
THRM,2022-12-31,-0.12,0.73,0.73,0.0,False
THRM,2023-12-31,0.55,1.22,1.22,0.0,False
THRM,2024-12-31,0.49,2.07,2.06,0.01,False
THRM,2025-12-31,0.09,0.6,0.59,0.01,False
TILE,2014-12-28,-0.12,0.39,0.37,0.02,False
TILE,2016-01-03,0.28,1.11,1.1,0.01,False
TILE,2017-01-01,0.07,0.84,0.83,0.01,False
TILE,2017-12-31,0.07,0.85,0.86,0.01,False
TILE,2018-12-30,0.11,0.85,0.84,0.01,False
TILE,2019-12-29,0.28,1.35,1.34,0.01,False
TILE,2021-01-03,0.33,-1.24,-1.23,0.01,False
TILE,2022-01-02,0.37,0.94,0.94,0.0,False
TILE,2023-01-01,-0.42,0.32,0.33,0.01,False
TILE,2023-12-31,0.33,0.76,0.76,0.0,False
TILE,2024-12-29,0.37,1.47,1.48,0.01,False
TILE,2025-12-28,0.41,1.96,1.96,0.0,False
TKR,2014-12-31,0.51,1.85,1.87,0.02,False
TKR,2015-12-31,-0.44,-0.8,-0.84,0.04,False
TKR,2016-12-31,0.31,1.92,1.92,0.0,False
TKR,2017-12-31,0.37,2.57,2.58,0.01,False
TKR,2018-12-31,0.78,3.87,3.86,0.01,False
TKR,2019-12-31,1.48,4.71,4.71,0.0,False
TKR,2020-12-31,0.69,3.73,3.72,0.01,False
TKR,2021-12-31,0.82,4.79,4.79,0.0,False
TKR,2022-12-31,1.32,5.48,5.48,0.0,False
TKR,2023-12-31,0.83,5.46,5.47,0.01,False
TKR,2024-12-31,1.01,4.99,4.99,0.0,False
TKR,2025-12-31,0.89,4.11,4.11,0.0,False
TLN,2015-12-31,-0.48,-2.19,-3.1,0.91,True
TLN,2024-12-31,1.2,16.8,17.67,0.87,False
TLN,2025-12-31,-8.98,-6.17,-4.79,1.38,True
TMDX,2020-12-31,-0.23,-1.2,-1.16,0.04,False
TMDX,2021-12-31,-0.46,-1.61,-1.6,0.01,False
TMDX,2022-12-31,-0.21,-1.25,-1.23,0.02,False
TMDX,2023-12-31,0.12,-0.77,-0.77,0.0,False
TMDX,2024-12-31,0.19,1.01,1.01,0.0,False
TMDX,2025-12-31,2.58,4.86,4.87,0.01,False
TMP,2014-12-31,0.85,3.48,3.48,0.0,False
TMP,2015-12-31,0.92,3.87,3.87,0.0,False
TMP,2016-12-31,1.06,3.98,3.91,0.07,False
TMP,2017-12-31,0.16,3.44,3.43,0.01,False
TMP,2018-12-31,1.23,5.35,5.35,0.0,False
TMP,2019-12-31,1.39,5.37,5.37,0.0,False
TMP,2020-12-31,1.61,5.21,5.2,0.01,False
TMP,2021-12-31,1.33,6.04,6.05,0.01,False
TMP,2022-12-31,1.36,5.89,5.89,0.0,False
TMP,2023-12-31,1.05,0.64,0.66,0.02,False
TMP,2024-12-31,1.37,4.95,4.97,0.02,False
TMP,2025-12-31,6.7,11.22,11.24,0.02,False
TNC,2014-12-31,0.93,2.7,2.7,0.0,False
TNC,2015-12-31,0.71,1.72,1.74,0.02,False
TNC,2016-12-31,0.85,2.59,2.59,0.0,False
TNC,2017-12-31,-0.19,-0.36,-0.35,0.01,False
TNC,2018-12-31,0.42,1.81,1.82,0.01,False
TNC,2019-12-31,0.59,2.48,2.48,0.0,False
TNC,2020-12-31,0.13,1.81,1.81,0.0,False
TNC,2021-12-31,0.42,3.44,3.44,0.0,False
TNC,2022-12-31,1.28,3.55,3.55,0.0,False
TNC,2023-12-31,1.64,5.83,5.83,0.0,False
TNC,2024-12-31,0.35,4.38,4.38,0.0,False
TNC,2025-12-31,-0.24,2.33,2.36,0.03,False
TNDM,2019-12-31,0.05,-0.47,-0.42,0.05,True
TNDM,2020-12-31,0.22,-0.63,-0.56,0.07,True
TNDM,2021-12-31,0.17,0.24,0.24,0.0,False
TNDM,2022-12-31,-0.25,-1.48,-1.47,0.01,False
TNDM,2023-12-31,-0.46,-3.44,-3.43,0.01,False
TNDM,2024-12-31,0.01,-1.46,-1.47,0.01,False
TNDM,2025-12-31,-0.01,-3.07,-3.04,0.03,False
TNL,2014-12-31,0.65,4.18,4.18,0.0,False
TNL,2015-12-31,1.22,5.16,5.14,0.02,False
TNL,2016-12-31,1.52,5.53,5.53,0.0,False
TNL,2017-12-31,4.42,8.47,8.4,0.07,False
TNL,2018-12-31,1.16,6.76,6.77,0.01,False
TNL,2019-12-31,1.88,5.52,5.48,0.04,False
TNL,2020-12-31,0.03,-2.96,-2.97,0.01,False
TNL,2021-12-31,1.22,3.52,3.52,0.0,False
TNL,2022-12-31,1.13,4.26,4.24,0.02,False
TNL,2023-12-31,1.78,5.33,5.28,0.05,False
TNL,2024-12-31,1.71,5.83,5.82,0.01,False
TNL,2025-12-31,-0.91,3.45,3.44,0.01,False
TOL,2014-10-31,0.71,1.84,1.84,0.0,False
TOL,2015-10-31,0.8,1.97,1.97,0.0,False
TOL,2016-10-31,0.67,2.19,2.18,0.01,False
TOL,2017-10-31,1.17,3.19,3.17,0.02,False
TOL,2018-10-31,2.08,4.89,4.85,0.04,False
TOL,2019-10-31,1.41,4.04,4.03,0.01,False
TOL,2020-10-31,1.55,3.45,3.4,0.05,False
TOL,2021-10-31,3.02,6.66,6.63,0.03,False
TOL,2022-10-31,5.63,11.07,10.9,0.17,False
TOL,2023-10-31,4.11,12.39,12.36,0.03,False
TOL,2024-10-31,4.63,15.03,15.01,0.02,False
TOL,2025-10-31,4.58,13.56,13.49,0.07,False
TOST,2021-12-31,0.0,-2.17,-1.68,0.49,True
TOST,2022-12-31,-0.18,-0.68,-0.72,0.04,False
TOST,2023-12-31,-0.07,-0.51,-0.47,0.04,False
TOST,2024-12-31,0.05,-0.01,0.03,0.04,False
TOST,2025-12-31,0.16,0.54,0.56,0.02,False
TPC,2014-12-31,0.56,2.2,2.2,0.0,False
TPC,2015-12-31,0.18,0.92,0.91,0.01,False
TPC,2016-12-31,0.6,1.91,1.92,0.01,False
TPC,2017-12-31,1.59,2.92,2.92,0.0,False
TPC,2018-12-31,0.98,1.65,1.66,0.01,False
TPC,2019-12-31,-1.72,-7.73,-7.72,0.01,False
TPC,2020-12-31,0.69,2.12,2.12,0.0,False
TPC,2021-12-31,0.57,1.79,1.79,0.0,False
TPC,2022-12-31,-1.8,-4.08,-4.09,0.01,False
TPC,2023-12-31,-0.91,-3.29,-3.3,0.01,False
TPC,2024-12-31,-1.54,-3.14,-3.13,0.01,False
TPC,2025-12-31,0.54,1.52,1.51,0.01,False
TREX,2015-12-31,0.26,1.51,1.52,0.01,False
TREX,2016-12-31,0.43,2.26,2.29,0.03,False
TREX,2017-12-31,0.62,3.22,3.22,0.0,False
TREX,2019-12-31,0.61,2.48,2.47,0.01,False
TREX,2021-12-31,0.22,1.81,1.8,0.01,False
TREX,2022-12-31,0.09,1.63,1.65,0.02,False
TREX,2023-12-31,0.2,1.89,1.89,0.0,False
TREX,2024-12-31,0.09,2.08,2.09,0.01,False
TREX,2025-12-31,0.02,1.77,1.78,0.01,False
TRIP,2014-12-31,0.25,1.56,1.55,0.01,False
TRIP,2015-12-31,0.02,1.36,1.36,0.0,False
TRIP,2016-12-31,0.01,0.81,0.82,0.01,False
TRIP,2017-12-31,-0.61,-0.15,-0.14,0.01,False
TRIP,2018-12-31,0.06,0.82,0.81,0.01,False
TRIP,2019-12-31,0.11,0.89,0.89,0.0,False
TRIP,2020-12-31,-0.54,-2.16,-2.14,0.02,False
TRIP,2021-12-31,-0.22,-1.09,-1.08,0.01,False
TRIP,2022-12-31,-0.01,0.13,0.14,0.01,False
TRIP,2023-12-31,0.21,0.05,0.08,0.03,False
TRIP,2024-12-31,0.01,0.02,0.04,0.02,False
TRIP,2025-12-31,-0.29,0.34,0.31,0.03,False
TRMK,2014-12-31,0.42,1.84,1.83,0.01,False
TRMK,2015-12-31,0.41,1.71,1.71,0.0,False
TRMK,2016-12-31,0.43,1.61,1.6,0.01,False
TRMK,2017-12-31,0.23,1.55,1.56,0.01,False
TRMK,2018-12-31,0.55,2.22,2.21,0.01,False
TRMK,2019-12-31,0.53,2.33,2.32,0.01,False
TRMK,2020-12-31,0.81,2.53,2.51,0.02,False
TRMK,2021-12-31,0.42,2.34,2.34,0.0,False
TRMK,2022-12-31,-0.56,1.16,1.17,0.01,False
TRMK,2023-12-31,0.59,2.71,2.7,0.01,False
TRMK,2024-12-31,0.92,3.64,3.63,0.01,False
TRMK,2025-12-31,0.97,3.71,3.7,0.01,False
TRN,2015-12-31,1.34,5.11,5.08,0.03,False
TRN,2016-12-31,0.44,2.25,2.25,0.0,False
TRN,2017-12-31,3.4,4.46,4.52,0.06,False
TRN,2018-12-31,-0.19,0.69,1.07,0.38,True
TRN,2019-12-31,0.18,1.08,1.07,0.01,False
TRN,2020-12-31,-1.16,-1.38,-1.27,0.11,True
TRN,2021-12-31,1.37,1.85,1.75,0.1,True
TRN,2022-12-31,0.37,0.71,0.71,0.0,False
TRN,2023-12-31,0.75,1.26,1.27,0.01,False
TRN,2024-12-31,0.34,1.64,1.64,0.0,False
TRN,2025-12-31,2.25,3.05,3.05,0.0,False
TRNO,2017-12-31,0.2,0.95,0.95,0.0,False
TRNO,2018-12-31,0.38,1.08,1.09,0.01,False
TRNO,2019-12-31,0.22,0.85,0.85,0.0,False
TRNO,2020-12-31,0.19,1.16,1.16,0.0,False
TRNO,2021-12-31,0.44,1.23,1.23,0.0,False
TRNO,2022-12-31,0.77,2.61,2.61,0.0,False
TRNO,2023-12-31,0.67,1.8,1.81,0.01,False
TRNO,2024-12-31,0.76,1.9,1.92,0.02,False
TRNO,2025-12-31,1.52,3.89,3.91,0.02,False
TRST,2014-12-31,0.11,0.464,0.466,0.002,False
TRST,2015-12-31,0.11,0.447,0.444,0.003,False
TRST,2016-12-31,0.11,0.442,0.445,0.003,False
TRST,2017-12-31,0.08,0.452,0.448,0.004,False
TRST,2018-12-31,0.17,0.64,0.636,0.004,False
TRST,2019-12-31,0.14,0.593,0.597,0.004,False
TRST,2020-12-31,0.14,0.541,0.543,0.002,False
TRST,2022-12-31,1.1,3.936,3.93,0.006,False
TRST,2023-12-31,0.52,3.08,3.08,0.0,False
TRST,2024-12-31,0.59,2.57,2.57,0.0,False
TRST,2025-12-31,0.85,3.25,3.25,0.0,False
TRU,2015-12-31,0.09,0.01,0.04,0.03,False
TRU,2016-12-31,0.27,0.65,0.65,0.0,False
TRU,2017-12-31,1.29,2.32,2.32,0.0,False
TRU,2018-12-31,0.53,1.44,1.45,0.01,False
TRU,2019-12-31,0.43,1.81,1.81,0.0,False
TRU,2020-12-31,0.53,1.79,1.79,0.0,False
TRU,2021-12-31,5.26,7.17,7.19,0.02,False
TRU,2022-12-31,0.24,1.39,1.4,0.01,False
TRU,2023-12-31,0.03,-1.07,-1.07,0.0,False
TRU,2024-12-31,0.33,1.45,1.45,0.0,False
TRU,2025-12-31,0.52,2.32,2.32,0.0,False
TRUP,2020-12-31,-0.1,-0.16,-0.16,0.0,False
TRUP,2021-12-31,-0.17,-0.88,-0.89,0.01,False
TRUP,2022-12-31,-0.23,-1.1,-1.1,0.0,False
TRUP,2023-12-31,-0.05,-1.08,-1.08,0.0,False
TRUP,2024-12-31,0.04,-0.23,-0.23,0.0,False
TRUP,2025-12-31,0.13,0.45,0.45,0.0,False
TTC,2014-10-31,0.19,3.01,3.02,0.01,False
TTC,2015-10-31,0.42,3.54,3.55,0.01,False
TTC,2017-10-31,0.3,2.4,2.41,0.01,False
TTC,2018-10-31,0.36,2.51,2.5,0.01,False
TTC,2019-10-31,0.35,2.53,2.53,0.0,False
TTC,2020-10-31,0.66,3.04,3.03,0.01,False
TTC,2021-10-31,0.56,3.78,3.78,0.0,False
TTC,2022-10-31,1.12,4.21,4.2,0.01,False
TTC,2023-10-31,0.67,3.13,3.13,0.0,False
TTC,2024-10-31,0.87,4.01,4.01,0.0,False
TTC,2025-10-31,0.74,3.17,3.17,0.0,False
TTEK,2015-09-27,-0.52,0.63,0.64,0.01,False
TTEK,2016-10-02,0.53,1.42,1.42,0.0,False
TTEK,2017-10-01,0.6,2.04,2.04,0.0,False
TTEK,2018-09-30,0.51,2.42,2.42,0.0,False
TTEK,2019-09-29,0.21,2.84,2.84,0.0,False
TTEK,2020-09-27,0.82,3.16,3.16,0.0,False
TTEK,2021-10-03,1.52,4.26,4.26,0.0,False
TTEK,2022-10-02,1.54,4.86,4.86,0.0,False
TTEK,2023-10-01,1.0,5.1,5.1,0.0,False
TTEK,2025-09-28,0.48,0.93,0.93,0.0,False
TTMI,2014-12-29,0.16,0.16,0.18,0.02,False
TTMI,2015-12-28,0.1,-0.29,-0.28,0.01,False
TTMI,2017-01-02,-0.04,0.29,0.34,0.05,False
TTMI,2018-01-01,0.37,1.02,1.04,0.02,False
TTMI,2018-12-31,0.33,1.29,1.38,0.09,True
TTMI,2019-12-30,0.31,0.45,0.39,0.06,True
TTMI,2020-12-28,0.37,1.76,1.67,0.09,True
TTMI,2022-01-03,0.08,0.5,0.5,0.0,False
TTMI,2023-01-02,0.06,0.92,0.91,0.01,False
TTMI,2024-01-01,0.17,-0.18,-0.18,0.0,False
TTMI,2024-12-30,0.05,0.54,0.54,0.0,False
TTMI,2025-12-29,0.48,1.69,1.68,0.01,False
TWLO,2019-12-31,-0.65,-2.32,-2.36,0.04,False
TWLO,2020-12-31,-1.22,-3.4,-3.35,0.05,False
TWLO,2021-12-31,-1.63,-5.44,-5.45,0.01,False
TWLO,2022-12-31,-1.24,-6.87,-6.86,0.01,False
TWLO,2023-12-31,-2.01,-5.54,-5.54,0.0,False
TWLO,2024-12-31,-0.08,-0.64,-0.66,0.02,False
TWLO,2025-12-31,-0.29,0.2,0.21,0.01,False
TXNM,2014-12-31,0.24,1.45,1.45,0.0,False
TXNM,2015-12-31,-1.14,0.2,0.2,0.0,False
TXNM,2016-12-31,0.31,1.46,1.46,0.0,False
TXNM,2017-12-31,-0.68,1.0,1.0,0.0,False
TXNM,2018-12-31,-0.69,1.07,1.07,0.0,False
TXNM,2019-12-31,0.4,0.96,0.97,0.01,False
TXNM,2020-12-31,0.11,2.16,2.15,0.01,False
TXNM,2021-12-31,0.13,2.27,2.27,0.0,False
TXNM,2022-12-31,0.18,1.97,1.97,0.0,False
TXNM,2023-12-31,-0.58,1.03,1.02,0.01,False
TXNM,2024-12-31,0.17,2.67,2.67,0.0,False
TXNM,2025-12-31,-0.09,1.45,1.48,0.03,False
TXRH,2014-12-30,0.26,1.23,1.23,0.0,False
TXRH,2015-12-29,0.32,1.37,1.37,0.0,False
TXRH,2016-12-27,0.29,1.62,1.63,0.01,False
TXRH,2017-12-26,0.4,1.84,1.84,0.0,False
TXRH,2018-12-25,0.42,2.2,2.2,0.0,False
TXRH,2019-12-31,0.61,2.46,2.46,0.0,False
TXRH,2020-12-29,0.28,0.45,0.45,0.0,False
TXRH,2021-12-28,0.76,3.5,3.5,0.0,False
TXRH,2022-12-27,0.89,3.97,3.97,0.0,False
TXRH,2023-12-26,1.08,4.53,4.54,0.01,False
TXRH,2024-12-31,1.73,6.47,6.47,0.0,False
TXRH,2025-12-30,1.28,6.09,6.1,0.01,False
UA,2015-12-31,0.47,1.04,1.05,0.01,False
UA,2017-12-31,-0.2,-0.12,-0.11,0.01,False
UA,2018-12-31,0.01,-0.1,-0.1,0.0,False
UA,2019-12-31,-0.03,0.21,0.2,0.01,False
UA,2020-12-31,0.41,-1.2,-1.21,0.01,False
UA,2021-12-31,0.23,0.77,0.77,0.0,False
UA,2023-03-31,0.38,0.86,0.84,0.02,False
UA,2024-03-31,0.01,0.53,0.52,0.01,False
UA,2025-03-31,-0.16,-0.47,-0.47,0.0,False
UA,2026-03-31,-0.1,-1.16,-1.16,0.0,False
UAA,2015-12-31,0.47,1.04,1.05,0.01,False
UAA,2017-12-31,-0.2,-0.12,-0.11,0.01,False
UAA,2018-12-31,0.01,-0.1,-0.1,0.0,False
UAA,2019-12-31,-0.03,0.21,0.2,0.01,False
UAA,2020-12-31,0.41,-1.2,-1.21,0.01,False
UAA,2021-12-31,0.23,0.77,0.77,0.0,False
UAA,2023-03-31,0.38,0.86,0.84,0.02,False
UAA,2024-03-31,0.01,0.53,0.52,0.01,False
UAA,2025-03-31,-0.16,-0.47,-0.47,0.0,False
UAA,2026-03-31,-0.1,-1.16,-1.16,0.0,False
UBSI,2014-12-31,0.48,1.92,1.92,0.0,False
UBSI,2015-12-31,0.48,1.98,1.98,0.0,False
UBSI,2016-12-31,0.5,1.98,1.99,0.01,False
UBSI,2017-12-31,0.17,1.56,1.54,0.02,False
UBSI,2018-12-31,0.62,2.46,2.45,0.01,False
UBSI,2019-12-31,0.62,2.55,2.55,0.0,False
UBSI,2020-12-31,0.71,2.35,2.4,0.05,False
UBSI,2021-12-31,0.56,2.83,2.83,0.0,False
UBSI,2022-12-31,0.74,2.81,2.8,0.01,False
UBSI,2023-12-31,0.59,2.71,2.71,0.0,False
UBSI,2024-12-31,0.7,2.75,2.75,0.0,False
UBSI,2025-12-31,0.92,3.28,3.27,0.01,False
UCB,2014-12-31,0.3,1.11,1.11,0.0,False
UCB,2015-12-31,0.25,1.09,1.09,0.0,False
UCB,2016-12-31,0.38,1.4,1.4,0.0,False
UCB,2017-12-31,-0.15,0.95,0.92,0.03,False
UCB,2018-12-31,0.56,2.06,2.07,0.01,False
UCB,2019-12-31,0.61,2.31,2.31,0.0,False
UCB,2020-12-31,0.66,1.9,1.91,0.01,False
UCB,2021-12-31,0.55,2.97,2.97,0.0,False
UCB,2022-12-31,0.74,2.52,2.52,0.0,False
UCB,2023-12-31,0.11,1.55,1.54,0.01,False
UCB,2024-12-31,0.61,2.04,2.04,0.0,False
UCB,2025-12-31,0.7,2.61,2.62,0.01,False
UCTT,2014-12-26,0.12,0.38,0.38,0.0,False
UCTT,2015-12-25,-0.5,-0.34,-0.34,0.0,False
UCTT,2016-12-30,0.29,0.29,0.3,0.01,False
UCTT,2017-12-29,0.6,2.18,2.19,0.01,False
UCTT,2018-12-28,-0.03,0.96,0.94,0.02,False
UCTT,2019-12-27,-0.26,-0.24,-0.24,0.0,False
UCTT,2020-12-25,0.54,1.88,1.89,0.01,False
UCTT,2021-12-31,0.98,2.67,2.69,0.02,False
UCTT,2022-12-30,0.6,0.86,0.88,0.02,False
UCTT,2023-12-29,-0.09,-0.7,-0.7,0.0,False
UCTT,2024-12-27,0.35,0.51,0.52,0.01,False
UCTT,2025-12-26,-0.07,-4.0,-4.0,0.0,False
UE,2015-12-31,0.15,0.38,0.39,0.01,False
UE,2016-12-31,0.19,0.91,0.91,0.0,False
UE,2017-12-31,-0.1,0.68,0.61,0.07,True
UE,2018-12-31,0.06,0.92,0.92,0.0,False
UE,2019-12-31,-0.02,0.87,0.91,0.04,False
UE,2020-12-31,0.16,0.78,0.79,0.01,False
UE,2021-12-31,0.32,0.84,0.88,0.04,False
UE,2022-12-31,0.11,0.39,0.39,0.0,False
UE,2023-12-31,1.95,2.19,2.11,0.08,False
UE,2024-12-31,0.25,0.6,0.6,0.0,False
UE,2025-12-31,0.1,0.75,0.74,0.01,False
UFCS,2014-12-31,1.37,2.32,2.32,0.0,False
UFCS,2015-12-31,1.23,3.53,3.53,0.0,False
UFCS,2016-12-31,0.46,1.94,1.93,0.01,False
UFCS,2017-12-31,1.76,1.93,1.99,0.06,False
UFCS,2018-12-31,-1.14,1.1,1.08,0.02,False
UFCS,2019-12-31,-0.88,0.6,0.58,0.02,False
UFCS,2020-12-31,-0.36,-4.51,-4.5,0.01,False
UFCS,2022-12-31,0.79,0.58,0.59,0.01,False
UFCS,2023-12-31,0.79,-1.16,-1.18,0.02,False
UFCS,2024-12-31,1.18,2.35,2.39,0.04,False
UFCS,2025-12-31,1.45,4.48,4.48,0.0,False
UFPI,2014-12-27,0.46,2.86,2.86,0.0,False
UFPI,2015-12-26,0.93,3.98,3.99,0.01,False
UFPI,2016-12-31,1.02,4.97,4.96,0.01,False
UFPI,2018-12-29,0.51,2.41,2.4,0.01,False
UFPI,2019-12-28,0.63,2.93,2.91,0.02,False
UFPI,2020-12-26,1.05,4.03,4.0,0.03,False
UFPI,2021-12-25,2.27,8.66,8.59,0.07,False
UFPI,2022-12-31,2.17,11.06,10.97,0.09,False
UFPI,2023-12-30,1.71,8.15,8.07,0.08,False
UFPI,2024-12-28,1.16,6.81,6.77,0.04,False
UFPI,2025-12-27,0.72,5.01,5.0,0.01,False
UFPT,2014-12-31,0.22,1.06,1.05,0.01,False
UFPT,2015-12-31,0.23,1.06,1.05,0.01,False
UFPT,2016-12-31,0.21,1.11,1.1,0.01,False
UFPT,2017-12-31,0.37,1.26,1.26,0.0,False
UFPT,2018-12-31,0.59,1.93,1.93,0.0,False
UFPT,2019-12-31,0.76,2.63,2.63,0.0,False
UFPT,2020-12-31,0.55,1.38,1.77,0.39,True
UFPT,2021-12-31,0.42,2.09,2.09,0.0,False
UFPT,2022-12-31,1.09,5.46,5.45,0.01,False
UFPT,2023-12-31,1.5,5.84,5.83,0.01,False
UFPT,2024-12-31,2.08,7.58,7.58,0.0,False
UFPT,2025-12-31,2.23,8.76,8.75,0.01,False
UGI,2015-09-30,-0.05,1.59,1.6,0.01,False
UGI,2016-09-30,-0.25,2.07,2.08,0.01,False
UGI,2017-09-30,0.03,2.46,2.46,0.0,False
UGI,2018-09-30,0.14,4.08,4.06,0.02,False
UGI,2019-09-30,-0.26,1.47,1.41,0.06,False
UGI,2020-09-30,0.04,2.52,2.54,0.02,False
UGI,2021-09-30,2.41,6.89,6.92,0.03,False
UGI,2022-09-30,1.07,4.9,4.97,0.07,False
UGI,2023-09-30,0.64,-7.15,-7.16,0.01,False
UGI,2024-09-30,-1.24,1.27,1.25,0.02,False
UGI,2025-09-30,-0.06,3.11,3.09,0.02,False
ULS,2024-12-31,0.4,1.62,1.62,0.0,False
ULS,2025-12-31,0.33,1.6,1.6,0.0,False
UMBF,2014-12-31,0.59,2.65,2.65,0.0,False
UMBF,2015-12-31,0.6,2.45,2.44,0.01,False
UMBF,2016-12-31,0.87,3.22,3.22,0.0,False
UMBF,2017-12-31,2.25,4.97,4.96,0.01,False
UMBF,2018-12-31,0.52,3.93,3.93,0.0,False
UMBF,2019-12-31,1.35,4.96,4.96,0.0,False
UMBF,2020-12-31,3.22,5.93,5.93,0.0,False
UMBF,2021-12-31,1.6,7.24,7.24,0.0,False
UMBF,2022-12-31,2.05,8.86,8.86,0.0,False
UMBF,2023-12-31,1.45,7.18,7.18,0.0,False
UMBF,2024-12-31,2.44,8.99,8.99,0.0,False
UMBF,2025-12-31,2.74,9.13,9.29,0.16,False
UNF,2015-08-29,1.43,6.15,6.15,0.0,False
UNF,2016-08-27,1.75,6.18,6.17,0.01,False
UNF,2017-08-26,-0.23,3.44,3.44,0.0,False
UNF,2019-08-31,2.41,9.34,9.33,0.01,False
UNF,2020-08-29,1.67,7.13,7.13,0.0,False
UNF,2021-08-28,1.82,7.94,7.94,0.0,False
UNF,2022-08-27,1.39,5.46,5.46,0.0,False
UNF,2023-08-26,1.47,5.52,5.53,0.01,False
UNF,2024-08-31,2.39,7.77,7.77,0.0,False
UNF,2025-08-30,2.23,7.98,7.98,0.0,False
UNFI,2017-07-29,0.76,2.56,2.56,0.0,False
UNFI,2018-07-28,0.64,3.25,3.26,0.01,False
UNFI,2019-08-03,0.35,-5.63,-5.56,0.07,False
UNFI,2020-08-01,0.89,-5.29,-5.1,0.19,False
UNFI,2021-07-31,0.65,2.43,2.48,0.05,False
UNFI,2022-07-30,0.64,4.07,4.07,0.0,False
UNFI,2023-07-29,-1.14,0.36,0.4,0.04,False
UNFI,2024-08-03,-0.62,-1.88,-1.89,0.01,False
UNFI,2025-08-02,-1.44,-1.96,-1.95,0.01,False
UNFI,2026-08-01,0.54,1.31,1.34,0.03,False
UNIT,2025-12-31,-0.63,4.3,4.87,0.57,True
UNM,2014-12-31,-1.1,1.59,1.61,0.02,False
UNM,2015-12-31,0.93,3.5,3.5,0.0,False
UNM,2016-12-31,1.07,3.96,3.95,0.01,False
UNM,2017-12-31,1.19,4.38,4.37,0.01,False
UNM,2018-12-31,1.14,2.36,2.38,0.02,False
UNM,2019-12-31,1.44,5.24,5.24,0.0,False
UNM,2020-12-31,0.66,3.88,3.89,0.01,False
UNM,2021-12-31,0.78,4.02,4.02,0.0,False
UNM,2022-12-31,1.39,6.51,6.5,0.01,False
UNM,2023-12-31,1.69,6.49,6.5,0.01,False
UNM,2024-12-31,1.92,9.47,9.46,0.01,False
UNM,2025-12-31,1.04,4.25,4.27,0.02,False
UPBD,2014-12-31,0.46,1.78,1.81,0.03,False
UPBD,2015-12-31,-17.51,-16.65,-16.34,0.31,False
UPBD,2016-12-31,-2.76,-1.98,-1.98,0.0,False
UPBD,2017-12-31,0.63,0.09,0.12,0.03,False
UPBD,2018-12-31,0.03,0.15,0.16,0.01,False
UPBD,2019-12-31,0.72,3.11,3.1,0.01,False
UPBD,2020-12-31,1.0,3.73,3.73,0.0,False
UPBD,2021-12-31,0.15,2.0,2.02,0.02,False
UPBD,2022-12-31,0.04,0.19,0.21,0.02,False
UPBD,2023-12-31,-0.22,-0.13,-0.09,0.04,False
UPBD,2024-12-31,0.55,2.21,2.21,0.0,False
UPBD,2025-12-31,0.34,1.24,1.25,0.01,False
UPWK,2019-12-31,-0.06,-0.15,-0.15,0.0,False
UPWK,2020-12-31,0.01,-0.19,-0.19,0.0,False
UPWK,2021-12-31,-0.18,-0.44,-0.44,0.0,False
UPWK,2022-12-31,-0.13,-0.69,-0.69,0.0,False
UPWK,2023-12-31,0.12,0.06,0.06,0.0,False
UPWK,2024-12-31,0.97,1.47,1.52,0.05,False
UPWK,2025-12-31,0.11,0.83,0.84,0.01,False
URBN,2015-01-31,0.6,1.7,1.68,0.02,False
URBN,2016-01-31,0.62,1.81,1.78,0.03,False
URBN,2017-01-31,0.55,1.86,1.86,0.0,False
URBN,2018-01-31,0.01,0.96,0.96,0.0,False
URBN,2019-01-31,0.8,2.72,2.72,0.0,False
URBN,2020-01-31,0.2,1.68,1.67,0.01,False
URBN,2021-01-31,0.29,0.01,0.01,0.0,False
URBN,2022-01-31,0.41,3.12,3.13,0.01,False
URBN,2023-01-31,0.34,1.71,1.7,0.01,False
URBN,2024-01-31,0.5,3.04,3.05,0.01,False
URBN,2025-01-31,1.28,4.27,4.26,0.01,False
URBN,2026-01-31,1.05,5.07,5.06,0.01,False
USFD,2017-12-30,1.15,1.98,1.97,0.01,False
USFD,2018-12-29,0.46,1.87,1.87,0.0,False
USFD,2019-12-28,0.41,1.74,1.75,0.01,False
USFD,2021-01-02,-0.05,-1.1,-1.15,0.05,False
USFD,2022-01-01,0.3,0.56,0.54,0.02,False
USFD,2022-12-31,0.46,1.09,1.01,0.08,True
USFD,2023-12-30,0.59,2.02,2.02,0.0,False
USFD,2024-12-28,0.28,2.02,2.02,0.0,False
USFD,2025-12-27,0.82,2.94,2.94,0.0,False
USLM,2014-12-31,0.67,3.46,3.47,0.01,False
USLM,2015-12-31,0.41,2.3,2.3,0.0,False
USLM,2016-12-31,0.7,3.18,3.19,0.01,False
USLM,2017-12-31,2.07,4.85,4.86,0.01,False
USLM,2018-12-31,0.76,3.51,3.51,0.0,False
USLM,2019-12-31,0.89,4.63,4.64,0.01,False
USLM,2020-12-31,1.28,4.99,5.0,0.01,False
USLM,2021-12-31,1.34,6.53,6.54,0.01,False
USLM,2022-12-31,1.9,8.0,8.0,0.0,False
USLM,2023-12-31,2.98,13.06,13.06,0.0,False
USLM,2025-12-31,1.06,4.67,4.67,0.0,False
USPH,2014-12-31,0.41,1.63,1.62,0.01,False
USPH,2015-12-31,0.48,1.77,1.77,0.0,False
USPH,2019-12-31,0.62,3.14,2.45,0.69,True
USPH,2020-12-31,1.45,3.37,2.48,0.89,True
USPH,2021-12-31,0.79,2.48,2.41,0.07,False
USPH,2022-12-31,0.2,2.46,2.25,0.21,True
USPH,2023-12-31,0.04,1.77,1.28,0.49,True
USPH,2024-12-31,0.61,1.93,1.84,0.09,False
USPH,2025-12-31,0.27,2.13,1.42,0.71,True
UTHR,2014-12-31,2.17,6.17,6.28,0.11,False
UTHR,2015-12-31,2.1,12.89,12.72,0.17,False
UTHR,2016-12-31,2.43,15.16,15.25,0.09,False
UTHR,2017-12-31,0.43,9.34,9.31,0.03,False
UTHR,2018-12-31,1.46,13.43,13.39,0.04,False
UTHR,2019-12-31,1.21,-2.44,-2.39,0.05,False
UTHR,2020-12-31,2.18,11.55,11.54,0.01,False
UTHR,2021-12-31,2.34,10.02,10.06,0.04,False
UTHR,2022-12-31,2.67,15.02,15.0,0.02,False
UTHR,2023-12-31,4.34,19.82,19.81,0.01,False
UTHR,2024-12-31,6.23,24.64,24.64,0.0,False
UTHR,2025-12-31,7.69,27.89,27.86,0.03,False
UTI,2015-09-30,-0.41,-0.39,-0.38,0.01,False
UTI,2016-09-30,-0.37,-1.97,-2.02,0.05,False
UTI,2017-09-30,-0.08,-0.53,-0.54,0.01,False
UTI,2018-09-30,-0.49,-1.51,-1.51,0.0,False
UTI,2019-09-30,0.09,-0.6,-0.52,0.08,True
UTI,2020-09-30,0.09,-0.11,0.05,0.16,True
UTI,2021-09-30,0.32,0.25,0.17,0.08,True
UTI,2022-09-30,0.05,0.4,0.38,0.02,False
UTI,2023-09-30,0.1,0.11,0.13,0.02,False
UTI,2024-09-30,0.33,0.73,0.75,0.02,False
UTI,2025-09-30,0.34,1.14,1.13,0.01,False
UTL,2020-12-31,0.9,2.15,2.15,0.0,False
UTL,2021-12-31,0.91,2.35,2.35,0.0,False
UTL,2022-12-31,0.91,2.59,2.59,0.0,False
UTL,2023-12-31,0.96,2.81,2.82,0.01,False
UTL,2024-12-31,0.97,2.93,2.93,0.0,False
UTL,2025-12-31,1.06,2.98,2.97,0.01,False
UVV,2015-03-31,1.64,3.86,4.06,0.2,False
UVV,2016-03-31,1.79,3.77,3.92,0.15,False
UVV,2017-03-31,-1.64,0.78,0.88,0.1,True
UVV,2018-03-31,1.2,4.14,4.14,0.0,False
UVV,2019-03-31,1.24,4.11,4.11,0.0,False
UVV,2020-03-31,0.63,2.86,2.86,0.0,False
UVV,2021-03-31,1.58,3.51,3.53,0.02,False
UVV,2022-03-31,1.03,3.47,3.47,0.0,False
UVV,2023-03-31,2.15,4.97,4.97,0.0,False
UVV,2024-03-31,1.6,4.76,4.78,0.02,False
UVV,2025-03-31,0.37,3.78,3.78,0.0,False
UVV,2026-03-31,-1.72,1.3,1.3,0.0,False
VAC,2015-01-02,0.03,2.32,2.33,0.01,False
VAC,2016-01-01,1.07,3.82,3.82,0.0,False
VAC,2016-12-30,1.81,4.86,4.83,0.03,False
VAC,2017-12-31,3.95,8.21,8.18,0.03,False
VAC,2018-12-31,0.9,1.53,1.61,0.08,False
VAC,2019-12-31,1.71,3.11,3.09,0.02,False
VAC,2020-12-31,-0.9,-6.65,-6.65,0.0,False
VAC,2021-12-31,1.38,1.08,1.13,0.05,False
VAC,2022-12-31,2.07,8.8,8.77,0.03,False
VAC,2023-12-31,0.94,6.26,6.28,0.02,False
VAC,2024-12-31,1.31,5.63,5.61,0.02,False
VAC,2025-12-31,-21.19,-18.03,-8.84,9.19,True
VAL,2014-12-31,-14.91,-16.9,-16.88,0.02,False
VAL,2015-12-31,-10.65,-6.87,-6.88,0.01,False
VAL,2020-12-31,-0.36,-24.49,-24.42,0.07,False
VAL,2022-12-31,0.38,2.33,2.33,0.0,False
VAL,2023-12-31,11.17,11.56,11.51,0.05,False
VAL,2024-12-31,1.88,5.14,5.12,0.02,False
VAL,2025-12-31,10.21,13.94,13.86,0.08,False
VC,2014-12-31,-2.9,-6.33,-6.25,0.08,False
VC,2015-12-31,0.5,51.45,52.63,1.18,False
VC,2016-12-31,0.06,2.12,2.12,0.0,False
VC,2017-12-31,0.78,5.45,5.47,0.02,False
VC,2018-12-31,1.5,5.49,5.52,0.03,False
VC,2019-12-31,1.25,2.49,2.48,0.01,False
VC,2020-12-31,0.65,-2.01,-2.01,0.0,False
VC,2021-12-31,1.08,1.43,1.44,0.01,False
VC,2022-12-31,1.18,4.34,4.35,0.01,False
VC,2023-12-31,13.02,17.22,17.05,0.17,False
VC,2024-12-31,4.39,9.83,9.82,0.01,False
VC,2025-12-31,2.7,7.31,7.28,0.03,False
VCEL,2018-12-31,0.12,-0.23,-0.2,0.03,False
VCEL,2019-12-31,0.22,-0.23,-0.22,0.01,False
VCEL,2020-12-31,0.24,0.04,0.06,0.02,False
VCEL,2021-12-31,0.1,-0.16,-0.16,0.0,False
VCEL,2022-12-31,0.13,-0.35,-0.35,0.0,False
VCEL,2023-12-31,0.27,-0.08,-0.07,0.01,False
VCEL,2024-12-31,0.33,0.13,0.2,0.07,True
VCEL,2025-12-31,0.41,0.27,0.32,0.05,True
VCTR,2017-12-31,0.19,0.44,0.43,0.01,False
VCTR,2019-12-31,0.51,1.26,1.26,0.0,False
VCTR,2020-12-31,0.74,2.88,2.88,0.0,False
VCTR,2021-12-31,0.94,3.75,3.75,0.0,False
VCTR,2022-12-31,0.74,3.81,3.81,0.0,False
VCTR,2023-12-31,0.82,3.13,3.12,0.01,False
VCTR,2024-12-31,1.17,4.37,4.38,0.01,False
VCTR,2025-12-31,1.34,4.09,4.08,0.01,False
VCYT,2019-12-31,-0.15,-0.27,-0.27,0.0,False
VCYT,2020-12-31,-0.14,-0.68,-0.66,0.02,False
VCYT,2021-12-31,-0.15,-1.14,-1.11,0.03,False
VCYT,2022-12-31,-0.05,-0.5,-0.51,0.01,False
VCYT,2023-12-31,-0.39,-1.03,-1.02,0.01,False
VCYT,2024-12-31,0.06,0.3,0.31,0.01,False
VCYT,2025-12-31,0.49,0.81,0.82,0.01,False
VECO,2014-12-31,-1.47,-1.73,-1.7,0.03,False
VECO,2015-12-31,-0.25,-0.81,-0.8,0.01,False
VECO,2016-12-31,-0.12,-3.12,-3.11,0.01,False
VECO,2017-12-31,-0.12,-0.99,-1.01,0.02,False
VECO,2018-12-31,-3.06,-8.61,-8.63,0.02,False
VECO,2019-12-31,-0.68,-1.66,-1.66,0.0,False
VECO,2020-12-31,-0.0,-0.17,-0.17,0.0,False
VECO,2021-12-31,0.15,0.49,0.49,0.0,False
VECO,2022-12-31,1.82,2.51,2.71,0.2,True
VECO,2023-12-31,0.51,-0.51,-0.56,0.05,False
VECO,2024-12-31,0.26,1.24,1.23,0.01,False
VECO,2025-12-31,0.02,0.59,0.59,0.0,False
VFC,2015-01-03,0.28,2.39,2.38,0.01,False
VFC,2016-01-02,0.72,2.86,2.85,0.01,False
VFC,2016-12-31,0.67,2.59,2.54,0.05,False
VFC,2017-12-30,-0.24,1.5,1.52,0.02,False
VFC,2019-03-30,0.32,3.14,3.15,0.01,False
VFC,2020-03-28,-1.22,1.67,1.7,0.03,False
VFC,2021-04-03,0.23,1.04,1.04,0.0,False
VFC,2022-04-02,0.21,3.53,3.53,0.0,False
VFC,2023-04-01,-0.55,0.31,0.31,0.0,False
VFC,2024-03-30,-1.08,-2.5,-2.49,0.01,False
VFC,2025-03-29,-0.38,-0.49,-0.48,0.01,False
VFC,2026-03-28,-0.3,0.64,0.64,0.0,False
VIAV,2015-06-27,-0.17,-0.38,-0.38,0.0,False
VIAV,2016-07-02,-0.3,-0.43,-0.42,0.01,False
VIAV,2017-07-01,0.06,0.71,0.71,0.0,False
VIAV,2018-06-30,-0.13,-0.21,-0.2,0.01,False
VIAV,2019-06-29,0.05,0.02,0.02,0.0,False
VIAV,2020-06-27,0.12,0.13,0.12,0.01,False
VIAV,2021-07-03,-0.01,0.19,0.2,0.01,False
VIAV,2022-07-02,0.07,0.05,0.07,0.02,False
VIAV,2023-07-01,-0.0,0.11,0.11,0.0,False
VIAV,2024-06-29,-0.1,-0.12,-0.12,0.0,False
VIAV,2025-06-28,0.03,0.15,0.15,0.0,False
VIAV,2026-06-27,0.15,-0.13,-0.13,0.0,False
VICR,2014-12-31,0.0,-0.37,-0.36,0.01,False
VICR,2015-12-31,-0.04,0.13,0.13,0.0,False
VICR,2016-12-31,-0.07,-0.16,-0.16,0.0,False
VICR,2017-12-31,0.04,0.01,0.0,0.01,False
VICR,2018-12-31,0.17,0.78,0.78,0.0,False
VICR,2019-12-31,0.03,0.33,0.34,0.01,False
VICR,2020-12-31,0.24,0.39,0.41,0.02,False
VICR,2021-12-31,0.2,1.26,1.26,0.0,False
VICR,2022-12-31,0.18,0.57,0.57,0.0,False
VICR,2023-12-31,0.19,1.19,1.19,0.0,False
VICR,2024-12-31,0.22,0.12,0.14,0.02,False
VICR,2025-12-31,1.01,2.61,2.61,0.0,False
VIR,2019-12-31,-2.1,-13.53,-5.76,7.77,True
VIR,2020-12-31,-0.83,-2.48,-2.51,0.03,False
VIR,2021-12-31,3.8,3.76,3.96,0.2,True
VIR,2022-12-31,-0.74,3.83,3.83,0.0,False
VIR,2023-12-31,-0.86,-4.59,-4.59,0.0,False
VIR,2024-12-31,-0.76,-3.82,-3.83,0.01,False
VIR,2025-12-31,-0.31,-3.16,-3.16,0.0,False
VIRT,2016-12-31,0.18,0.83,0.83,0.0,False
VIRT,2017-12-31,0.12,0.06,0.03,0.03,False
VIRT,2018-12-31,0.74,2.92,2.78,0.14,True
VIRT,2019-12-31,-0.15,-0.53,-0.53,0.0,False
VIRT,2020-12-31,0.88,5.18,5.16,0.02,False
VIRT,2021-12-31,0.9,3.88,3.91,0.03,False
VIRT,2022-12-31,0.27,2.4,2.44,0.04,False
VIRT,2023-12-31,0.05,1.4,1.42,0.02,False
VIRT,2024-12-31,1.02,2.96,2.97,0.01,False
VIRT,2025-12-31,1.54,5.13,5.13,0.0,False
VLY,2014-12-31,0.11,0.57,0.56,0.01,False
VLY,2015-12-31,0.01,0.43,0.42,0.01,False
VLY,2016-12-31,0.19,0.64,0.63,0.01,False
VLY,2017-12-31,0.09,0.58,0.58,0.0,False
VLY,2018-12-31,0.22,0.75,0.75,0.0,False
VLY,2019-12-31,0.1,0.89,0.87,0.02,False
VLY,2020-12-31,0.25,0.94,0.93,0.01,False
VLY,2021-12-31,0.27,1.13,1.12,0.01,False
VLY,2022-12-31,0.34,1.13,1.14,0.01,False
VLY,2023-12-31,0.13,0.95,0.95,0.0,False
VLY,2024-12-31,0.2,0.69,0.69,0.0,False
VLY,2025-12-31,0.33,1.01,1.01,0.0,False
VMI,2014-12-27,1.66,7.04,7.09,0.05,False
VMI,2015-12-26,-1.33,1.66,1.71,0.05,False
VMI,2016-12-31,3.1,7.64,7.63,0.01,False
VMI,2017-12-30,-0.16,5.12,5.11,0.01,False
VMI,2018-12-29,0.8,4.18,4.2,0.02,False
VMI,2019-12-28,1.66,6.89,7.06,0.17,False
VMI,2020-12-26,1.68,6.57,6.57,0.0,False
VMI,2021-12-25,1.25,9.11,9.1,0.01,False
VMI,2022-12-31,1.86,11.63,11.62,0.01,False
VMI,2023-12-30,1.36,6.7,6.78,0.08,False
VMI,2024-12-28,3.84,17.18,17.19,0.01,False
VMI,2025-12-27,7.68,15.45,16.79,1.34,True
VNO,2014-12-31,2.71,4.14,4.15,0.01,False
VNO,2015-12-31,1.21,3.58,3.59,0.01,False
VNO,2016-12-31,3.39,4.29,4.34,0.05,False
VNO,2017-12-31,0.14,0.85,0.85,0.0,False
VNO,2018-12-31,0.52,2.01,2.01,0.0,False
VNO,2019-12-31,1.01,16.21,16.21,0.0,False
VNO,2020-12-31,-1.09,-1.81,-1.83,0.02,False
VNO,2021-12-31,0.06,0.53,0.53,0.0,False
VNO,2022-12-31,-2.58,-2.14,-2.13,0.01,False
VNO,2023-12-31,-0.33,0.22,0.23,0.01,False
VNO,2024-12-31,0.01,0.04,0.04,0.0,False
VNO,2025-12-31,0.0,4.19,4.2,0.01,False
VNT,2020-12-31,0.79,2.02,2.02,0.0,False
VNT,2021-12-31,0.66,2.43,2.43,0.0,False
VNT,2022-12-31,0.43,2.46,2.49,0.03,False
VNT,2023-12-31,0.68,2.41,2.42,0.01,False
VNT,2024-12-31,0.82,2.75,2.75,0.0,False
VNT,2025-12-31,0.85,2.76,2.76,0.0,False
VOYA,2015-12-31,-0.5,1.71,1.8,0.09,False
VOYA,2016-12-31,-2.79,-2.32,-1.61,0.71,True
VOYA,2017-12-31,-18.12,-17.16,-16.25,0.91,True
VOYA,2018-12-31,0.77,5.1,5.2,0.1,False
VOYA,2019-12-31,-5.44,-2.77,-2.58,0.19,True
VOYA,2020-12-31,1.92,-1.96,-1.84,0.12,True
VOYA,2021-12-31,3.37,16.34,16.61,0.27,False
VOYA,2022-12-31,1.78,4.41,4.3,0.11,False
VOYA,2023-12-31,1.1,5.43,5.42,0.01,False
VOYA,2024-12-31,0.95,6.13,6.17,0.04,False
VOYA,2025-12-31,1.41,6.29,6.29,0.0,False
VRRM,2019-12-31,0.06,0.21,0.21,0.0,False
VRRM,2020-12-31,-0.09,-0.13,-0.02,0.11,True
VRRM,2021-12-31,0.12,0.23,0.25,0.02,False
VRRM,2022-12-31,0.18,0.54,0.5,0.04,False
VRRM,2023-12-31,0.02,0.36,0.36,0.0,False
VRRM,2024-12-31,-0.4,0.18,0.19,0.01,False
VRRM,2025-12-31,0.12,0.85,0.85,0.0,False
VRT,2020-12-31,0.12,-1.24,-0.6,0.64,True
VRT,2021-12-31,0.06,0.33,0.33,0.0,False
VRT,2022-12-31,0.16,0.04,-0.04,0.08,True
VRT,2023-12-31,0.59,1.17,1.19,0.02,False
VRT,2024-12-31,0.37,1.27,1.28,0.01,False
VRT,2025-12-31,1.14,3.41,3.41,0.0,False
VRTS,2014-12-31,2.05,10.51,10.51,0.0,False
VRTS,2015-12-31,0.75,3.87,3.92,0.05,False
VRTS,2016-12-31,1.88,6.29,6.2,0.09,False
VRTS,2017-12-31,0.51,4.0,3.96,0.04,False
VRTS,2018-12-31,0.24,8.95,8.86,0.09,False
VRTS,2019-12-31,2.91,11.73,11.74,0.01,False
VRTS,2020-12-31,5.04,9.6,10.02,0.42,False
VRTS,2021-12-31,6.25,26.01,26.01,0.0,False
VRTS,2022-12-31,4.77,15.53,15.5,0.03,False
VRTS,2023-12-31,4.21,17.71,17.71,0.0,False
VRTS,2024-12-31,4.67,16.91,16.89,0.02,False
VRTS,2025-12-31,5.17,19.99,19.97,0.02,False
VSAT,2015-04-03,0.15,0.83,0.84,0.01,False
VSAT,2016-03-31,0.09,0.44,0.44,0.0,False
VSAT,2017-03-31,0.11,0.45,0.45,0.0,False
VSAT,2018-03-31,-0.34,-1.16,-1.15,0.01,False
VSAT,2019-03-31,0.04,-1.13,-1.13,0.0,False
VSAT,2020-03-31,0.03,-0.01,0.0,0.01,False
VSAT,2021-03-31,0.11,0.04,0.06,0.02,False
VSAT,2022-03-31,-0.41,-0.23,-0.21,0.02,False
VSAT,2023-03-31,15.53,14.05,14.29,0.24,False
VSAT,2024-03-31,-0.8,-8.78,-9.12,0.34,False
VSAT,2025-03-31,-1.89,-4.45,-4.48,0.03,False
VSAT,2026-03-31,0.45,-0.25,-0.25,0.0,False
VSEC,2014-12-31,0.77,3.6,3.61,0.01,False
VSEC,2015-12-31,1.43,4.62,4.62,0.0,False
VSEC,2017-12-31,1.59,3.59,3.6,0.01,False
VSEC,2018-12-31,0.84,3.21,3.21,0.0,False
VSEC,2019-12-31,0.9,3.34,3.35,0.01,False
VSEC,2020-12-31,0.55,-0.47,-0.47,0.0,False
VSEC,2021-12-31,0.48,0.64,0.63,0.01,False
VSEC,2022-12-31,0.38,2.19,2.19,0.0,False
VSEC,2023-12-31,0.73,2.75,2.76,0.01,False
VSEC,2024-12-31,0.64,0.7,0.85,0.15,True
VSEC,2025-12-31,0.6,0.51,0.55,0.04,False
VSH,2014-12-31,0.19,0.76,0.77,0.01,False
VSH,2015-12-31,-0.99,-0.81,-0.73,0.08,True
VSH,2016-12-31,-0.32,0.33,0.32,0.01,False
VSH,2017-12-31,-1.23,-0.22,-0.14,0.08,True
VSH,2018-12-31,0.69,2.24,2.24,0.0,False
VSH,2019-12-31,0.1,1.14,1.13,0.01,False
VSH,2020-12-31,0.26,0.85,0.85,0.0,False
VSH,2021-12-31,0.25,2.05,2.05,0.0,False
VSH,2022-12-31,0.51,2.98,2.98,0.0,False
VSH,2023-12-31,0.37,2.31,2.31,0.0,False
VSH,2024-12-31,-0.49,-0.24,-0.23,0.01,False
VSH,2025-12-31,0.01,-0.07,-0.07,0.0,False
VSTS,2024-09-27,-0.02,0.16,0.16,0.0,False
VSTS,2025-10-03,-0.1,-0.31,-0.31,0.0,False
VSXY,2022-01-29,2.73,7.22,7.18,0.04,False
VSXY,2023-01-28,2.11,4.16,4.14,0.02,False
VSXY,2024-02-03,2.21,1.28,1.39,0.11,True
VSXY,2025-02-01,2.22,1.86,2.05,0.19,True
VSXY,2026-01-31,2.04,1.76,1.93,0.17,True
VTOL,2014-12-31,0.16,0.85,0.84,0.01,False
VTOL,2015-12-31,-0.17,0.42,0.42,0.0,False
VTOL,2016-12-31,-0.27,-0.4,-0.39,0.01,False
VTOL,2017-12-31,2.95,-1.36,-1.36,0.0,False
VTOL,2018-12-31,-0.27,0.62,0.64,0.02,False
VTOL,2019-12-31,-0.03,-0.18,-0.17,0.01,False
VTOL,2022-03-31,-0.15,-0.55,-0.55,0.0,False
VTOL,2024-12-31,1.07,3.21,3.21,0.0,False
VTOL,2025-12-31,0.62,4.33,4.32,0.01,False
VVV,2017-09-30,0.52,1.49,1.49,0.0,False
VVV,2018-09-30,0.24,0.85,0.84,0.01,False
VVV,2019-09-30,0.14,1.09,1.1,0.01,False
VVV,2020-09-30,0.65,1.69,1.69,0.0,False
VVV,2021-09-30,0.93,2.3,2.29,0.01,False
VVV,2022-09-30,0.88,2.36,2.35,0.01,False
VVV,2023-09-30,0.35,8.3,8.73,0.43,False
VVV,2024-09-30,0.71,1.62,1.61,0.01,False
VVV,2025-09-30,0.19,1.63,1.64,0.01,False
VVX,2014-12-31,0.29,2.15,2.13,0.02,False
VVX,2015-12-31,0.55,2.86,2.86,0.0,False
VVX,2016-12-31,0.4,2.16,2.16,0.0,False
VVX,2017-12-31,3.68,5.28,5.31,0.03,False
VVX,2018-12-31,0.89,3.1,3.1,0.0,False
VVX,2019-12-31,0.9,2.98,2.99,0.01,False
VVX,2020-12-31,1.43,3.14,3.14,0.0,False
VVX,2021-12-31,0.63,3.87,3.86,0.01,False
VVX,2022-12-31,-0.35,0.21,-0.68,0.89,True
VVX,2023-12-31,-0.02,-0.74,-0.73,0.01,False
VVX,2024-12-31,0.77,1.07,1.08,0.01,False
VVX,2025-12-31,0.72,2.44,2.45,0.01,False
VYX,2014-12-31,0.19,1.12,1.12,0.0,False
VYX,2015-12-31,0.15,-1.08,-1.09,0.01,False
VYX,2016-12-31,0.35,1.68,1.71,0.03,False
VYX,2017-12-31,-0.46,0.84,0.97,0.13,True
VYX,2018-12-31,-0.51,-1.22,-1.16,0.06,True
VYX,2019-12-31,2.43,3.3,3.36,0.06,False
VYX,2020-12-31,-1.68,-0.92,-0.86,0.06,True
VYX,2021-12-31,0.39,0.54,0.58,0.04,False
VYX,2022-12-31,-0.14,0.3,0.31,0.01,False
VYX,2023-12-31,-2.4,-3.23,-3.12,0.11,False
VYX,2024-12-31,-0.1,6.47,6.52,0.05,False
VYX,2025-12-31,0.6,0.26,0.3,0.04,False
WABC,2014-12-31,0.58,2.32,2.32,0.0,False
WABC,2015-12-31,0.57,2.3,2.3,0.0,False
WABC,2016-12-31,0.56,2.3,2.29,0.01,False
WABC,2017-12-31,0.16,1.9,1.89,0.01,False
WABC,2018-12-31,0.71,2.67,2.67,0.0,False
WABC,2019-12-31,0.76,2.97,2.98,0.01,False
WABC,2020-12-31,0.89,2.98,2.98,0.0,False
WABC,2021-12-31,0.81,3.22,3.22,0.0,False
WABC,2022-12-31,1.46,4.53,4.54,0.01,False
WABC,2023-12-31,1.48,6.06,6.06,0.0,False
WABC,2024-12-31,1.19,5.2,5.2,0.0,False
WABC,2025-12-31,1.12,4.52,4.52,0.0,False
WAFD,2015-09-30,0.45,1.67,1.67,0.0,False
WAFD,2016-09-30,0.49,1.79,1.78,0.01,False
WAFD,2017-09-30,0.52,1.94,1.94,0.0,False
WAFD,2018-09-30,0.62,2.39,2.4,0.01,False
WAFD,2019-09-30,0.66,2.61,2.61,0.0,False
WAFD,2020-09-30,0.45,2.24,2.26,0.02,False
WAFD,2021-09-30,0.78,2.46,2.39,0.07,False
WAFD,2022-09-30,1.07,3.39,3.39,0.0,False
WAFD,2023-09-30,0.72,3.72,3.72,0.0,False
WAFD,2024-09-30,0.71,2.48,2.5,0.02,False
WAFD,2025-09-30,0.72,2.64,2.63,0.01,False
WAL,2014-12-31,0.46,1.67,1.67,0.0,False
WAL,2015-12-31,0.59,2.03,2.03,0.0,False
WAL,2016-12-31,0.67,2.51,2.5,0.01,False
WAL,2017-12-31,0.85,3.1,3.1,0.0,False
WAL,2018-12-31,1.13,4.13,4.14,0.01,False
WAL,2019-12-31,1.25,4.84,4.84,0.0,False
WAL,2020-12-31,1.93,5.05,5.04,0.01,False
WAL,2021-12-31,2.32,8.67,8.67,0.0,False
WAL,2022-12-31,2.68,9.71,9.7,0.01,False
WAL,2023-12-31,1.33,6.54,6.54,0.0,False
WAL,2024-12-31,1.95,7.1,7.09,0.01,False
WAL,2025-12-31,2.6,8.74,8.73,0.01,False
WAY,2024-12-31,0.11,-0.2,-0.13,0.07,True
WAY,2025-12-31,0.1,0.61,0.61,0.0,False
WCC,2014-12-31,1.41,5.19,5.18,0.01,False
WCC,2015-12-31,1.02,4.2,4.18,0.02,False
WCC,2016-12-31,0.96,2.02,2.1,0.08,False
WCC,2017-12-31,0.47,3.37,3.38,0.01,False
WCC,2018-12-31,1.26,4.82,4.82,0.0,False
WCC,2019-12-31,1.26,5.16,5.14,0.02,False
WCC,2020-12-31,0.11,1.4,1.51,0.11,True
WCC,2021-12-31,2.92,7.83,7.84,0.01,False
WCC,2022-12-31,3.88,15.32,15.33,0.01,False
WCC,2023-12-31,2.45,13.54,13.54,0.0,False
WCC,2024-12-31,3.03,13.07,13.05,0.02,False
WCC,2025-12-31,3.34,13.06,13.05,0.01,False
WD,2014-12-31,0.5,1.58,1.58,0.0,False
WD,2015-12-31,0.67,2.66,2.65,0.01,False
WD,2016-12-31,1.13,3.64,3.65,0.01,False
WD,2017-12-31,3.05,6.54,6.56,0.02,False
WD,2018-12-31,1.41,4.96,4.96,0.0,False
WD,2019-12-31,1.34,5.45,5.45,0.0,False
WD,2020-12-31,2.58,7.68,7.69,0.01,False
WD,2021-12-31,2.41,8.14,8.15,0.01,False
WD,2022-12-31,1.23,6.36,6.36,0.0,False
WD,2023-12-31,0.93,3.18,3.18,0.0,False
WD,2024-12-31,1.32,3.19,3.19,0.0,False
WD,2025-12-31,-0.41,1.64,1.64,0.0,False
WDFC,2015-08-31,0.8,3.04,3.04,0.0,False
WDFC,2016-08-31,0.99,3.64,3.64,0.0,False
WDFC,2017-08-31,1.02,3.73,3.72,0.01,False
WDFC,2018-08-31,1.55,4.65,4.64,0.01,False
WDFC,2019-08-31,0.62,4.01,4.02,0.01,False
WDFC,2020-08-31,1.43,4.41,4.4,0.01,False
WDFC,2021-08-31,0.61,5.09,5.09,0.0,False
WDFC,2022-08-31,1.08,4.9,4.9,0.0,False
WDFC,2023-08-31,1.21,4.82,4.83,0.01,False
WDFC,2024-08-31,1.23,5.11,5.11,0.0,False
WDFC,2025-08-31,1.56,6.68,6.69,0.01,False
WEN,2014-12-28,0.06,0.32,0.32,0.0,False
WEN,2016-01-03,0.31,0.52,0.49,0.03,False
WEN,2017-01-01,0.11,0.48,0.49,0.01,False
WEN,2017-12-31,0.62,0.76,0.77,0.01,False
WEN,2018-12-30,0.08,1.88,1.88,0.0,False
WEN,2019-12-29,0.11,0.59,0.58,0.01,False
WEN,2021-01-03,0.17,0.51,0.52,0.01,False
WEN,2022-01-02,0.24,0.89,0.89,0.0,False
WEN,2023-01-01,0.19,0.82,0.82,0.0,False
WEN,2023-12-31,0.23,0.98,0.97,0.01,False
WEN,2024-12-29,0.23,0.95,0.95,0.0,False
WEN,2025-12-28,0.14,0.85,0.85,0.0,False
WERN,2014-12-31,0.45,1.36,1.36,0.0,False
WERN,2015-12-31,0.5,1.7,1.71,0.01,False
WERN,2016-12-31,0.3,1.09,1.09,0.0,False
WERN,2017-12-31,1.94,2.79,2.8,0.01,False
WERN,2018-12-31,0.76,2.33,2.33,0.0,False
WERN,2019-12-31,0.69,2.38,2.38,0.0,False
WERN,2020-12-31,0.87,2.43,2.44,0.01,False
WERN,2021-12-31,1.14,3.82,3.82,0.0,False
WERN,2022-12-31,0.94,3.74,3.74,0.0,False
WERN,2023-12-31,0.37,1.76,1.76,0.0,False
WERN,2024-12-31,0.19,0.55,0.55,0.0,False
WERN,2025-12-31,-0.47,-0.25,-0.24,0.01,False
WEX,2014-12-31,1.23,5.18,5.18,0.0,False
WEX,2015-12-31,0.54,2.62,2.62,0.0,False
WEX,2016-12-31,0.12,1.49,1.48,0.01,False
WEX,2017-12-31,1.85,3.72,3.72,0.0,False
WEX,2018-12-31,0.52,3.91,3.86,0.05,False
WEX,2019-12-31,1.24,2.26,2.26,0.0,False
WEX,2020-12-31,-5.32,-5.52,-5.56,0.04,False
WEX,2021-12-31,-0.25,0.0,0.0,0.0,False
WEX,2022-12-31,2.0,4.47,4.5,0.03,False
WEX,2023-12-31,1.98,6.16,6.16,0.0,False
WEX,2024-12-31,1.6,7.5,7.5,0.0,False
WEX,2025-12-31,2.41,8.5,8.47,0.03,False
WFRD,2014-12-31,-0.61,-0.75,-0.75,0.0,False
WFRD,2015-12-31,-1.55,-2.55,-2.55,0.0,False
WFRD,2016-12-31,-0.59,-3.81,-3.82,0.01,False
WFRD,2020-12-31,-2.86,-27.45,-27.44,0.01,False
WFRD,2021-12-31,-2.3,-6.43,-6.43,0.0,False
WFRD,2022-12-31,0.99,0.32,0.36,0.04,False
WFRD,2023-12-31,1.87,5.62,5.66,0.04,False
WFRD,2024-12-31,1.51,6.73,6.75,0.02,False
WFRD,2025-12-31,1.91,5.93,5.93,0.0,False
WGO,2015-08-29,0.43,1.53,1.52,0.01,False
WGO,2016-08-27,0.49,1.69,1.68,0.01,False
WGO,2017-08-26,0.79,2.3,2.32,0.02,False
WGO,2018-08-25,0.93,3.21,3.22,0.01,False
WGO,2019-08-31,1.01,3.53,3.52,0.01,False
WGO,2020-08-29,1.25,1.83,1.84,0.01,False
WGO,2021-08-28,2.49,8.28,8.28,0.0,False
WGO,2022-08-27,2.68,11.84,11.84,0.0,False
WGO,2023-08-26,1.28,6.24,6.23,0.01,False
WGO,2024-08-31,-1.26,0.05,0.44,0.39,True
WGO,2025-08-30,0.49,0.91,0.91,0.0,False
WH,2018-12-31,0.44,1.63,1.62,0.01,False
WH,2019-12-31,0.68,1.64,1.62,0.02,False
WH,2020-12-31,-0.08,-1.42,-1.42,0.0,False
WH,2021-12-31,0.52,2.6,2.6,0.0,False
WH,2022-12-31,0.64,3.91,3.91,0.0,False
WH,2023-12-31,0.6,3.4,3.41,0.01,False
WH,2024-12-31,1.08,3.63,3.61,0.02,False
WH,2025-12-31,-0.79,2.48,2.5,0.02,False
WHD,2019-12-31,0.38,1.83,1.88,0.05,False
WHR,2014-12-31,1.02,8.17,8.17,0.0,False
WHR,2015-12-31,2.28,9.82,9.83,0.01,False
WHR,2016-12-31,2.34,11.51,11.5,0.01,False
WHR,2017-12-31,-3.7,4.55,4.7,0.15,False
WHR,2018-12-31,2.73,-2.25,-2.72,0.47,True
WHR,2019-12-31,4.51,18.43,18.45,0.02,False
WHR,2020-12-31,7.78,17.01,17.07,0.06,False
WHR,2021-12-31,4.82,28.29,28.36,0.07,False
WHR,2022-12-31,-29.76,-28.45,-27.18,1.27,False
WHR,2023-12-31,8.85,8.66,8.72,0.06,False
WHR,2024-12-31,-7.09,-5.85,-5.87,0.02,False
WHR,2025-12-31,1.91,5.65,5.66,0.01,False
WINA,2014-12-27,1.09,3.86,3.85,0.01,False
WINA,2015-12-26,1.31,4.71,4.69,0.02,False
WINA,2016-12-31,1.41,5.13,5.13,0.0,False
WINA,2017-12-30,1.86,5.7,5.66,0.04,False
WINA,2018-12-29,1.83,7.26,7.26,0.0,False
WINA,2019-12-28,2.08,7.84,7.84,0.0,False
WINA,2020-12-26,2.09,7.72,7.72,0.0,False
WINA,2021-12-25,3.09,10.49,10.48,0.01,False
WINA,2022-12-31,2.86,10.98,10.97,0.01,False
WINA,2023-12-30,2.64,11.03,11.04,0.01,False
WINA,2024-12-28,2.6,10.89,10.89,0.0,False
WINA,2025-12-27,2.69,11.31,11.3,0.01,False
WING,2015-12-26,0.13,0.36,0.36,0.0,False
WING,2016-12-31,0.15,0.53,0.53,0.0,False
WING,2017-12-30,0.35,0.92,0.93,0.01,False
WING,2018-12-29,0.08,0.73,0.73,0.0,False
WING,2019-12-28,0.1,0.69,0.69,0.0,False
WING,2020-12-26,-0.21,0.79,0.78,0.01,False
WING,2021-12-25,0.23,1.43,1.42,0.01,False
WING,2022-12-31,0.59,1.77,1.77,0.0,False
WING,2023-12-30,0.64,2.35,2.35,0.0,False
WING,2024-12-28,0.92,3.71,3.7,0.01,False
WING,2025-12-27,0.96,6.18,6.21,0.03,False
WKC,2014-12-31,0.94,3.11,3.11,0.0,False
WKC,2015-12-31,0.74,2.65,2.64,0.01,False
WKC,2016-12-31,0.03,1.82,1.81,0.01,False
WKC,2017-12-31,-2.91,-2.59,-2.5,0.09,False
WKC,2018-12-31,0.44,1.88,1.89,0.01,False
WKC,2019-12-31,0.86,2.69,2.69,0.0,False
WKC,2020-12-31,-0.05,1.71,1.71,0.0,False
WKC,2021-12-31,0.25,1.17,1.16,0.01,False
WKC,2022-12-31,0.33,1.81,1.82,0.01,False
WKC,2023-12-31,-0.57,0.85,0.86,0.01,False
WKC,2024-12-31,-1.74,1.09,1.13,0.04,False
WKC,2025-12-31,-5.09,-11.06,-10.99,0.07,False
WLK,2015-12-31,0.85,4.88,4.86,0.02,False
WLK,2016-12-31,0.76,3.06,3.06,0.0,False
WLK,2017-12-31,6.23,10.07,10.0,0.07,False
WLK,2018-12-31,0.95,7.62,7.62,0.0,False
WLK,2019-12-31,0.56,3.25,3.25,0.0,False
WLK,2020-12-31,0.88,2.57,2.56,0.01,False
WLK,2021-12-31,5.01,15.61,15.58,0.03,False
WLK,2022-12-31,1.81,17.34,17.34,0.0,False
WLK,2023-12-31,-3.86,3.7,3.7,0.0,False
WLK,2024-12-31,0.05,4.62,4.64,0.02,False
WLK,2025-12-31,-4.24,-11.72,-11.7,0.02,False
WLY,2015-04-30,0.79,2.97,2.97,0.0,False
WLY,2016-04-30,0.58,2.48,2.48,0.0,False
WLY,2017-04-30,0.79,1.94,1.95,0.01,False
WLY,2018-04-30,0.93,3.32,3.32,0.0,False
WLY,2019-04-30,1.1,2.92,2.91,0.01,False
WLY,2020-04-30,-2.89,-1.41,-1.32,0.09,True
WLY,2021-04-30,0.72,2.62,2.63,0.01,False
WLY,2022-04-30,0.76,2.62,2.62,0.0,False
WLY,2023-04-30,1.18,0.25,0.31,0.06,True
WLY,2024-04-30,0.46,-3.64,-3.65,0.01,False
WLY,2025-04-30,1.21,1.49,1.53,0.04,False
WLY,2026-04-30,2.56,4.18,4.16,0.02,False
WMS,2016-03-31,-0.2,0.38,0.27,0.11,True
WMS,2017-03-31,-0.34,0.47,0.5,0.03,False
WMS,2018-03-31,-0.09,0.99,0.99,0.0,False
WMS,2019-03-31,0.02,1.23,1.22,0.01,False
WMS,2020-03-31,0.01,-3.67,-3.21,0.46,True
WMS,2021-03-31,0.22,2.6,2.59,0.01,False
WMS,2022-03-31,0.54,3.15,3.15,0.0,False
WMS,2023-03-31,1.05,6.06,6.08,0.02,False
WMS,2024-03-31,1.21,6.44,6.45,0.01,False
WMS,2025-03-31,0.99,5.76,5.76,0.0,False
WMS,2026-03-31,0.42,5.44,5.44,0.0,False
WMT,2015-01-31,1.53,5.05,5.05,0.0,False
WMT,2016-01-31,1.44,4.58,4.57,0.01,False
WMT,2017-01-31,1.22,4.39,4.38,0.01,False
WMT,2018-01-31,0.73,3.27,3.28,0.01,False
WMT,2019-01-31,1.26,2.27,2.26,0.01,False
WMT,2020-01-31,1.45,5.19,5.19,0.0,False
WMT,2021-01-31,-0.74,4.73,4.75,0.02,False
WMT,2022-01-31,1.28,4.88,4.87,0.01,False
WMT,2023-01-31,2.31,4.27,4.27,0.0,False
WMT,2024-01-31,0.68,4.39,1.91,2.48,True
WMT,2026-01-31,0.53,2.74,2.73,0.01,False
WOR,2015-05-31,0.42,1.09,1.12,0.03,False
WOR,2016-05-31,0.9,2.2,2.22,0.02,False
WOR,2017-05-31,0.86,3.15,3.15,0.0,False
WOR,2018-05-31,0.5,3.09,3.09,0.0,False
WOR,2019-05-31,0.66,2.6,2.61,0.01,False
WOR,2020-05-31,0.29,1.4,1.41,0.01,False
WOR,2021-05-31,2.08,13.17,13.42,0.25,False
WOR,2022-05-31,1.6,7.41,7.44,0.03,False
WOR,2023-05-31,2.63,5.2,5.19,0.01,False
WOR,2024-05-31,-0.62,2.24,2.2,0.04,False
WOR,2025-05-31,0.08,1.91,1.92,0.01,False
WOR,2026-05-31,0.97,3.14,3.14,0.0,False
WPC,2014-12-31,0.31,2.49,2.39,0.1,False
WPC,2015-12-31,0.47,1.6,1.61,0.01,False
WPC,2016-12-31,0.44,2.49,2.49,0.0,False
WRBY,2022-12-31,-0.17,-0.96,-0.96,0.0,False
WRBY,2023-12-31,-0.16,-0.54,-0.54,0.0,False
WRBY,2024-12-31,-0.06,-0.17,-0.17,0.0,False
WRBY,2025-12-31,-0.05,0.02,0.01,0.01,False
WRLD,2015-03-31,5.7,12.33,11.9,0.43,False
WRLD,2016-03-31,3.42,10.05,10.05,0.0,False
WRLD,2017-03-31,3.64,8.39,8.38,0.01,False
WRLD,2018-03-31,3.18,5.95,5.99,0.04,False
WRLD,2019-03-31,4.22,4.13,4.05,0.08,False
WRLD,2020-03-31,3.18,3.85,3.54,0.31,True
WRLD,2021-03-31,6.95,13.4,13.23,0.17,False
WRLD,2022-03-31,2.97,8.49,8.47,0.02,False
WRLD,2023-03-31,4.09,3.3,3.6,0.3,True
WRLD,2024-03-31,6.09,13.26,13.19,0.07,False
WRLD,2025-03-31,8.13,16.36,16.3,0.06,False
WRLD,2026-03-31,7.11,6.95,6.88,0.07,False
WS,2025-05-31,1.1,2.18,2.19,0.01,False
WS,2026-05-31,-1.13,0.16,0.17,0.01,False
WSBC,2014-12-31,0.56,2.38,2.39,0.01,False
WSBC,2015-12-31,0.6,2.14,2.15,0.01,False
WSBC,2016-12-31,0.55,2.17,2.16,0.01,False
WSBC,2017-12-31,0.36,2.15,2.14,0.01,False
WSBC,2018-12-31,0.8,2.91,2.92,0.01,False
WSBC,2019-12-31,0.6,2.84,2.83,0.01,False
WSBC,2020-12-31,0.75,1.78,1.77,0.01,False
WSBC,2021-12-31,0.82,3.52,3.53,0.01,False
WSBC,2022-12-31,0.84,3.04,3.02,0.02,False
WSBC,2023-12-31,0.55,2.51,2.51,0.0,False
WSBC,2024-12-31,0.71,2.25,2.26,0.01,False
WSBC,2025-12-31,0.82,2.08,2.23,0.15,True
WSC,2016-12-31,0.0,0.01,0.01,0.0,False
WSC,2018-12-31,-0.1,-0.55,-0.59,0.04,False
WSC,2019-12-31,0.08,-0.1,-0.1,0.0,False
WSC,2020-12-31,-0.1,-0.32,0.41,0.73,True
WSC,2021-12-31,0.33,0.69,0.69,0.0,False
WSC,2022-12-31,0.41,1.54,1.53,0.01,False
WSC,2023-12-31,0.44,2.33,2.36,0.03,False
WSC,2024-12-31,0.47,0.14,0.15,0.01,False
WSC,2025-12-31,-1.05,-0.32,-0.29,0.03,False
WSFS,2014-12-31,1.32,5.79,5.78,0.01,False
WSFS,2016-12-31,0.55,2.06,2.06,0.0,False
WSFS,2017-12-31,-0.3,1.57,1.56,0.01,False
WSFS,2018-12-31,0.93,4.18,4.19,0.01,False
WSFS,2019-12-31,0.87,2.9,3.0,0.1,False
WSFS,2020-12-31,1.2,2.28,2.27,0.01,False
WSFS,2021-12-31,1.18,5.69,5.69,0.0,False
WSFS,2022-12-31,1.36,3.52,3.49,0.03,False
WSFS,2023-12-31,1.05,4.4,4.4,0.0,False
WSFS,2024-12-31,1.09,4.42,4.41,0.01,False
WSFS,2025-12-31,1.34,5.1,5.09,0.01,False
WSO,2014-12-31,0.69,4.33,4.32,0.01,False
WSO,2015-12-31,0.75,4.89,4.9,0.01,False
WSO,2016-12-31,0.83,5.14,5.15,0.01,False
WSO,2017-12-31,1.19,5.79,5.81,0.02,False
WSO,2018-12-31,1.06,6.46,6.49,0.03,False
WSO,2019-12-31,0.98,6.46,6.5,0.04,False
WSO,2020-12-31,1.19,6.93,7.01,0.08,False
WSO,2021-12-31,2.23,10.95,10.78,0.17,False
WSO,2025-12-31,1.89,12.32,12.25,0.07,False
WT,2014-12-31,0.07,0.45,0.44,0.01,False
WT,2015-12-31,0.14,0.58,0.58,0.0,False
WT,2016-12-31,0.02,0.2,0.19,0.01,False
WT,2017-12-31,0.0,0.2,0.2,0.0,False
WT,2018-12-31,-0.07,0.23,0.23,0.0,False
WT,2019-12-31,-0.17,-0.09,-0.08,0.01,False
WT,2020-12-31,-0.1,-0.26,-0.25,0.01,False
WT,2021-12-31,0.07,0.31,0.31,0.0,False
WT,2022-12-31,-0.16,0.31,0.31,0.0,False
WT,2023-12-31,0.11,0.6,0.64,0.04,False
WT,2024-12-31,0.16,0.29,0.33,0.04,False
WT,2025-12-31,0.29,0.76,0.75,0.01,False
WTFC,2014-12-31,0.75,2.98,2.98,0.0,False
WTFC,2015-12-31,0.68,2.98,2.93,0.05,False
WTFC,2016-12-31,0.91,3.63,3.66,0.03,False
WTFC,2017-12-31,1.17,4.4,4.4,0.0,False
WTFC,2018-12-31,1.35,5.85,5.86,0.01,False
WTFC,2019-12-31,1.44,6.03,6.03,0.0,False
WTFC,2020-12-31,1.63,4.68,4.68,0.0,False
WTFC,2021-12-31,1.58,7.59,7.58,0.01,False
WTFC,2022-12-31,2.23,8.0,8.02,0.02,False
WTFC,2023-12-31,1.87,9.58,9.58,0.0,False
WTFC,2024-12-31,2.64,10.32,10.31,0.01,False
WTFC,2025-12-31,3.15,11.4,11.4,0.0,False
WTRG,2014-12-31,0.38,1.31,1.31,0.0,False
WTRG,2015-12-31,0.16,1.13,1.14,0.01,False
WTRG,2016-12-31,0.28,1.31,1.32,0.01,False
WTRG,2017-12-31,0.3,1.35,1.35,0.0,False
WTRG,2018-12-31,-0.02,1.08,1.08,0.0,False
WTRG,2019-12-31,0.28,1.0,1.04,0.04,False
WTRG,2020-12-31,0.4,1.11,1.12,0.01,False
WTRG,2021-12-31,0.44,1.67,1.67,0.0,False
WTRG,2022-12-31,0.44,1.77,1.77,0.0,False
WTRG,2023-12-31,0.49,1.85,1.86,0.01,False
WTRG,2024-12-31,0.67,2.17,2.17,0.0,False
WTRG,2025-12-31,0.47,2.21,2.2,0.01,False
WTS,2014-12-31,-0.22,1.42,1.42,0.0,False
WTS,2015-12-31,-3.44,-3.29,-3.24,0.05,False
WTS,2016-12-31,0.51,2.44,2.44,0.0,False
WTS,2017-12-31,-0.07,2.12,2.12,0.0,False
WTS,2018-12-31,0.95,3.74,3.73,0.01,False
WTS,2019-12-31,0.93,3.84,3.85,0.01,False
WTS,2020-12-31,0.86,3.36,3.36,0.0,False
WTS,2021-12-31,1.18,4.89,4.88,0.01,False
WTS,2022-12-31,2.05,7.48,7.48,0.0,False
WTS,2023-12-31,1.67,7.82,7.82,0.0,False
WTS,2024-12-31,2.02,8.69,8.69,0.0,False
WTS,2025-12-31,2.5,10.17,10.17,0.0,False
WU,2014-12-31,0.42,1.59,1.59,0.0,False
WU,2015-12-31,0.42,1.62,1.62,0.0,False
WU,2016-12-31,-0.73,0.5,0.51,0.01,False
WU,2017-12-31,-2.49,-1.3,-1.19,0.11,True
WU,2018-12-31,0.48,1.87,1.87,0.0,False
WU,2019-12-31,0.32,2.45,2.46,0.01,False
WU,2020-12-31,0.43,1.79,1.79,0.0,False
WU,2021-12-31,0.42,1.97,1.97,0.0,False
WU,2022-12-31,0.65,2.34,2.34,0.0,False
WU,2023-12-31,0.35,1.68,1.68,0.0,False
WU,2024-12-31,1.14,2.74,2.74,0.0,False
WU,2025-12-31,0.36,1.52,1.52,0.0,False
WWD,2015-09-30,0.77,2.75,2.75,0.0,False
WWD,2016-09-30,0.99,2.85,2.85,0.0,False
WWD,2017-09-30,0.98,3.16,3.16,0.0,False
WWD,2018-09-30,1.16,2.82,2.82,0.0,False
WWD,2019-09-30,1.03,4.02,4.02,0.0,False
WWD,2020-09-30,0.89,3.74,3.74,0.0,False
WWD,2021-09-30,0.76,3.18,3.18,0.0,False
WWD,2022-09-30,0.88,2.73,2.71,0.02,False
WWD,2023-09-30,1.33,3.77,3.78,0.01,False
WWD,2024-09-30,1.35,6.0,6.01,0.01,False
WWD,2025-09-30,2.22,7.18,7.19,0.01,False
WWW,2015-01-03,0.1,1.3,1.3,0.0,False
WWW,2016-01-02,0.11,1.18,1.2,0.02,False
WWW,2016-12-31,-0.02,0.89,0.89,0.0,False
WWW,2017-12-30,-0.64,-0.02,0.0,0.02,False
WWW,2018-12-29,0.42,2.07,2.05,0.02,False
WWW,2019-12-28,-0.01,1.44,1.44,0.0,False
WWW,2021-01-02,-2.14,-1.73,-1.7,0.03,False
WWW,2022-01-01,-0.17,0.81,0.81,0.0,False
WWW,2022-12-31,-4.59,-2.46,-2.37,0.09,False
WWW,2023-12-30,-1.14,-0.5,-0.51,0.01,False
WWW,2024-12-28,0.3,0.56,0.58,0.02,False
WWW,2026-01-03,0.38,1.15,1.14,0.01,False
XHR,2018-12-31,0.89,1.75,1.75,0.0,False
XHR,2019-12-31,0.13,0.48,0.49,0.01,False
XHR,2020-12-31,0.21,-1.45,-1.44,0.01,False
XHR,2021-12-31,-0.2,-1.26,-1.26,0.0,False
XHR,2022-12-31,0.31,0.49,0.49,0.0,False
XHR,2023-12-31,0.07,0.17,0.17,0.0,False
XHR,2024-12-31,-0.01,0.15,0.15,0.0,False
XHR,2025-12-31,0.06,0.63,0.64,0.01,False
XNCR,2014-12-31,-0.04,-0.52,-0.52,0.0,False
XNCR,2015-12-31,0.19,-0.47,-0.45,0.02,False
XNCR,2016-12-31,-0.2,0.57,0.56,0.01,False
XNCR,2017-12-31,-0.25,-1.04,-1.05,0.01,False
XNCR,2018-12-31,-0.34,-1.37,-1.31,0.06,False
XNCR,2019-12-31,-0.43,0.49,0.46,0.03,False
XNCR,2020-12-31,-0.24,-1.21,-1.21,0.0,False
XNCR,2021-12-31,1.12,1.26,1.37,0.11,True
XNCR,2022-12-31,-0.21,-0.94,-0.93,0.01,False
XNCR,2023-12-31,-0.31,-2.1,-2.08,0.02,False
XNCR,2024-12-31,-0.62,-3.62,-3.58,0.04,False
XNCR,2025-12-31,-0.09,-1.24,-1.24,0.0,False
XPEL,2019-12-31,0.17,0.51,0.51,0.0,False
XPEL,2020-12-31,0.22,0.66,0.66,0.0,False
XPEL,2021-12-31,0.22,1.14,1.14,0.0,False
XPEL,2022-12-31,0.3,1.49,1.5,0.01,False
XPEL,2023-12-31,0.43,1.9,1.91,0.01,False
XPEL,2024-12-31,0.32,1.64,1.65,0.01,False
XPEL,2025-12-31,0.48,1.85,1.85,0.0,False
XPO,2014-12-31,-0.78,-1.99,-2.0,0.01,False
XPO,2015-12-31,-0.57,-2.6,-2.65,0.05,False
XPO,2016-12-31,0.21,0.46,0.53,0.07,True
XPO,2017-12-31,1.42,2.4,2.45,0.05,False
XPO,2018-12-31,0.62,2.89,2.88,0.01,False
XPO,2019-12-31,0.94,3.64,3.57,0.07,False
XPO,2020-12-31,0.86,0.44,0.78,0.34,True
XPO,2021-12-31,1.06,2.97,2.93,0.04,False
XPO,2022-12-31,-0.81,5.76,5.76,0.0,False
XPO,2023-12-31,0.49,1.61,1.6,0.01,False
XPO,2024-12-31,0.62,3.22,3.23,0.01,False
XPO,2025-12-31,0.5,2.65,2.64,0.01,False
XRAY,2015-12-31,0.41,1.76,1.76,0.0,False
XRAY,2016-12-31,0.46,1.99,1.94,0.05,False
XRAY,2017-12-31,-2.94,-6.87,-6.76,0.11,False
XRAY,2018-12-31,0.01,-4.49,-4.51,0.02,False
XRAY,2019-12-31,0.46,1.17,1.17,0.0,False
XRAY,2020-12-31,0.45,-0.37,-0.38,0.01,False
XRAY,2021-12-31,0.59,1.91,1.91,0.0,False
XRAY,2022-12-31,-0.07,-4.42,-4.41,0.01,False
XRAY,2023-12-31,0.32,-0.62,-0.62,0.0,False
XRAY,2024-12-31,-2.18,-4.57,-4.48,0.09,False
XRAY,2025-12-31,-0.73,-2.99,-3.0,0.01,False
YELP,2014-12-31,0.4,0.45,0.48,0.03,False
YELP,2015-12-31,-0.29,-0.44,-0.44,0.0,False
YELP,2016-12-31,0.12,-0.05,-0.06,0.01,False
YELP,2017-12-31,1.47,1.59,1.75,0.16,True
YELP,2018-12-31,0.34,0.6,0.62,0.02,False
YELP,2019-12-31,0.23,0.55,0.52,0.03,False
YELP,2020-12-31,0.28,-0.28,-0.27,0.01,False
YELP,2021-12-31,0.28,0.48,0.5,0.02,False
YELP,2022-12-31,0.26,0.49,0.5,0.01,False
YELP,2023-12-31,0.34,1.32,1.35,0.03,False
YELP,2024-12-31,0.6,1.9,1.88,0.02,False
YELP,2025-12-31,0.6,2.24,2.24,0.0,False
YETI,2018-12-29,0.29,0.69,0.69,0.0,False
YETI,2019-12-28,0.05,0.59,0.58,0.01,False
YETI,2021-01-02,0.71,1.77,1.77,0.0,False
YETI,2022-01-01,0.82,2.4,2.4,0.0,False
YETI,2022-12-31,-0.32,1.02,1.03,0.01,False
YETI,2023-12-30,0.9,1.95,1.94,0.01,False
YETI,2024-12-28,0.63,2.06,2.05,0.01,False
YETI,2026-01-03,0.75,2.04,2.03,0.01,False
ZD,2014-12-31,0.67,2.6,2.58,0.02,False
ZD,2015-12-31,0.73,2.75,2.73,0.02,False
ZD,2016-12-31,0.9,3.14,3.13,0.01,False
ZD,2017-12-31,1.03,2.84,2.83,0.01,False
ZD,2018-12-31,1.04,2.6,2.59,0.01,False
ZD,2019-12-31,2.49,4.43,4.39,0.04,False
ZD,2020-12-31,1.23,3.21,3.18,0.03,False
ZD,2021-12-31,7.42,10.3,10.37,0.07,False
ZD,2022-12-31,1.61,1.52,1.36,0.16,True
ZD,2023-12-31,1.38,0.91,0.89,0.02,False
ZD,2024-12-31,1.71,1.6,1.42,0.18,True
ZD,2025-12-31,0.01,1.1,1.15,0.05,False
ZION,2014-12-31,0.31,1.68,1.68,0.0,False
ZION,2015-12-31,0.42,1.19,1.2,0.01,False
ZION,2016-12-31,0.61,2.0,1.99,0.01,False
ZION,2017-12-31,0.54,2.6,2.6,0.0,False
ZION,2018-12-31,1.07,4.09,4.08,0.01,False
ZION,2019-12-31,0.95,4.15,4.16,0.01,False
ZION,2020-12-31,1.69,3.08,3.02,0.06,False
ZION,2021-12-31,1.34,6.77,6.79,0.02,False
ZION,2022-12-31,1.84,5.8,5.79,0.01,False
ZION,2023-12-31,0.78,4.35,4.35,0.0,False
ZION,2024-12-31,1.34,4.95,4.95,0.0,False
ZION,2025-12-31,1.76,6.0,6.01,0.01,False
ZWS,2015-03-31,0.31,0.81,0.8,0.01,False
ZWS,2016-03-31,-0.0,0.66,0.66,0.0,False
ZWS,2017-03-31,0.2,0.64,0.64,0.0,False
ZWS,2018-03-31,-0.65,0.45,0.5,0.05,False
ZWS,2019-03-31,0.34,0.19,0.28,0.09,True
ZWS,2020-03-31,0.23,1.46,1.45,0.01,False
ZWS,2022-12-31,0.08,0.49,0.4,0.09,True
ZWS,2023-12-31,0.08,0.65,0.64,0.01,False
ZWS,2024-12-31,0.21,0.92,0.92,0.0,False
ZWS,2025-12-31,0.24,1.15,1.15,0.0,False
